Engine_CC,Mileage,Horsepower,Age,Brand,Fuel_Type,Transmission,Condition,Price
1660,25.1,117,16,Suzuki,Petrol,Automatic,10.0,772165
2094,9.0,244,15,Honda,Diesel,Manual,6.0,950518
1930,24.7,121,16,BMW,Petrol,Manual,4.0,922981
1895,24.9,225,11,Tata,Petrol,Manual,4.0,422660
2438,13.7,230,6,Honda,Petrol,Automatic,6.0,1118449
2969,17.3,122,11,Honda,Diesel,Manual,9.0,1087895
1266,16.8,206,3,Toyota,Petrol,Automatic,,1145000
2038,12.4,220,15,Kia,Diesel,Manual,4.0,761139
1130,15.9,200,1,Toyota,Petrol,Manual,10.0,1067872
2282,8.9,156,7,Tata,CNG,Manual,5.0,459252
2935,13.6,280,1,BMW,Diesel,Manual,7.0,1977369
930,24.3,102,17,Audi,Diesel,Automatic,8.0,956967
2485,13.7,167,9,Honda,Diesel,Manual,10.0,1210114
1569,24.4,325,13,Suzuki,Diesel,Automatic,6.0,763871
3191,18.6,154,11,BMW,Diesel,Automatic,7.0,1811100
2315,25.6,321,20,Honda,Petrol,Manual,8.0,920491
3233,19.5,130,6,Audi,Petrol,Automatic,5.0,1436584
2015,8.6,278,1,Kia,Diesel,Manual,9.0,1290400
1755,21.5,80,7,Suzuki,Petrol,Manual,6.0,415194
3124,8.9,151,12,Honda,Petrol,Manual,9.0,655476
1984,17.0,186,20,Hyundai,Petrol,Manual,10.0,639259
1259,26.6,139,19,Tata,Petrol,Manual,4.0,609099
821,11.3,297,17,BMW,Diesel,Automatic,9.0,1418806
3100,15.8,241,4,Tata,Petrol,Manual,,1030268
1547,22.6,84,3,Toyota,CNG,Manual,10.0,724492
1274,25.6,215,1,Honda,CNG,Manual,8.0,790736
1882,21.4,64,18,Suzuki,CNG,Manual,7.0,200000
3358,13.2,179,15,Suzuki,Petrol,Automatic,5.0,430676
2847,21.5,336,8,BMW,Petrol,Automatic,8.0,2034629
1775,13.9,77,1,BMW,CNG,Manual,,1365955
2606,22.4,257,20,Tata,CNG,Automatic,9.0,755745
989,27.1,116,14,Suzuki,Diesel,Manual,5.0,506300
1362,22.4,152,4,Suzuki,Petrol,Manual,9.0,888113
2699,25.3,78,5,Suzuki,Petrol,Manual,5.0,704182
2067,8.0,252,13,Honda,Diesel,Manual,6.0,866646
2328,22.4,296,15,Suzuki,Petrol,Automatic,8.0,673094
1446,24.6,336,6,Toyota,Diesel,Manual,6.0,1258046
2868,8.8,286,1,Suzuki,Diesel,Manual,7.0,1091316
3014,25.4,292,19,Toyota,Diesel,Manual,7.0,786021
2097,13.1,99,13,Honda,Petrol,Manual,4.0,443358
3235,21.3,212,6,BMW,Petrol,Manual,4.0,1747029
1400,24.0,186,15,Kia,CNG,Manual,4.0,284303
3163,21.3,296,16,Toyota,Diesel,Automatic,10.0,1523064
2861,9.8,114,16,Honda,Diesel,Automatic,7.0,544658
1041,19.9,231,10,Kia,Diesel,Manual,5.0,850036
2841,19.0,168,9,Kia,Diesel,Automatic,9.0,1135406
3412,26.0,243,9,Suzuki,Diesel,Manual,10.0,992780
2163,16.1,257,17,Honda,Petrol,Manual,5.0,699457
2939,14.4,146,17,Kia,Petrol,Manual,8.0,979889
2190,23.0,260,17,Suzuki,Petrol,Manual,,712028
2278,16.3,334,12,Tata,Petrol,Automatic,9.0,805609
3356,20.9,270,13,Honda,Petrol,Manual,9.0,802774
1575,20.9,177,12,Kia,Petrol,Automatic,9.0,773117
834,25.8,250,14,BMW,Diesel,Manual,4.0,962475
3053,20.0,101,10,Toyota,Petrol,Manual,9.0,647795
2755,18.0,101,19,Tata,Petrol,Automatic,9.0,676032
2385,10.8,335,2,BMW,Petrol,Manual,7.0,1691949
1821,10.3,76,4,Hyundai,Diesel,Manual,5.0,744254
3413,11.1,342,19,Suzuki,Petrol,Manual,10.0,938337
1929,11.4,317,7,Kia,Petrol,Manual,10.0,1127271
2300,20.8,122,15,Toyota,Petrol,Automatic,5.0,853841
1502,22.8,121,15,BMW,Diesel,Manual,6.0,861271
3249,18.6,159,6,Toyota,CNG,Manual,6.0,913449
2379,24.6,78,3,Hyundai,CNG,Automatic,8.0,856674
961,27.8,76,6,Audi,Petrol,Manual,7.0,720254
1001,24.4,305,16,Suzuki,Diesel,Manual,,634845
2781,21.9,310,2,Suzuki,Petrol,Manual,6.0,1169293
1795,18.6,140,7,Honda,Petrol,Manual,7.0,789278
3117,17.0,98,11,Kia,Petrol,Manual,5.0,468812
1615,9.7,95,7,Suzuki,Petrol,Manual,8.0,588595
1255,16.0,256,4,Suzuki,Diesel,Automatic,8.0,701874
2075,26.2,217,20,BMW,Petrol,Manual,8.0,1206840
1816,24.2,263,7,Tata,Petrol,Manual,6.0,800938
3143,12.3,255,4,Suzuki,Petrol,Manual,,859972
1137,17.3,275,12,Suzuki,Petrol,Manual,8.0,541436
1678,24.3,344,5,Kia,Diesel,Automatic,7.0,1054053
1876,9.3,255,19,Hyundai,Diesel,Manual,8.0,727124
1591,15.7,211,5,Tata,Diesel,Manual,10.0,726298
3064,25.0,73,19,Hyundai,Petrol,Manual,4.0,356296
1563,16.1,205,3,Kia,Petrol,Manual,5.0,898314
3035,9.6,116,11,Toyota,Petrol,Manual,4.0,708009
1179,18.9,270,7,Toyota,CNG,Manual,5.0,690366
1292,25.2,327,17,Suzuki,CNG,Manual,,543404
1980,19.8,269,9,Suzuki,Diesel,Manual,,817434
2862,12.5,76,9,Honda,Petrol,Manual,,665715
864,15.7,345,10,Toyota,Petrol,Manual,6.0,486536
3368,17.0,262,13,BMW,Petrol,Manual,6.0,1458364
2167,19.6,158,15,Suzuki,Diesel,Automatic,9.0,811495
1952,23.2,338,5,BMW,Diesel,Manual,5.0,1567946
2827,10.0,268,3,Suzuki,Diesel,Automatic,8.0,1076882
3495,25.8,188,8,Kia,Diesel,Manual,4.0,1249584
2295,8.2,347,20,BMW,Petrol,Automatic,7.0,1209239
1962,15.4,311,10,Audi,Petrol,Manual,8.0,1273162
2322,8.5,324,13,BMW,Petrol,Manual,6.0,1702152
3440,15.9,330,3,Tata,Petrol,Manual,8.0,1050517
1191,18.5,247,8,Toyota,Petrol,Manual,9.0,686399
2498,18.2,273,9,Suzuki,Diesel,Manual,9.0,1049544
1218,11.3,342,12,Toyota,Diesel,Manual,10.0,931647
3136,20.9,270,11,Tata,Petrol,Manual,10.0,846330
1178,8.9,135,2,Tata,Petrol,Manual,4.0,621569
2596,23.2,207,18,BMW,Petrol,Manual,6.0,1061419
3078,26.9,272,9,Hyundai,Diesel,Manual,5.0,849350
2888,14.8,168,2,Hyundai,Petrol,Manual,7.0,941148
2982,18.3,188,2,Tata,Petrol,Manual,9.0,777535
1000,15.6,69,3,Hyundai,Diesel,Manual,7.0,684670
2663,8.1,106,16,Suzuki,Petrol,Manual,6.0,601539
1579,15.7,155,19,Honda,Petrol,Manual,5.0,645033
1302,23.8,162,4,Audi,Diesel,Manual,10.0,1558486
3254,19.9,205,18,BMW,Diesel,Automatic,9.0,1723237
2551,10.0,86,20,Honda,Diesel,Manual,4.0,680745
1604,24.9,279,18,Hyundai,Petrol,Automatic,7.0,801071
2946,18.6,77,10,BMW,Petrol,Manual,6.0,1317848
2695,24.8,226,11,Honda,Diesel,Automatic,7.0,1085771
2370,19.6,141,17,Toyota,Petrol,Automatic,10.0,682460
1760,19.2,131,20,Hyundai,Diesel,Manual,10.0,693687
3460,10.1,313,16,Kia,Diesel,Manual,5.0,678475
2285,11.3,221,20,Honda,CNG,Manual,4.0,533576
3490,27.4,97,13,Kia,Petrol,Manual,10.0,433655
1828,12.6,260,2,Suzuki,Petrol,Automatic,5.0,648301
1302,27.5,259,2,Toyota,Petrol,Automatic,10.0,942022
1197,18.6,314,14,Hyundai,Diesel,Automatic,9.0,1073748
1670,10.7,238,4,Audi,Petrol,Automatic,8.0,1695465
1192,10.0,94,17,Tata,Petrol,Automatic,5.0,339969
1006,12.2,141,13,Hyundai,Petrol,Manual,5.0,593896
1838,26.5,279,4,Kia,Petrol,Manual,7.0,972653
2681,16.3,217,3,Suzuki,Petrol,Manual,10.0,849953
2284,15.9,63,12,Audi,Petrol,Manual,5.0,753744
1663,14.3,226,8,Audi,Diesel,Manual,6.0,1281945
1363,10.9,263,2,Audi,Petrol,Manual,9.0,1426083
1820,17.8,253,6,BMW,Petrol,Manual,7.0,1238751
895,10.6,294,10,BMW,Diesel,Manual,7.0,1354531
2723,24.7,265,12,Kia,Diesel,Automatic,8.0,1098765
2557,15.4,209,10,Tata,Petrol,Manual,9.0,850829
3332,15.5,218,10,Audi,Petrol,Manual,,1547171
3078,17.5,338,3,Tata,Diesel,Automatic,,1377334
2478,16.9,225,20,Toyota,Petrol,Manual,5.0,630801
1340,27.9,127,10,Audi,Petrol,Manual,8.0,1028932
1859,18.9,147,9,Honda,Petrol,Manual,6.0,682353
3372,9.8,276,20,Audi,Petrol,Manual,8.0,1288543
1983,20.1,60,19,Kia,Petrol,Automatic,9.0,775633
2522,11.0,194,14,BMW,Diesel,Manual,4.0,983087
2619,8.6,244,2,BMW,Diesel,Manual,9.0,2080190
3425,27.4,199,5,Honda,Petrol,Manual,5.0,953993
3404,23.5,165,20,Honda,Petrol,Automatic,8.0,836692
2397,27.6,192,8,Hyundai,Diesel,Manual,4.0,866724
3493,17.6,167,7,Toyota,Petrol,Automatic,5.0,874527
1595,18.6,237,6,Toyota,Petrol,Manual,8.0,725366
1851,11.4,205,11,Kia,Diesel,Automatic,8.0,763720
2443,12.9,133,12,Kia,Diesel,Automatic,9.0,880259
2163,24.8,167,18,Kia,Petrol,Automatic,10.0,615103
2781,15.1,181,19,Kia,Diesel,Manual,,960634
2154,24.5,76,10,Kia,Petrol,Automatic,8.0,1012486
2463,22.2,255,14,Kia,Petrol,Manual,7.0,444160
2329,11.5,311,3,Toyota,Petrol,Automatic,10.0,1354908
2838,18.1,178,18,Suzuki,Diesel,Manual,8.0,814780
2296,21.5,221,15,BMW,Diesel,Manual,9.0,1518076
3037,12.7,257,6,Toyota,Diesel,Manual,7.0,1041937
2208,24.6,104,10,Kia,Petrol,Manual,7.0,618245
2200,18.9,238,12,Hyundai,Petrol,Manual,4.0,595406
2106,11.3,103,7,Hyundai,Petrol,Manual,5.0,623103
3480,19.7,330,17,Toyota,Petrol,Manual,7.0,792830
3475,28.0,137,1,Honda,Petrol,Automatic,6.0,1234660
1772,11.0,237,18,Hyundai,CNG,Manual,,337554
2568,24.3,62,15,Tata,Diesel,Manual,,586122
2082,12.1,273,19,Honda,Petrol,Automatic,,667299
1509,23.6,133,1,Tata,Petrol,Manual,4.0,667218
2279,22.7,110,5,BMW,Petrol,Manual,6.0,1201521
2234,14.0,126,15,Suzuki,Diesel,Manual,4.0,584008
1448,14.5,152,3,Hyundai,Diesel,Manual,4.0,915424
1117,23.9,235,1,Honda,Diesel,Manual,4.0,1129090
2057,17.2,204,8,Kia,Petrol,Manual,6.0,351239
1483,22.6,66,12,Tata,Petrol,Automatic,6.0,408513
1463,11.0,328,19,Toyota,CNG,Manual,4.0,505432
2798,25.1,63,12,Tata,CNG,Manual,10.0,686880
2431,22.2,197,13,Tata,Petrol,Automatic,4.0,464997
2295,26.1,290,1,BMW,Petrol,Manual,10.0,1667716
1936,10.6,147,19,Audi,Petrol,Manual,5.0,850207
2653,19.9,76,6,Audi,Diesel,Automatic,10.0,1750788
2320,20.0,111,8,Toyota,Diesel,Manual,10.0,983744
3289,15.1,193,4,BMW,Diesel,Automatic,10.0,2367528
1363,17.2,270,5,BMW,Petrol,Manual,,1427717
2091,8.8,278,7,Kia,Petrol,Automatic,8.0,1009906
2436,22.9,264,4,BMW,Petrol,Manual,5.0,1558286
1498,19.0,270,20,BMW,CNG,Manual,5.0,934435
2960,9.2,336,4,Audi,Petrol,Manual,5.0,1344381
801,21.6,83,15,Honda,Diesel,Automatic,,807323
1441,17.3,63,5,BMW,Petrol,Automatic,5.0,846474
3067,8.7,211,9,Honda,CNG,Manual,5.0,693542
2389,27.4,318,2,Tata,Diesel,Automatic,,1127333
1654,27.0,227,7,Tata,Petrol,Manual,9.0,832942
2559,18.3,235,17,BMW,Diesel,Manual,6.0,896971
3232,9.9,350,16,Hyundai,Petrol,Manual,4.0,869265
2461,23.1,115,17,Suzuki,Petrol,Automatic,4.0,667171
1953,17.8,167,20,Hyundai,Petrol,Automatic,10.0,859260
1876,14.0,200,2,Tata,CNG,Manual,7.0,594038
2507,17.8,214,11,Suzuki,CNG,Automatic,9.0,706725
2495,18.4,321,2,Hyundai,Petrol,Manual,8.0,963877
2533,19.3,332,1,BMW,Diesel,Manual,6.0,1909040
2239,16.8,291,2,Honda,Diesel,Manual,4.0,948407
3094,20.1,300,9,Suzuki,Diesel,Automatic,,931371
1635,26.4,317,2,Audi,Petrol,Manual,5.0,1485676
1002,15.2,308,15,Toyota,Petrol,Manual,8.0,705086
922,22.5,136,10,Suzuki,Diesel,Manual,6.0,575856
1200,25.9,239,15,Suzuki,Petrol,Manual,9.0,577727
1566,17.1,125,10,Audi,Petrol,Manual,7.0,1122879
1093,16.9,230,17,BMW,Diesel,Manual,10.0,1281537
3127,20.0,81,9,Hyundai,Petrol,Automatic,6.0,637170
997,19.8,166,18,Hyundai,CNG,Manual,10.0,345808
2730,24.1,286,4,Tata,Petrol,Manual,9.0,908976
2991,17.5,275,9,Honda,CNG,Automatic,4.0,1001371
1408,27.9,128,16,BMW,Petrol,Manual,10.0,883024
1947,9.2,143,4,Audi,Petrol,Automatic,4.0,1490523
986,8.1,162,16,BMW,Petrol,Manual,8.0,1184158
3311,20.8,98,19,BMW,Diesel,Manual,6.0,1273977
2594,14.0,72,1,Hyundai,Diesel,Manual,4.0,885692
1459,12.8,240,6,Audi,Petrol,Automatic,5.0,1495292
2755,14.2,327,10,Kia,Petrol,Automatic,5.0,713839
3250,13.1,72,16,Toyota,Diesel,Manual,7.0,815030
2169,8.6,179,4,Suzuki,Petrol,Manual,8.0,892217
2786,27.4,116,13,Hyundai,Diesel,Manual,4.0,628197
2334,12.4,99,16,Audi,Petrol,Manual,7.0,805551
946,22.7,187,20,Honda,Diesel,Manual,5.0,453803
2534,23.3,232,6,Suzuki,Diesel,Manual,7.0,839356
2643,26.6,94,11,Suzuki,CNG,Manual,7.0,416980
1288,8.6,318,3,Kia,Diesel,Manual,,1225950
2759,25.4,64,20,Kia,Petrol,Automatic,4.0,478562
2463,18.5,277,10,Hyundai,Petrol,Manual,4.0,632206
3398,20.7,70,1,Tata,Diesel,Manual,8.0,955100
3185,20.9,176,20,Honda,Petrol,Manual,10.0,988961
1440,24.4,243,11,Hyundai,Diesel,Manual,7.0,763757
2602,14.7,175,12,BMW,Diesel,Automatic,7.0,1743906
3320,22.7,221,14,Tata,Petrol,Manual,8.0,669980
2769,18.6,126,8,Audi,Petrol,Manual,5.0,1468879
2998,23.9,259,11,Kia,Petrol,Manual,6.0,923266
2238,27.8,90,4,Honda,Petrol,Automatic,10.0,1209415
2434,12.0,134,7,Suzuki,Petrol,Manual,5.0,700326
1062,27.9,296,10,Hyundai,Petrol,Manual,8.0,847487
2587,9.8,125,19,Kia,Petrol,Manual,10.0,518582
2991,8.0,129,4,Suzuki,Petrol,Manual,10.0,760696
3193,8.9,79,2,Honda,Petrol,Manual,7.0,1215018
1423,14.8,285,18,Kia,Petrol,Manual,7.0,824321
1816,20.7,258,14,Kia,Petrol,Automatic,4.0,532855
1680,9.4,98,16,Suzuki,Diesel,Automatic,4.0,543295
2849,8.1,204,11,Hyundai,Petrol,Manual,7.0,780639
2127,26.7,104,10,Tata,Petrol,Manual,,507330
3101,24.4,150,17,Hyundai,Diesel,Manual,9.0,890403
1252,24.2,297,14,Toyota,CNG,Manual,10.0,858937
1983,25.7,129,4,Kia,Petrol,Manual,4.0,745059
2856,22.0,225,19,Suzuki,Petrol,Manual,4.0,524221
2482,10.1,189,2,Toyota,Petrol,Manual,5.0,1004518
3055,16.0,273,7,Tata,Petrol,Manual,7.0,839953
1954,22.5,148,9,Toyota,CNG,Manual,10.0,790090
1203,13.6,311,19,Suzuki,Diesel,Manual,7.0,774126
2999,21.7,131,16,Honda,Diesel,Manual,8.0,577506
2901,8.5,224,16,BMW,Petrol,Automatic,5.0,1593572
2496,14.1,108,18,Tata,Diesel,Manual,,373015
1427,19.0,111,11,Hyundai,Petrol,Automatic,6.0,829706
1386,20.6,348,7,Audi,Petrol,Manual,6.0,1227760
2448,19.5,337,9,Tata,Petrol,Automatic,10.0,852613
2243,22.0,173,4,Toyota,Petrol,Manual,,990406
2245,8.1,298,13,Honda,Petrol,Automatic,4.0,1003849
903,10.0,192,4,Suzuki,Diesel,Manual,10.0,568822
1053,25.4,333,19,Honda,Petrol,Manual,6.0,437719
3357,21.6,225,2,Honda,Petrol,Manual,8.0,1157573
2296,10.3,302,9,Suzuki,Petrol,Manual,10.0,634759
898,24.8,197,12,Audi,Petrol,Manual,,762111
3000,12.8,138,2,Suzuki,Diesel,Manual,4.0,851913
2684,17.6,229,6,Audi,Diesel,Manual,4.0,1380066
2719,10.9,182,5,Suzuki,Diesel,Manual,6.0,896006
1677,22.2,235,5,Toyota,Petrol,Manual,4.0,1006875
1137,21.3,141,20,Audi,Diesel,Manual,5.0,665109
1756,12.2,146,5,Toyota,Diesel,Manual,5.0,836780
2504,25.3,284,4,Tata,Petrol,Automatic,6.0,1290367
960,16.0,75,9,Audi,Petrol,Automatic,,801705
2403,13.9,222,10,Audi,Diesel,Automatic,8.0,1894805
1197,11.0,157,16,Suzuki,Petrol,Automatic,4.0,608514
2100,13.3,215,10,Audi,Petrol,Manual,7.0,1379942
1615,8.4,61,10,Toyota,Petrol,Automatic,10.0,974773
2327,19.7,228,19,Kia,Petrol,Manual,6.0,657876
2719,24.8,151,10,Tata,Petrol,Manual,,628556
2215,19.0,240,6,Kia,Petrol,Automatic,4.0,1046580
1958,12.4,290,17,Suzuki,Diesel,Manual,6.0,818138
2018,8.7,207,5,Hyundai,Petrol,Manual,6.0,982077
1200,12.3,339,6,Tata,Diesel,Manual,8.0,851087
1439,16.3,248,15,Kia,Petrol,Manual,7.0,499500
1259,23.2,187,19,Tata,CNG,Manual,4.0,381887
1754,11.8,66,18,Kia,CNG,Manual,6.0,534076
1269,22.4,106,4,Toyota,Diesel,Manual,6.0,897657
1845,25.3,112,8,Kia,CNG,Manual,10.0,572163
2493,17.1,246,16,Tata,Diesel,Manual,4.0,733254
2885,24.4,97,19,Hyundai,Diesel,Manual,6.0,468501
3077,19.1,285,20,Honda,Petrol,Automatic,6.0,1122015
1362,20.7,112,3,Suzuki,Petrol,Manual,6.0,464524
3285,18.5,283,10,Honda,Diesel,Automatic,5.0,1413024
2599,17.3,213,2,Suzuki,Petrol,Manual,5.0,612971
2874,12.7,107,4,Tata,Diesel,Manual,7.0,1025333
1025,14.1,206,6,Suzuki,Diesel,Manual,8.0,721227
1597,13.8,123,11,Kia,Petrol,Manual,10.0,529936
3131,19.3,241,14,Toyota,Diesel,Manual,10.0,1165926
1759,10.4,184,16,Hyundai,Petrol,Manual,4.0,459629
2304,26.3,238,19,Suzuki,Petrol,Manual,8.0,704390
1252,22.4,98,2,Hyundai,Petrol,Manual,8.0,669145
1615,16.0,319,17,Suzuki,Petrol,Manual,10.0,385342
1458,11.2,62,9,Hyundai,Petrol,Automatic,5.0,472036
1346,25.6,123,17,Honda,Petrol,Manual,7.0,465725
2015,24.5,88,15,Toyota,Petrol,Automatic,8.0,918625
816,22.4,70,7,Suzuki,Diesel,Automatic,10.0,780382
2043,13.4,156,19,BMW,Diesel,Manual,8.0,1366754
3005,16.0,262,3,Hyundai,Petrol,Automatic,6.0,1414731
3324,10.1,80,1,Hyundai,Petrol,Automatic,4.0,948372
1869,11.8,98,4,Kia,Diesel,Manual,7.0,748084
3365,23.7,282,18,BMW,Diesel,Manual,10.0,1673877
2946,22.3,161,8,Toyota,Petrol,Manual,4.0,735460
2568,19.9,105,19,Hyundai,Petrol,Manual,5.0,276296
1860,25.9,125,6,Toyota,Diesel,Manual,8.0,855980
3127,19.7,150,1,Hyundai,Diesel,Automatic,8.0,1081474
3344,17.3,223,8,Tata,Petrol,Automatic,9.0,1043706
1101,14.8,170,1,Audi,Petrol,Manual,,1532389
980,26.8,182,19,Tata,Petrol,Manual,5.0,297708
1406,9.7,252,11,Hyundai,Diesel,Automatic,,918439
1499,26.6,158,15,Audi,Petrol,Manual,,1048863
1792,24.5,350,11,Suzuki,Petrol,Manual,9.0,786154
1939,10.6,218,19,Toyota,Petrol,Manual,6.0,666230
990,19.3,162,10,Hyundai,CNG,Manual,9.0,510513
3100,25.3,340,12,Kia,Diesel,Manual,,977603
1780,19.4,102,1,Honda,Diesel,Manual,6.0,766165
2806,26.1,143,7,Kia,Diesel,Manual,8.0,1031183
1984,26.9,250,17,Honda,Petrol,Manual,8.0,496200
927,16.4,110,10,BMW,CNG,Manual,,971928
2865,15.5,269,6,Honda,Petrol,Manual,9.0,905232
2616,26.7,185,17,Audi,Diesel,Automatic,4.0,1440217
2558,21.5,128,18,Honda,Petrol,Manual,8.0,657178
3413,10.3,324,5,Honda,Petrol,Manual,5.0,985471
1369,8.8,317,18,Honda,Petrol,Manual,10.0,860246
2146,19.3,247,17,Hyundai,Diesel,Manual,4.0,831702
2695,26.6,289,16,BMW,Diesel,Automatic,7.0,1688261
1425,24.9,248,8,Toyota,Petrol,Manual,9.0,928636
2486,21.5,69,13,BMW,Petrol,Manual,6.0,731423
954,10.8,173,16,Kia,CNG,Automatic,7.0,295067
3337,13.1,135,11,Audi,Petrol,Manual,4.0,1461874
2209,25.5,223,6,Hyundai,Diesel,Manual,6.0,878587
1584,11.7,144,3,Suzuki,Diesel,Manual,5.0,397263
1045,13.6,108,1,Hyundai,Petrol,Automatic,6.0,666762
2300,10.6,236,18,Tata,Petrol,Manual,6.0,468064
2505,21.5,277,5,Honda,Petrol,Automatic,5.0,1119663
1337,26.9,248,13,Kia,Petrol,Manual,8.0,583777
2690,13.4,289,10,Honda,Petrol,Manual,8.0,1046084
2641,17.5,314,5,Audi,Petrol,Automatic,6.0,1814318
1720,20.7,295,14,Suzuki,Petrol,Manual,10.0,879905
3255,28.0,85,17,Kia,Diesel,Automatic,6.0,871511
1324,10.1,131,1,Tata,Diesel,Automatic,7.0,925053
2329,18.0,320,2,Hyundai,Petrol,Automatic,,1340590
835,15.7,313,7,Suzuki,Petrol,Manual,8.0,595759
1484,25.3,330,10,Toyota,Petrol,Manual,5.0,589991
819,17.5,182,20,BMW,Petrol,Automatic,9.0,1100394
3168,10.2,203,7,Hyundai,Diesel,Manual,9.0,1107762
3359,20.7,316,16,Suzuki,Petrol,Manual,6.0,789979
1199,23.4,203,5,Toyota,Diesel,Manual,6.0,713982
1771,8.1,318,12,Toyota,Petrol,Manual,9.0,778528
2706,25.2,106,17,Tata,Diesel,Manual,7.0,765419
3318,11.7,72,16,Tata,Petrol,Manual,7.0,792662
1966,19.0,267,20,BMW,Diesel,Manual,7.0,1323433
1915,16.3,294,16,Toyota,CNG,Manual,4.0,738535
1633,22.4,208,19,Kia,Diesel,Manual,,674030
2623,15.4,214,15,Audi,Diesel,Automatic,4.0,1443918
2782,25.4,225,12,Toyota,Petrol,Automatic,6.0,947920
1653,22.6,149,10,Suzuki,CNG,Manual,7.0,688009
850,21.0,245,2,Tata,Petrol,Manual,7.0,634116
1374,23.9,233,7,Audi,Petrol,Manual,9.0,1319157
1948,23.1,276,13,Kia,Petrol,Manual,9.0,636408
2997,8.7,323,3,Tata,CNG,Automatic,10.0,980408
3161,15.9,156,15,Kia,Diesel,Automatic,7.0,900891
3417,26.6,176,1,Tata,CNG,Automatic,8.0,874005
3152,10.5,258,3,Tata,Diesel,Manual,9.0,1210020
2515,22.7,80,10,Toyota,Petrol,Manual,5.0,494589
1481,27.5,259,15,Honda,CNG,Manual,,651585
1637,9.0,307,6,Toyota,CNG,Manual,5.0,788650
1877,21.6,335,20,Tata,Petrol,Manual,9.0,385248
3291,17.4,323,15,Audi,Petrol,Manual,7.0,1444500
3460,19.6,117,7,Toyota,Diesel,Manual,6.0,1058384
3111,9.7,90,5,Tata,CNG,Manual,8.0,794881
2395,8.9,308,4,Tata,Diesel,Manual,9.0,991729
804,21.3,152,18,Toyota,Diesel,Manual,5.0,544913
1926,24.5,324,3,Toyota,CNG,Automatic,6.0,987839
2019,23.6,330,17,Audi,Diesel,Manual,9.0,1401705
1573,18.9,153,18,Kia,Diesel,Manual,7.0,588529
1676,10.0,213,18,Toyota,Diesel,Manual,10.0,895929
1791,21.8,344,2,BMW,Petrol,Automatic,7.0,1799357
846,12.8,139,13,Suzuki,Diesel,Manual,7.0,402493
1068,26.2,143,15,BMW,Petrol,Automatic,7.0,879727
1169,24.8,96,5,Audi,Diesel,Manual,9.0,1144501
1435,22.2,291,3,Honda,Petrol,Automatic,10.0,1374957
1929,27.0,152,5,BMW,Petrol,Manual,8.0,1442352
2493,8.6,161,5,Kia,Petrol,Manual,8.0,667996
2482,22.7,225,5,Tata,Diesel,Manual,5.0,767345
1456,14.6,218,3,Suzuki,Petrol,Manual,9.0,781153
919,26.1,73,3,Hyundai,Petrol,Automatic,,563927
1630,13.3,284,20,Suzuki,Petrol,Manual,10.0,471833
2610,22.5,132,18,BMW,Petrol,Manual,7.0,1293533
1881,25.6,308,20,Hyundai,Petrol,Automatic,8.0,690840
2774,8.8,150,4,Audi,Petrol,Manual,9.0,1668916
2169,16.0,275,1,Kia,Petrol,Automatic,6.0,1230520
1540,23.2,149,16,Suzuki,Petrol,Manual,8.0,377240
916,17.1,88,8,Honda,Petrol,Automatic,8.0,581673
2653,13.3,279,17,Hyundai,Petrol,Manual,10.0,807935
1950,12.4,274,8,Hyundai,Diesel,Manual,5.0,709885
2731,10.6,280,7,Suzuki,Petrol,Manual,8.0,855533
1812,25.1,101,8,BMW,Petrol,Manual,6.0,1075594
2464,19.5,194,12,Hyundai,Petrol,Manual,7.0,820723
1881,9.5,101,16,Audi,Petrol,Manual,4.0,1009850
1433,15.7,223,12,Suzuki,Petrol,Automatic,5.0,734835
1312,15.4,342,19,Audi,Petrol,Automatic,6.0,1221635
1919,11.6,117,10,Suzuki,Diesel,Automatic,5.0,384868
1941,16.7,84,7,Audi,Diesel,Automatic,9.0,1562759
1359,14.6,132,12,BMW,Petrol,Automatic,7.0,1397680
1287,14.8,188,20,Suzuki,Diesel,Automatic,8.0,200000
1696,22.8,146,5,Kia,Petrol,Automatic,9.0,957765
2012,12.5,212,16,Tata,CNG,Manual,8.0,535086
1503,20.8,241,9,Honda,Petrol,Automatic,10.0,873345
2270,19.4,184,7,BMW,Diesel,Automatic,6.0,1836799
1380,19.4,126,20,Audi,Petrol,Automatic,7.0,1088699
3094,21.3,65,14,Kia,Diesel,Manual,4.0,789077
953,19.0,184,11,Suzuki,Petrol,Manual,4.0,390775
2479,25.6,112,7,BMW,Petrol,Automatic,8.0,1428119
1796,21.5,125,10,Audi,Diesel,Automatic,9.0,1449131
2043,18.9,141,9,Toyota,Petrol,Manual,10.0,947736
1892,24.6,146,4,Toyota,Diesel,Manual,7.0,837995
1808,20.1,61,16,Hyundai,Diesel,Manual,7.0,516282
2941,13.8,263,10,Honda,Petrol,Manual,6.0,1407033
2573,12.1,209,19,Toyota,Petrol,Manual,9.0,925098
1757,11.0,162,17,Tata,Petrol,Manual,4.0,637012
1252,26.0,83,9,Audi,Diesel,Automatic,6.0,894141
2027,22.2,271,13,BMW,Petrol,Manual,5.0,1123213
3065,26.7,124,1,Suzuki,Petrol,Manual,7.0,828087
3321,20.1,268,2,BMW,CNG,Automatic,4.0,1679053
3279,17.5,310,13,Hyundai,Petrol,Manual,6.0,1171126
3188,9.2,176,9,Kia,CNG,Manual,8.0,997030
1350,21.4,175,7,BMW,Diesel,Manual,5.0,1138262
2435,19.6,296,16,Toyota,Petrol,Manual,6.0,1068607
2112,27.8,164,19,BMW,Petrol,Automatic,8.0,1189073
2557,12.8,318,7,Toyota,Diesel,Automatic,4.0,1583484
1156,18.6,105,6,Toyota,Petrol,Manual,4.0,607364
2870,21.0,275,18,Honda,Petrol,Manual,5.0,906263
2585,20.9,83,19,Hyundai,Petrol,Manual,8.0,808643
3369,19.2,94,11,Tata,Diesel,Automatic,7.0,1121655
2581,23.5,83,12,Tata,Diesel,Automatic,10.0,933902
3289,12.1,87,10,Audi,Petrol,Manual,10.0,1402119
2431,22.5,75,13,Tata,Petrol,Manual,4.0,603866
1815,20.4,118,12,Toyota,Diesel,Automatic,,699948
2148,25.9,302,10,Suzuki,CNG,Automatic,7.0,773059
1315,24.9,266,20,Hyundai,Petrol,Manual,7.0,387111
1135,14.3,330,18,Audi,Petrol,Automatic,10.0,1007625
2582,13.5,308,4,Tata,Diesel,Manual,6.0,988286
3105,27.6,326,5,Tata,Diesel,Manual,6.0,1227653
1296,18.5,252,5,Suzuki,Diesel,Manual,4.0,813921
1695,26.1,277,12,BMW,CNG,Manual,7.0,1123252
3007,11.3,174,3,Hyundai,Diesel,Manual,6.0,1299688
1651,20.9,127,8,Suzuki,Petrol,Manual,8.0,507083
2487,24.2,134,2,Tata,Diesel,Manual,8.0,603229
2731,26.9,162,18,Hyundai,Diesel,Manual,8.0,438299
3227,14.7,237,9,Hyundai,CNG,Manual,8.0,695519
2368,22.5,274,13,Tata,Petrol,Manual,7.0,850298
1756,18.8,98,7,BMW,Petrol,Automatic,8.0,1278679
2436,9.2,318,10,BMW,Diesel,Manual,7.0,1774161
2091,21.8,263,9,Tata,Petrol,Manual,10.0,1049141
2240,21.8,66,15,Hyundai,Petrol,Automatic,4.0,432335
1991,26.6,108,5,Suzuki,Diesel,Manual,4.0,711334
1866,17.9,85,12,Honda,Petrol,Manual,8.0,761609
1084,12.6,220,1,Toyota,Diesel,Manual,,782963
3244,8.9,235,12,BMW,Diesel,Automatic,8.0,2211058
811,16.3,138,6,Tata,Petrol,Automatic,4.0,523381
2430,14.0,61,19,Kia,CNG,Manual,6.0,390097
3346,23.2,191,19,Honda,Diesel,Manual,4.0,1160142
1553,15.1,335,16,BMW,Petrol,Manual,8.0,1330873
2882,27.0,176,19,Kia,Petrol,Automatic,6.0,871504
889,27.2,223,3,Hyundai,CNG,Manual,6.0,841562
1575,20.4,347,10,Tata,Petrol,Automatic,5.0,705853
3452,26.6,87,18,Honda,Petrol,Manual,10.0,1026444
2425,23.2,60,13,Tata,Petrol,Manual,7.0,496045
1217,18.9,247,18,Suzuki,Petrol,Automatic,10.0,532258
914,11.6,115,3,Suzuki,Petrol,Automatic,8.0,621475
1416,17.2,94,3,Audi,CNG,Manual,7.0,917285
1625,19.2,171,12,Toyota,Diesel,Manual,5.0,814475
2449,25.3,345,20,Toyota,Petrol,Manual,,838934
2316,17.6,95,7,BMW,Petrol,Manual,8.0,1238732
1212,26.0,276,8,Toyota,Diesel,Manual,5.0,902486
1528,21.5,139,9,Tata,Petrol,Manual,7.0,545642
1475,10.7,142,14,Tata,Diesel,Manual,4.0,456830
2692,27.9,124,5,Audi,Diesel,Manual,6.0,1470184
3304,18.5,187,19,Kia,Diesel,Manual,10.0,928432
3039,15.8,81,16,Suzuki,Petrol,Manual,5.0,607999
1922,21.2,275,12,Kia,Petrol,Manual,4.0,614552
2371,10.2,166,4,Kia,Petrol,Automatic,8.0,1094469
1777,20.7,168,8,Honda,Petrol,Manual,6.0,732874
1808,18.0,240,7,Honda,Petrol,Manual,10.0,849306
2943,16.1,223,15,Suzuki,CNG,Manual,5.0,369079
2487,27.1,127,6,Hyundai,Diesel,Manual,6.0,1008517
836,18.5,239,5,Suzuki,CNG,Manual,9.0,582037
2348,12.4,240,14,Honda,Diesel,Manual,9.0,1001329
3126,17.2,228,13,Kia,Petrol,Manual,,979790
3064,26.4,81,10,BMW,Diesel,Automatic,5.0,1518372
1672,11.5,125,18,Audi,Petrol,Automatic,7.0,759395
2621,12.3,80,4,Kia,Petrol,Manual,6.0,771837
2096,8.3,159,8,Suzuki,Petrol,Manual,9.0,733407
2909,8.3,162,11,Hyundai,Diesel,Manual,10.0,929074
1395,24.6,106,17,Kia,Diesel,Manual,9.0,764350
2703,22.6,98,18,BMW,Petrol,Manual,,689903
1528,15.1,344,11,Suzuki,Petrol,Manual,9.0,883517
2165,22.0,149,16,BMW,Petrol,Manual,10.0,1301273
1196,15.9,144,12,Kia,Petrol,Automatic,4.0,620251
1498,27.1,332,13,Suzuki,Petrol,Manual,9.0,200000
3024,27.3,247,16,BMW,Diesel,Manual,,1728726
2435,15.9,218,1,Tata,Diesel,Automatic,8.0,966847
1195,25.1,302,16,Toyota,Petrol,Manual,4.0,519441
3292,23.5,132,15,BMW,Diesel,Manual,7.0,1425533
875,14.2,108,6,Tata,Petrol,Manual,5.0,558247
1064,12.6,160,12,Kia,CNG,Manual,,580456
3302,17.2,61,8,Toyota,Petrol,Manual,9.0,1041910
2619,23.6,303,7,Honda,Diesel,Manual,10.0,1348011
1517,27.2,235,2,Toyota,CNG,Manual,7.0,825424
1650,23.3,297,12,BMW,Diesel,Manual,7.0,1474029
2190,25.1,118,14,Audi,Petrol,Automatic,4.0,899222
943,20.1,158,16,Audi,Diesel,Manual,,744759
1684,24.7,61,11,Honda,Petrol,Manual,5.0,712228
1195,23.7,302,20,BMW,Petrol,Automatic,8.0,1289231
2292,15.5,270,9,Toyota,Petrol,Manual,7.0,1007588
1967,19.0,182,10,Audi,CNG,Manual,8.0,1010881
3416,24.1,288,17,Suzuki,CNG,Manual,5.0,786412
1862,8.9,141,12,Hyundai,Petrol,Manual,5.0,435642
2956,24.2,203,6,BMW,Petrol,Manual,4.0,1644839
1865,11.6,199,19,Tata,CNG,Manual,10.0,491995
2009,18.3,88,11,Tata,Petrol,Automatic,6.0,893191
3245,24.2,329,9,Suzuki,Petrol,Manual,10.0,702833
1433,13.1,306,6,Suzuki,Petrol,Manual,9.0,1010799
1956,12.9,71,16,BMW,Diesel,Manual,4.0,844838
2038,16.1,165,20,Hyundai,Petrol,Manual,10.0,570463
1532,25.9,91,16,Audi,Diesel,Manual,8.0,950556
1034,8.0,133,6,Hyundai,Petrol,Manual,10.0,594192
1550,26.0,230,5,Honda,Petrol,Manual,4.0,783800
3435,11.1,128,4,Toyota,Petrol,Manual,5.0,855211
1753,27.8,196,2,Toyota,Petrol,Automatic,7.0,897049
3339,27.1,159,6,Suzuki,Petrol,Automatic,9.0,1039029
2342,17.9,205,9,Audi,Petrol,Manual,9.0,1241918
1997,18.3,68,17,Hyundai,Diesel,Automatic,6.0,520856
2476,17.6,121,14,Suzuki,Petrol,Manual,5.0,337789
1991,20.7,244,7,BMW,Diesel,Automatic,9.0,1809242
3017,9.8,88,19,Suzuki,CNG,Manual,9.0,724487
2216,8.7,173,1,BMW,Diesel,Manual,7.0,1563970
3481,9.2,202,20,BMW,CNG,Automatic,8.0,1313065
2017,16.9,179,15,Honda,Petrol,Manual,8.0,765996
2340,13.5,229,18,Honda,Petrol,Automatic,8.0,838721
2876,20.4,216,3,BMW,CNG,Manual,4.0,1746409
2245,27.8,319,18,Kia,Diesel,Manual,8.0,778290
3186,15.7,141,2,Audi,Diesel,Manual,8.0,1819807
2319,19.5,301,10,Honda,Diesel,Automatic,4.0,1259293
2188,16.3,231,11,Honda,Diesel,Manual,7.0,1078847
2656,24.9,290,3,Toyota,Petrol,Manual,5.0,1049490
2165,26.0,267,7,Suzuki,Diesel,Automatic,9.0,959950
1299,25.5,134,8,Toyota,Petrol,Automatic,6.0,1036456
2480,27.5,329,19,Audi,Petrol,Automatic,,1414238
1310,8.6,173,18,Honda,Petrol,Manual,8.0,520591
1016,24.8,121,13,Tata,Petrol,Automatic,8.0,449722
2124,23.0,161,13,Kia,Petrol,Automatic,10.0,553086
1955,12.6,269,19,Honda,Diesel,Automatic,9.0,1094287
2627,27.1,314,12,Hyundai,Diesel,Manual,9.0,666372
2610,11.0,79,17,Audi,Diesel,Manual,10.0,1205104
3292,21.6,117,12,Tata,Petrol,Manual,8.0,716768
2005,12.5,171,13,Suzuki,CNG,Manual,4.0,809966
3014,16.6,255,12,Suzuki,Petrol,Manual,4.0,432994
890,22.4,151,19,Tata,Diesel,Manual,4.0,220552
1513,19.3,111,14,Suzuki,Petrol,Manual,6.0,429324
2681,16.6,67,7,Kia,Petrol,Manual,5.0,661390
838,14.5,157,13,Tata,Petrol,Manual,8.0,404832
972,24.8,295,6,Audi,Diesel,Manual,,1332830
1452,10.9,128,19,Tata,Petrol,Automatic,9.0,352060
1553,16.6,104,19,Tata,Petrol,Manual,9.0,514575
2043,26.1,196,4,Hyundai,Petrol,Manual,8.0,510582
1881,24.9,293,19,Hyundai,Petrol,Manual,8.0,680388
2483,16.0,91,9,Toyota,Diesel,Manual,8.0,777226
3323,23.3,348,16,Audi,Petrol,Automatic,9.0,1979410
1255,24.5,185,4,Audi,Petrol,Manual,10.0,1547391
1628,25.8,126,6,Hyundai,Petrol,Manual,8.0,666715
1694,18.9,89,8,BMW,Petrol,Manual,9.0,1385862
2184,12.1,173,16,BMW,Petrol,Automatic,5.0,1160282
2758,13.1,263,5,Toyota,Diesel,Manual,7.0,978941
3234,13.9,88,10,Kia,Petrol,Manual,4.0,972415
2796,19.9,190,13,BMW,Petrol,Manual,10.0,1538942
3195,8.7,244,14,BMW,Petrol,Manual,7.0,1500515
989,20.7,312,7,BMW,Petrol,Manual,8.0,1438550
1304,15.3,345,20,Kia,Petrol,Manual,7.0,634962
2014,13.9,121,6,Honda,Petrol,Manual,,806726
2331,25.6,62,7,Toyota,Petrol,Manual,7.0,549606
1623,17.2,127,5,Hyundai,Petrol,Manual,6.0,654267
1728,9.9,84,18,BMW,Diesel,Manual,7.0,1021336
1733,24.5,238,12,Suzuki,Diesel,Manual,4.0,590543
1940,9.0,200,6,Tata,Diesel,Manual,4.0,874477
933,22.5,290,1,Honda,Petrol,Manual,10.0,1031264
2905,23.5,222,4,Kia,Diesel,Automatic,7.0,1036443
1484,15.1,189,19,Kia,CNG,Manual,9.0,293281
3020,24.5,305,12,Kia,Diesel,Manual,,947888
2652,18.3,231,15,BMW,Petrol,Manual,9.0,1321567
1614,17.3,123,3,Tata,Petrol,Manual,7.0,722506
1972,8.9,90,20,Tata,Petrol,Manual,9.0,379809
879,13.8,106,8,Honda,Petrol,Manual,,519928
1002,26.6,189,11,Toyota,Petrol,Manual,7.0,776314
2052,15.8,169,16,Kia,Diesel,Automatic,4.0,708543
2499,18.9,128,9,Suzuki,Diesel,Manual,,614152
2050,18.6,117,3,Suzuki,Petrol,Manual,,681516
2482,19.8,165,5,Suzuki,Petrol,Automatic,6.0,1028564
2355,9.2,315,20,Kia,Petrol,Manual,9.0,783068
2894,15.2,230,14,BMW,Petrol,Automatic,4.0,1584890
2056,22.5,221,15,Honda,Petrol,Manual,5.0,595875
2349,12.0,345,6,Kia,Petrol,Manual,7.0,1084842
1966,12.1,130,4,Suzuki,Petrol,Manual,9.0,1052298
2196,8.2,314,8,Tata,CNG,Automatic,6.0,706836
1270,16.7,114,19,Kia,Petrol,Automatic,10.0,373853
1835,25.7,62,5,Tata,Petrol,Manual,4.0,587733
2153,9.0,85,13,Audi,Petrol,Manual,10.0,1246287
1767,11.8,185,16,Kia,Petrol,Manual,10.0,629431
1157,14.2,112,1,Audi,Petrol,Manual,6.0,956097
1467,22.6,257,13,Honda,Diesel,Automatic,8.0,950160
1172,20.8,247,11,Kia,Petrol,Manual,4.0,661553
1831,16.3,245,8,BMW,Petrol,Manual,,1300771
1945,23.2,263,8,BMW,Diesel,Automatic,,1869880
2171,20.2,70,14,Toyota,Petrol,Automatic,7.0,889962
889,25.9,205,13,Toyota,Petrol,Manual,7.0,620937
1339,24.4,144,3,Suzuki,Petrol,Manual,7.0,614719
1668,13.1,159,4,Hyundai,Diesel,Automatic,10.0,1173466
840,13.4,163,20,Tata,Petrol,Manual,8.0,264409
1539,10.5,105,15,Toyota,Petrol,Manual,10.0,480966
2746,14.7,103,15,BMW,Diesel,Manual,7.0,1244182
3349,28.0,337,13,Tata,Petrol,Automatic,10.0,1009409
2024,16.1,240,9,Hyundai,Petrol,Manual,5.0,636370
1728,12.4,246,10,Toyota,Petrol,Manual,4.0,997226
2836,23.2,173,12,Honda,Diesel,Manual,4.0,1206390
3308,18.8,314,14,Audi,Diesel,Automatic,10.0,2006607
1724,11.0,89,1,Toyota,CNG,Automatic,6.0,818199
2381,15.6,323,14,Kia,CNG,Automatic,9.0,836379
1189,16.3,157,14,Toyota,Diesel,Manual,8.0,818472
2417,23.1,174,8,Kia,Diesel,Automatic,4.0,1089809
1055,8.4,335,16,Honda,Diesel,Automatic,10.0,721767
1508,13.4,340,14,BMW,Petrol,Automatic,8.0,1572689
2638,18.4,334,1,Suzuki,Petrol,Automatic,6.0,847836
2744,13.4,320,16,Honda,Petrol,Manual,,1192457
3297,20.6,266,18,Suzuki,Petrol,Manual,,783463
809,17.6,270,7,Toyota,Diesel,Automatic,6.0,778579
1597,15.2,274,15,BMW,Petrol,Automatic,5.0,1220788
1676,27.0,99,17,Hyundai,Petrol,Manual,7.0,461514
1828,20.6,85,19,Toyota,Petrol,Manual,7.0,585932
1815,10.6,86,13,Honda,Diesel,Manual,,858741
2624,19.2,249,9,Hyundai,Diesel,Manual,6.0,773113
1173,23.6,142,15,Audi,Petrol,Manual,5.0,1034965
2993,22.2,229,3,Hyundai,Petrol,Automatic,9.0,1442629
1023,11.4,226,1,Honda,Petrol,Manual,8.0,756340
2062,27.4,247,16,Tata,Petrol,Manual,6.0,619243
3024,17.0,228,8,Hyundai,Petrol,Manual,4.0,1123690
2602,11.2,348,13,Honda,Diesel,Manual,4.0,1195723
1652,11.6,288,8,Tata,Petrol,Manual,6.0,663736
862,10.0,156,17,Toyota,Petrol,Manual,8.0,625114
2040,24.1,75,14,Tata,Petrol,Manual,4.0,916742
1488,10.4,338,7,BMW,Petrol,Manual,8.0,1505741
2284,10.5,194,15,Audi,Petrol,Manual,,1040753
2433,25.0,85,16,Tata,Petrol,Manual,,573499
2952,14.9,71,19,BMW,Petrol,Manual,7.0,1094644
1310,8.6,131,6,BMW,Diesel,Manual,4.0,1063185
1184,9.0,192,1,BMW,Petrol,Automatic,8.0,1650166
1204,10.8,165,12,Tata,Petrol,Manual,7.0,343915
1317,12.3,279,18,Honda,Petrol,Automatic,4.0,580053
1275,21.3,236,16,Kia,Diesel,Manual,10.0,795901
2800,11.1,341,12,Honda,Petrol,Automatic,5.0,863869
2468,10.4,192,20,Audi,Diesel,Manual,7.0,1282832
2693,23.3,81,13,Honda,CNG,Manual,5.0,329873
2260,21.4,328,8,Suzuki,Petrol,Manual,,525011
1513,16.7,220,1,Honda,Diesel,Manual,9.0,991813
882,19.0,166,7,Honda,Diesel,Manual,4.0,717451
1968,14.2,338,15,Honda,Petrol,Manual,6.0,1030768
3304,17.7,294,13,Toyota,Diesel,Automatic,8.0,1284412
2701,18.1,77,13,Audi,Petrol,Manual,10.0,1171155
2848,15.7,301,9,Suzuki,Petrol,Manual,4.0,850776
850,26.1,176,15,Honda,Diesel,Manual,9.0,519258
1484,8.3,345,4,Kia,Diesel,Automatic,9.0,1158058
1516,23.6,341,13,Audi,CNG,Manual,10.0,1008770
2269,10.5,203,12,Hyundai,Petrol,Manual,7.0,766740
1248,24.0,264,5,Toyota,Petrol,Manual,,797780
1680,20.3,98,7,Tata,Petrol,Manual,9.0,519517
1287,24.9,213,8,Kia,Petrol,Automatic,6.0,762354
2623,10.0,235,5,Honda,Petrol,Automatic,4.0,1123785
2881,19.2,300,9,Kia,Petrol,Manual,6.0,1066438
2942,18.0,193,14,Suzuki,Petrol,Manual,7.0,440850
2374,22.1,105,12,Toyota,Petrol,Manual,4.0,634105
3001,18.7,109,4,Suzuki,Petrol,Manual,7.0,648233
1049,18.8,225,20,Tata,CNG,Manual,8.0,545549
1473,16.6,165,8,Tata,Diesel,Manual,8.0,812672
1237,14.2,275,17,Kia,Petrol,Manual,6.0,631521
2965,17.6,205,8,Toyota,Diesel,Automatic,6.0,1063285
1570,10.4,131,1,Hyundai,Diesel,Manual,8.0,1012930
1067,27.2,332,20,Kia,Diesel,Automatic,5.0,414415
2784,22.3,306,2,Audi,Petrol,Automatic,8.0,1746960
1877,27.0,245,4,Toyota,Petrol,Automatic,10.0,917695
1035,12.5,129,1,BMW,Diesel,Manual,,1331775
1188,25.6,209,7,Tata,Petrol,Automatic,10.0,888923
1562,24.2,305,1,Hyundai,CNG,Automatic,7.0,502697
2648,21.5,321,9,Kia,Diesel,Manual,8.0,1208002
3248,20.5,85,3,Tata,CNG,Manual,8.0,781907
1423,14.3,199,12,BMW,Petrol,Manual,9.0,938092
2052,24.3,158,19,Hyundai,Petrol,Automatic,7.0,672613
1377,18.0,337,15,Tata,Petrol,Automatic,9.0,939379
2922,9.4,110,16,BMW,CNG,Automatic,,1324973
1234,14.3,210,10,BMW,Petrol,Automatic,10.0,1588876
2950,26.7,163,6,Tata,Petrol,Manual,4.0,545610
1563,25.0,148,17,Kia,Petrol,Manual,7.0,445359
2129,27.6,200,17,Tata,Petrol,Manual,6.0,427192
2945,20.6,272,19,Suzuki,Petrol,Manual,8.0,945867
2158,13.0,292,18,Toyota,Petrol,Manual,7.0,849470
3282,11.3,242,11,Toyota,Diesel,Automatic,4.0,1576138
1246,11.7,310,7,Hyundai,Petrol,Automatic,7.0,842330
2817,8.4,68,10,Audi,Diesel,Manual,8.0,1251237
2131,15.8,138,7,Tata,Diesel,Manual,5.0,691495
1048,11.8,111,5,Kia,Diesel,Manual,7.0,869679
965,16.2,328,12,Suzuki,Diesel,Manual,6.0,577791
2158,26.7,285,16,Toyota,Petrol,Manual,8.0,813536
1819,16.6,110,18,Toyota,Petrol,Manual,4.0,495181
1341,25.6,245,3,Kia,Diesel,Automatic,10.0,1053496
1558,20.1,93,20,Suzuki,Petrol,Automatic,10.0,399261
2928,12.9,350,15,Honda,Petrol,Automatic,8.0,1154989
2980,15.1,289,5,Suzuki,Petrol,Manual,9.0,886709
1596,9.7,190,13,Kia,Diesel,Manual,5.0,628802
937,14.7,179,19,Toyota,Petrol,Manual,4.0,551046
3031,21.6,306,12,Audi,Petrol,Automatic,,1997631
2153,9.4,251,5,Honda,Petrol,Automatic,10.0,1075373
2675,12.1,269,6,Kia,CNG,Manual,5.0,723435
868,15.6,162,7,Kia,Petrol,Automatic,6.0,531702
3393,27.6,192,10,BMW,Diesel,Manual,10.0,1861466
2900,23.7,198,16,Suzuki,Petrol,Manual,7.0,570442
2273,22.7,180,8,BMW,Diesel,Automatic,6.0,1708221
1004,10.3,153,9,Honda,Petrol,Automatic,6.0,895206
2973,23.6,188,4,Honda,Diesel,Manual,,765140
842,23.7,150,8,Honda,Petrol,Manual,6.0,692685
2706,20.0,151,7,Hyundai,Petrol,Manual,4.0,707467
2958,27.8,122,15,Suzuki,Diesel,Manual,7.0,744896
1560,14.5,88,3,Kia,Diesel,Automatic,7.0,718582
2942,26.8,269,17,Tata,Diesel,Manual,10.0,1045576
2794,26.3,71,11,Audi,Diesel,Manual,4.0,1301871
2735,8.2,189,9,Audi,Petrol,Manual,6.0,1427062
1699,17.0,232,5,Kia,CNG,Automatic,6.0,900388
1159,27.5,267,10,BMW,Petrol,Automatic,5.0,1167272
2519,10.1,83,15,Kia,Diesel,Automatic,10.0,751608
1080,19.0,158,14,BMW,Petrol,Manual,10.0,1130765
2687,27.6,198,4,Tata,Petrol,Automatic,5.0,798214
1466,19.1,233,20,BMW,Petrol,Manual,9.0,1228031
892,11.8,88,2,Suzuki,Petrol,Manual,8.0,518947
1471,19.6,202,12,Toyota,Petrol,Automatic,,856193
2769,12.1,101,1,BMW,Petrol,Manual,7.0,1864741
860,18.4,267,20,Honda,Petrol,Manual,4.0,373156
3481,9.5,251,5,BMW,Petrol,Manual,6.0,1788300
1828,20.1,219,6,Honda,Petrol,Manual,8.0,1059163
2289,18.3,123,11,Hyundai,Petrol,Manual,5.0,802018
1403,22.8,302,8,Toyota,Petrol,Automatic,10.0,972391
1481,20.6,317,7,Toyota,Petrol,Manual,8.0,808012
3381,19.0,211,4,Tata,Diesel,Manual,4.0,920180
2228,21.8,274,6,Suzuki,CNG,Automatic,4.0,957404
3492,10.9,225,16,Kia,Petrol,Automatic,10.0,973112
3080,19.9,90,20,Suzuki,Diesel,Manual,8.0,626160
1323,11.4,291,15,Audi,Diesel,Manual,8.0,1151220
3193,26.5,341,14,Hyundai,Petrol,Manual,9.0,1094627
3393,9.4,88,12,Tata,Diesel,Manual,8.0,840372
2768,16.6,254,12,Suzuki,Petrol,Manual,6.0,565938
1901,21.9,315,16,Honda,Petrol,Manual,7.0,657571
2553,17.2,340,15,Hyundai,Petrol,Manual,5.0,512657
2636,9.8,146,13,Toyota,Petrol,Manual,10.0,713743
3096,19.1,208,11,Kia,Diesel,Manual,5.0,990698
2894,20.8,308,17,Kia,Petrol,Manual,5.0,955844
1944,22.1,342,15,Honda,Petrol,Manual,8.0,976638
3061,15.5,257,14,Tata,Petrol,Manual,10.0,923156
3086,19.3,103,10,Tata,Diesel,Manual,8.0,798284
1879,17.0,87,12,Hyundai,Diesel,Manual,,781032
3197,21.4,76,16,Toyota,Diesel,Manual,8.0,869057
906,19.7,186,15,Suzuki,Petrol,Automatic,9.0,820945
847,18.5,227,10,Honda,Petrol,Manual,9.0,713171
1136,13.0,303,4,Honda,Petrol,Manual,6.0,1076854
1849,8.0,135,9,Toyota,Petrol,Manual,6.0,834985
2080,11.5,290,20,Honda,Petrol,Manual,6.0,828893
2855,10.3,263,9,Kia,Petrol,Automatic,6.0,689403
1424,17.0,307,20,Suzuki,Petrol,Manual,4.0,604660
2690,20.2,273,11,Suzuki,CNG,Manual,6.0,641104
2076,12.3,274,11,Suzuki,Diesel,Manual,6.0,672119
2515,26.8,217,7,Toyota,Petrol,Automatic,6.0,797153
1102,8.1,128,10,BMW,Petrol,Automatic,,1136813
1438,23.4,144,4,BMW,Petrol,Manual,5.0,1166140
855,20.5,326,5,Tata,Diesel,Manual,10.0,648021
1525,15.5,128,5,Tata,Diesel,Automatic,5.0,538093
1325,9.0,158,11,Kia,CNG,Automatic,5.0,636964
1273,20.5,275,9,Honda,Petrol,Manual,7.0,931742
827,15.7,220,16,Suzuki,Diesel,Manual,4.0,460568
2925,26.7,153,9,Honda,Petrol,Manual,9.0,1131782
1164,18.8,233,4,Toyota,Diesel,Manual,8.0,889315
1325,26.8,224,2,Honda,Diesel,Manual,9.0,1008654
2135,12.4,174,14,Audi,Diesel,Manual,6.0,1037179
1682,22.5,279,3,BMW,Petrol,Automatic,5.0,1417389
1830,20.3,90,18,Honda,Diesel,Manual,9.0,936568
1826,22.8,70,6,Honda,Petrol,Automatic,4.0,940342
2446,12.3,189,11,Hyundai,Petrol,Manual,6.0,549821
1718,21.3,164,18,Kia,Petrol,Automatic,7.0,627929
3210,18.0,86,12,Honda,Petrol,Manual,8.0,852093
2574,22.9,286,5,Audi,Petrol,Manual,6.0,1489292
2331,14.5,61,9,BMW,Petrol,Manual,10.0,1226133
2706,25.8,160,20,Hyundai,Petrol,Manual,8.0,717451
2015,9.7,80,18,Kia,Petrol,Automatic,9.0,743668
2454,24.1,117,19,Toyota,Petrol,Manual,6.0,654391
1284,25.2,239,3,Tata,Petrol,Manual,,700768
2875,24.3,79,9,Toyota,Petrol,Manual,9.0,823470
1513,18.3,314,4,BMW,Petrol,Automatic,4.0,1739824
1862,16.8,97,17,Tata,Petrol,Manual,8.0,569824
2776,27.9,207,17,Toyota,Diesel,Manual,8.0,880615
2096,12.6,84,2,Kia,Petrol,Manual,4.0,686034
2054,18.9,180,9,Audi,Diesel,Manual,,1388896
2933,21.4,85,9,Honda,Petrol,Automatic,8.0,939159
925,22.0,228,5,BMW,CNG,Manual,9.0,1283798
1336,12.1,284,15,Tata,Petrol,Manual,5.0,394817
2992,21.1,60,15,Hyundai,Petrol,Manual,10.0,673796
2872,24.4,320,3,Honda,Petrol,Manual,4.0,1186971
2403,9.0,72,19,Toyota,Petrol,Manual,7.0,408073
866,26.2,107,3,Toyota,Diesel,Manual,10.0,563156
1032,8.6,350,6,Hyundai,Petrol,Manual,6.0,805928
2956,15.1,153,4,Audi,Petrol,Manual,6.0,1205100
1969,8.3,320,13,Kia,Diesel,Manual,4.0,577522
2958,9.5,337,13,Kia,Petrol,Manual,5.0,967299
3075,26.2,264,11,Hyundai,Petrol,Manual,9.0,925937
910,15.1,244,5,BMW,Petrol,Automatic,7.0,1622882
2293,16.5,234,1,Hyundai,Petrol,Automatic,6.0,891670
2881,12.3,128,9,Toyota,CNG,Manual,6.0,734317
1422,19.9,163,17,Audi,Diesel,Manual,9.0,1079255
3442,19.9,305,1,Audi,Diesel,Manual,5.0,1808661
3272,15.4,220,3,Suzuki,CNG,Automatic,8.0,1090865
3460,14.7,259,15,Hyundai,Petrol,Automatic,10.0,1186354
2341,25.7,275,10,BMW,Petrol,Manual,4.0,1103332
2105,15.7,271,8,Toyota,Petrol,Manual,5.0,841943
2561,17.9,75,12,Honda,Diesel,Manual,5.0,826216
2775,13.7,264,15,Kia,Diesel,Manual,5.0,726976
3162,23.7,98,9,Kia,Petrol,Automatic,5.0,629008
1676,15.9,148,10,Kia,Petrol,Manual,,672338
2789,18.3,315,20,Audi,CNG,Automatic,9.0,1715585
2112,13.1,313,9,Kia,Petrol,Manual,7.0,773242
2260,27.8,275,15,Hyundai,Diesel,Manual,10.0,1137787
3124,13.8,231,1,Suzuki,Petrol,Manual,5.0,757258
2533,23.4,196,2,BMW,Petrol,Manual,10.0,1738839
2405,16.5,237,19,BMW,Petrol,Automatic,5.0,1386604
2326,12.1,136,14,Tata,Diesel,Manual,4.0,605747
3471,24.0,247,8,Kia,Petrol,Manual,6.0,886459
3363,14.7,74,6,Toyota,Petrol,Manual,8.0,1048770
3197,25.3,273,12,Audi,Diesel,Manual,5.0,1851507
2430,26.3,267,15,Toyota,Diesel,Manual,7.0,935708
1960,25.2,228,14,Kia,Diesel,Automatic,7.0,762550
1558,8.7,339,1,Suzuki,Petrol,Manual,7.0,788566
1042,23.7,205,11,Honda,Diesel,Manual,4.0,1037261
3390,16.2,322,3,Kia,Petrol,Automatic,7.0,1262581
1863,25.5,63,19,Honda,Petrol,Manual,9.0,468829
1028,20.8,149,18,Honda,Petrol,Manual,4.0,255073
3395,24.7,119,20,BMW,Petrol,Manual,8.0,948764
1719,18.0,75,2,Audi,Diesel,Manual,7.0,1356581
2046,18.7,286,7,Kia,Petrol,Automatic,6.0,1028511
805,10.9,88,8,Toyota,Petrol,Manual,,502100
1267,23.7,210,19,Toyota,Diesel,Manual,8.0,617504
2555,16.4,304,15,Suzuki,Diesel,Manual,,602174
874,18.0,329,10,Honda,Diesel,Manual,6.0,852410
803,23.7,138,1,Audi,Petrol,Manual,8.0,1209371
2670,20.0,348,6,Audi,Diesel,Manual,,1729511
1445,12.0,212,13,Suzuki,Petrol,Automatic,7.0,885952
917,19.8,336,14,Hyundai,CNG,Manual,8.0,486737
2429,16.2,338,3,Audi,Petrol,Manual,8.0,1738747
3351,17.4,116,11,Audi,Diesel,Manual,8.0,1642358
2821,8.6,245,3,Toyota,Petrol,Manual,4.0,972048
1746,12.2,152,19,Suzuki,Petrol,Manual,6.0,411846
3421,13.6,335,10,Kia,Petrol,Manual,10.0,836390
2264,22.3,217,15,Audi,Petrol,Manual,9.0,1424422
993,8.2,334,11,Audi,Petrol,Manual,7.0,1141158
1646,16.2,240,15,Toyota,Diesel,Manual,5.0,788963
2215,26.5,136,13,Kia,Petrol,Manual,7.0,736258
2258,10.2,210,5,Kia,Diesel,Manual,7.0,816401
3020,18.3,297,4,Audi,Petrol,Automatic,4.0,1807777
2468,23.7,348,13,Toyota,Petrol,Manual,4.0,1054553
3173,26.9,290,9,Hyundai,Diesel,Automatic,8.0,1098654
2233,22.9,77,17,BMW,Diesel,Manual,7.0,1372765
1941,22.4,132,2,Tata,Petrol,Automatic,6.0,703623
2610,24.5,248,5,Toyota,Petrol,Manual,4.0,739757
1523,16.9,76,16,Toyota,Diesel,Manual,9.0,629819
1024,24.1,78,7,Audi,Petrol,Automatic,4.0,1264236
1331,8.2,278,1,Toyota,Petrol,Manual,6.0,606577
912,26.5,179,12,Suzuki,Diesel,Manual,4.0,442553
2987,16.9,160,11,Honda,Petrol,Automatic,10.0,1184971
1358,19.1,93,12,Honda,Petrol,Manual,6.0,576378
2848,13.1,143,19,Hyundai,CNG,Manual,10.0,712749
2937,22.9,255,12,Kia,Diesel,Manual,10.0,875684
1453,9.5,261,12,Toyota,Petrol,Manual,5.0,600192
1119,25.5,70,14,Kia,Petrol,Manual,6.0,394266
2373,24.6,277,2,Suzuki,Petrol,Automatic,5.0,754833
2628,12.3,312,2,Audi,Diesel,Manual,9.0,1934001
2717,24.2,281,4,Audi,Diesel,Automatic,8.0,2022813
938,23.7,139,20,Tata,Petrol,Manual,8.0,310357
2826,20.6,66,16,BMW,Petrol,Automatic,,1312059
3106,15.5,331,10,Hyundai,Petrol,Manual,,723109
1701,13.4,286,13,Suzuki,Petrol,Automatic,,690364
1489,12.6,75,2,Kia,Diesel,Manual,4.0,1020121
2839,14.4,71,3,Suzuki,Petrol,Automatic,6.0,659163
809,26.1,350,19,Tata,Petrol,Manual,4.0,656453
1060,9.6,300,6,Tata,Petrol,Manual,8.0,731528
2742,24.6,80,19,Audi,Petrol,Manual,9.0,937614
2473,15.0,237,20,Kia,Petrol,Manual,8.0,469763
3019,18.4,287,19,BMW,Petrol,Manual,4.0,1292976
2860,23.9,332,8,Audi,Diesel,Manual,6.0,1949349
1991,25.7,347,14,BMW,CNG,Manual,7.0,1177143
2419,14.9,193,10,Honda,CNG,Manual,,770553
1120,17.2,342,3,Suzuki,Petrol,Manual,6.0,874615
2142,16.3,212,6,Tata,Diesel,Manual,4.0,821807
2436,8.3,125,15,Honda,CNG,Automatic,6.0,492793
3176,13.9,196,18,Kia,Petrol,Automatic,5.0,808298
2794,17.2,151,14,Audi,Petrol,Manual,6.0,1393851
2743,16.2,318,19,Hyundai,Petrol,Manual,8.0,812891
2838,22.4,162,10,Toyota,Petrol,Manual,10.0,510532
1918,15.7,114,15,Hyundai,Diesel,Automatic,8.0,825309
2404,17.8,316,4,Hyundai,Petrol,Manual,5.0,916680
3165,16.6,160,2,Toyota,Petrol,Manual,9.0,801985
1035,22.8,257,3,Suzuki,Petrol,Manual,6.0,398278
2769,25.3,285,7,Honda,Petrol,Automatic,9.0,1404796
1133,18.6,296,16,Honda,Petrol,Manual,7.0,571471
2708,23.8,85,10,Suzuki,Petrol,Manual,6.0,475929
1175,13.9,180,19,Toyota,Petrol,Manual,8.0,524909
1960,18.8,241,17,BMW,Diesel,Manual,10.0,1274717
3435,14.9,258,19,Hyundai,Diesel,Manual,8.0,956505
2370,16.3,314,5,Audi,Diesel,Manual,9.0,1767503
3360,22.6,181,20,Honda,Diesel,Automatic,4.0,759332
2119,25.6,90,13,Suzuki,Diesel,Manual,8.0,524725
2655,10.4,344,13,Audi,Diesel,Automatic,4.0,1792404
2172,20.7,165,11,Tata,Diesel,Manual,8.0,744360
1672,19.6,283,11,Toyota,Diesel,Manual,8.0,884609
2052,10.4,332,16,Audi,Petrol,Automatic,,1728783
3117,12.2,291,15,Kia,Petrol,Manual,7.0,954395
2651,14.2,315,17,Audi,Diesel,Manual,4.0,1468693
2114,11.3,83,18,Kia,Petrol,Automatic,4.0,496549
1524,12.9,168,19,Hyundai,Petrol,Manual,8.0,573593
2852,13.4,250,4,Toyota,Petrol,Manual,4.0,908329
877,14.7,84,5,Audi,Petrol,Automatic,8.0,1248753
3421,23.0,246,7,Honda,CNG,Manual,8.0,997553
931,19.4,347,2,Toyota,Petrol,Manual,9.0,977838
1400,27.7,175,1,Honda,Petrol,Automatic,6.0,987070
2572,16.3,96,12,Suzuki,Petrol,Manual,,596935
1865,23.1,341,10,Suzuki,Diesel,Manual,10.0,1296137
2936,25.4,196,8,Tata,Petrol,Automatic,5.0,779928
3249,21.6,286,1,BMW,Diesel,Manual,9.0,2080365
3143,16.2,241,12,Suzuki,Diesel,Automatic,4.0,1004508
2663,23.1,145,2,Audi,Petrol,Automatic,10.0,1715209
2118,12.1,112,10,Toyota,Petrol,Manual,4.0,612670
1415,14.6,294,17,Suzuki,Petrol,Manual,7.0,387568
3269,18.9,326,3,Honda,Diesel,Manual,5.0,1373685
2688,19.5,346,7,Audi,Diesel,Manual,5.0,1784089
1846,8.4,159,12,Suzuki,Petrol,Automatic,10.0,670514
1374,26.9,146,8,Kia,Petrol,Manual,7.0,724452
2990,21.9,74,20,Kia,Petrol,Manual,7.0,297331
1792,17.9,160,12,Hyundai,Diesel,Manual,4.0,544340
2992,26.7,224,3,Honda,Petrol,Automatic,6.0,1202960
2048,16.8,88,17,Tata,Petrol,Manual,10.0,376829
1302,27.6,173,9,Tata,Petrol,Automatic,7.0,409405
2797,18.2,166,10,Tata,Diesel,Manual,5.0,725380
1620,10.3,189,6,Honda,Diesel,Automatic,10.0,1238007
2951,23.3,143,1,Tata,Petrol,Manual,,1057642
2770,21.6,330,12,BMW,Diesel,Manual,4.0,1530814
997,23.5,303,5,Hyundai,Petrol,Automatic,10.0,1081162
2469,27.0,273,13,BMW,CNG,Manual,6.0,1318872
3426,23.5,225,15,Kia,Petrol,Manual,8.0,1026161
3238,20.2,338,11,Suzuki,Diesel,Automatic,,1032302
2002,25.1,118,8,Hyundai,Petrol,Manual,7.0,434869
3401,21.5,149,5,Honda,Petrol,Manual,7.0,1057683
2271,16.2,253,2,BMW,Diesel,Manual,4.0,1522654
2446,25.7,182,12,Audi,Petrol,Automatic,9.0,1368027
2492,12.4,195,2,Hyundai,Petrol,Manual,,887049
2112,22.3,198,16,Honda,Petrol,Manual,6.0,650304
2835,25.6,288,3,Toyota,Petrol,Manual,5.0,1057213
1277,22.6,333,10,Hyundai,Petrol,Manual,5.0,827180
2054,21.9,109,19,Hyundai,Petrol,Automatic,8.0,580866
1722,23.1,177,8,Suzuki,Diesel,Manual,5.0,698587
1219,17.3,261,7,Audi,Diesel,Manual,9.0,1405526
3004,25.5,250,1,Suzuki,Petrol,Manual,9.0,1077881
3397,12.1,240,12,Tata,Petrol,Manual,7.0,810171
1920,10.5,137,5,Hyundai,Diesel,Automatic,8.0,982688
1750,13.7,134,16,Kia,Petrol,Manual,6.0,463189
3136,18.6,340,4,Hyundai,Petrol,Manual,8.0,1097083
2077,18.2,80,17,Tata,Diesel,Manual,10.0,486633
3043,24.4,230,2,Audi,Diesel,Automatic,6.0,1923402
3445,16.1,74,12,Audi,Petrol,Manual,9.0,1465399
2657,17.7,270,1,Kia,Petrol,Manual,5.0,777509
1316,8.3,107,12,Kia,Petrol,Automatic,4.0,490757
2458,16.2,145,12,BMW,CNG,Automatic,8.0,1478496
2665,21.0,208,12,Honda,Petrol,Automatic,8.0,984860
1941,8.3,247,19,Honda,CNG,Manual,7.0,756044
2732,13.6,210,17,BMW,Petrol,Automatic,7.0,1366635
1614,12.2,200,20,Honda,Petrol,Manual,9.0,482392
3075,8.8,128,11,Hyundai,Petrol,Manual,6.0,549326
2700,17.6,319,13,BMW,Diesel,Manual,4.0,1750020
3063,11.6,68,8,BMW,Petrol,Manual,10.0,1314757
2862,22.9,180,10,Honda,Petrol,Automatic,7.0,1163452
2894,25.0,160,8,Toyota,Diesel,Manual,7.0,832261
3171,18.9,208,20,Kia,CNG,Automatic,5.0,887404
929,27.6,205,8,Honda,Petrol,Automatic,5.0,1085741
894,17.0,302,9,Suzuki,Petrol,Manual,9.0,389962
3474,18.3,300,7,Toyota,Diesel,Automatic,9.0,1300768
2755,27.8,102,14,BMW,Diesel,Manual,7.0,1417423
1593,12.6,154,2,Toyota,Petrol,Manual,6.0,876722
2634,26.9,285,11,Hyundai,CNG,Automatic,10.0,1088777
2916,8.9,65,8,Audi,Petrol,Manual,,1182935
2483,16.9,273,13,Toyota,Diesel,Manual,7.0,1244241
810,9.4,265,15,Suzuki,Petrol,Manual,,511357
2665,22.6,126,3,Audi,Petrol,Automatic,6.0,1407457
3397,20.2,159,14,Hyundai,Petrol,Manual,7.0,784954
1511,22.1,71,15,Suzuki,Diesel,Manual,,285824
2870,15.5,296,2,Tata,CNG,Manual,8.0,1121385
1614,15.4,317,19,Audi,Petrol,Automatic,,1120049
1145,8.9,194,12,Tata,Petrol,Manual,7.0,622165
3149,15.0,281,20,Hyundai,Petrol,Manual,6.0,710788
1162,26.6,215,4,Audi,Diesel,Manual,10.0,1342243
3243,15.6,201,3,Audi,CNG,Manual,,1191686
3065,24.6,217,5,Honda,Diesel,Manual,5.0,1206847
2988,24.8,321,3,Suzuki,Petrol,Manual,7.0,1119141
1784,15.5,342,15,Kia,CNG,Manual,6.0,496141
2439,20.6,288,19,Suzuki,Petrol,Manual,7.0,395317
1627,9.9,339,2,Toyota,Petrol,Manual,,1111036
1155,10.1,349,12,Tata,Petrol,Manual,7.0,419726
2147,9.0,227,5,Tata,Petrol,Manual,7.0,970232
2663,19.6,106,17,Suzuki,Diesel,Manual,4.0,407415
926,16.5,262,14,Suzuki,Diesel,Manual,4.0,340861
1403,19.0,273,10,Audi,Petrol,Manual,4.0,1118911
2728,18.4,305,3,Tata,Petrol,Manual,9.0,819131
1813,15.0,83,4,BMW,Petrol,Manual,8.0,1163761
850,21.5,333,6,Kia,Petrol,Manual,9.0,829747
2230,23.2,103,16,Honda,Petrol,Manual,,288143
2592,8.3,215,7,Kia,Petrol,Automatic,9.0,1261686
2436,12.1,258,15,Toyota,Diesel,Manual,9.0,946316
2445,22.3,221,20,Kia,Diesel,Automatic,4.0,524638
3267,15.7,293,11,Honda,CNG,Manual,4.0,740193
2005,21.2,222,1,Toyota,CNG,Manual,5.0,962130
2654,14.9,175,5,Hyundai,Diesel,Automatic,9.0,1265699
1366,15.8,152,13,Audi,Petrol,Manual,8.0,1179771
3218,11.2,101,14,Suzuki,Diesel,Manual,7.0,610744
1735,13.2,343,9,Suzuki,Petrol,Automatic,10.0,944937
2734,20.1,269,17,BMW,Diesel,Manual,10.0,1662300
2132,16.7,265,15,Kia,Petrol,Manual,,807780
1001,23.5,279,7,Tata,Diesel,Manual,8.0,916862
3160,25.1,339,12,Tata,Petrol,Automatic,8.0,926844
916,18.8,195,6,Honda,Petrol,Automatic,5.0,770449
1736,23.2,165,16,Honda,Petrol,Manual,7.0,549855
1374,14.1,177,5,Honda,Petrol,Manual,7.0,789552
3091,16.3,296,9,Tata,CNG,Automatic,4.0,963702
1336,22.3,159,14,Suzuki,Petrol,Manual,4.0,200000
2425,15.7,320,8,Tata,Petrol,Manual,8.0,1029148
2922,19.8,345,14,Honda,CNG,Manual,5.0,694113
1185,11.7,162,12,Audi,Diesel,Manual,7.0,991650
1274,20.0,122,10,Toyota,Petrol,Manual,5.0,758019
1217,25.2,234,20,Suzuki,Petrol,Automatic,6.0,535278
3194,25.4,341,20,Audi,Petrol,Automatic,10.0,1756432
3487,22.5,285,13,Hyundai,Diesel,Manual,7.0,873020
1738,22.9,66,19,Kia,Diesel,Manual,4.0,254688
1754,19.2,186,15,Audi,CNG,Manual,8.0,1080118
1675,19.7,151,8,Kia,Petrol,Manual,5.0,532578
1562,10.7,249,10,Audi,Petrol,Manual,10.0,1218256
2002,16.9,112,3,Hyundai,Petrol,Manual,10.0,990252
2005,17.0,301,3,Audi,Diesel,Manual,10.0,1631915
1463,27.2,191,5,Toyota,Petrol,Manual,4.0,754021
824,16.6,171,16,Suzuki,Petrol,Manual,8.0,435178
2790,19.0,66,17,Kia,Petrol,Manual,4.0,531697
2003,18.7,289,6,BMW,Petrol,Manual,7.0,1436412
1509,20.7,215,20,Tata,Diesel,Manual,5.0,405979
2679,23.0,256,20,Hyundai,Petrol,Automatic,6.0,639759
1984,12.5,282,16,Kia,Petrol,Automatic,9.0,907794
3024,18.6,309,2,Suzuki,Petrol,Manual,10.0,889579
1084,24.5,142,20,Honda,Diesel,Manual,4.0,575955
862,17.3,299,15,Kia,Petrol,Manual,9.0,584306
1802,13.6,322,18,Toyota,Petrol,Manual,5.0,529876
1461,21.1,248,1,BMW,Petrol,Manual,7.0,1435233
3003,24.5,349,19,Toyota,Petrol,Automatic,4.0,888778
2292,9.3,117,12,Kia,Diesel,Manual,,869654
1766,23.5,68,8,Toyota,Petrol,Manual,6.0,586576
1648,24.4,174,6,Honda,CNG,Manual,10.0,749060
1907,17.2,269,12,BMW,Petrol,Manual,6.0,1479724
1488,27.7,100,7,Tata,Diesel,Manual,10.0,775042
947,23.7,232,18,Toyota,Diesel,Manual,8.0,862137
1141,23.5,293,14,Honda,Petrol,Manual,8.0,923212
3323,23.0,340,8,Hyundai,Diesel,Manual,8.0,1054565
1886,11.0,137,20,Honda,Petrol,Automatic,7.0,808975
2524,12.3,167,14,Audi,Petrol,Manual,8.0,1434656
2183,17.3,340,5,Kia,Petrol,Manual,5.0,1109231
3408,13.3,98,9,Suzuki,Petrol,Manual,9.0,917453
1126,16.3,178,8,Kia,Diesel,Manual,9.0,869335
2592,25.8,86,2,Kia,Petrol,Manual,7.0,760540
2559,24.5,163,16,Honda,Diesel,Manual,7.0,701993
1789,20.6,133,13,Honda,Petrol,Manual,8.0,642664
3062,25.2,250,7,Honda,Petrol,Manual,10.0,875947
3282,23.7,206,16,Kia,CNG,Manual,9.0,935630
1751,16.6,314,7,Tata,Diesel,Manual,9.0,853091
1522,12.0,343,14,Toyota,Diesel,Manual,,1052848
2879,18.3,272,14,Tata,Diesel,Manual,7.0,664786
3132,22.7,182,12,BMW,CNG,Manual,6.0,1424519
1228,16.7,265,1,Honda,Petrol,Manual,10.0,920529
2300,21.3,299,1,Honda,Diesel,Manual,6.0,994610
1085,9.9,345,12,Audi,Petrol,Manual,8.0,1451492
2865,23.0,81,20,Audi,Petrol,Automatic,6.0,1233722
1568,24.3,318,15,Hyundai,Petrol,Manual,5.0,697899
3437,22.1,164,4,Hyundai,Petrol,Automatic,5.0,1093760
2194,27.3,317,7,Audi,Petrol,Manual,5.0,1472217
993,24.5,263,16,BMW,Diesel,Manual,7.0,1110888
3349,26.1,321,3,Hyundai,Diesel,Manual,7.0,1116581
1787,26.7,166,7,Suzuki,Petrol,Manual,7.0,566293
1936,24.0,310,6,Suzuki,Petrol,Manual,7.0,1056695
2961,21.5,280,16,BMW,Petrol,Manual,7.0,1836449
2501,8.1,281,8,Audi,Petrol,Automatic,8.0,1974096
1746,17.3,317,6,Hyundai,Diesel,Manual,6.0,1011291
1630,19.4,260,10,Honda,Petrol,Manual,,769172
2720,14.1,317,16,Audi,Petrol,Automatic,6.0,1408984
854,14.4,284,11,Hyundai,CNG,Automatic,8.0,592719
1599,27.2,261,13,BMW,Diesel,Manual,5.0,1146748
1577,25.8,285,6,Suzuki,Diesel,Manual,,1098181
2281,25.0,295,1,Kia,Diesel,Manual,7.0,1317284
2701,16.1,242,19,BMW,Petrol,Manual,,1360547
3009,8.3,259,12,Kia,Petrol,Manual,4.0,649038
2934,9.6,305,6,Hyundai,Diesel,Manual,5.0,1208431
854,14.2,170,18,BMW,Diesel,Manual,4.0,697559
2623,8.3,65,13,Hyundai,Petrol,Automatic,4.0,373305
2001,8.3,295,7,Hyundai,Petrol,Automatic,5.0,1004198
1632,26.3,186,13,Kia,Diesel,Manual,6.0,517752
1112,22.1,163,8,BMW,Petrol,Manual,8.0,998013
2658,14.2,296,17,Toyota,Petrol,Manual,9.0,845364
2807,10.7,214,9,Honda,Petrol,Manual,4.0,818445
2806,18.2,316,20,Audi,Petrol,Manual,7.0,1268875
3290,8.1,294,13,Suzuki,Petrol,Automatic,5.0,877698
2590,26.8,348,2,Honda,Petrol,Manual,10.0,954648
1127,16.3,99,4,Audi,Diesel,Manual,10.0,1490833
3426,16.0,347,2,Audi,Petrol,Manual,4.0,1654017
2087,15.8,256,4,Suzuki,Petrol,Automatic,9.0,784852
2943,9.4,332,18,Honda,Petrol,Automatic,6.0,999538
1911,20.8,323,5,Suzuki,CNG,Automatic,6.0,776754
2111,22.7,116,19,Hyundai,Petrol,Manual,9.0,805555
3338,21.5,157,10,Suzuki,Petrol,Manual,7.0,791382
1251,10.8,196,18,Kia,Diesel,Manual,4.0,569541
2323,19.6,146,10,Kia,Petrol,Manual,7.0,745940
964,19.4,301,5,BMW,Petrol,Automatic,,1568133
981,25.4,258,17,Toyota,Petrol,Manual,10.0,690421
3316,15.6,143,13,Toyota,CNG,Manual,6.0,461024
1709,15.4,301,17,Toyota,Diesel,Manual,8.0,775850
1622,20.4,340,9,Honda,CNG,Manual,6.0,971744
1743,20.7,311,12,Kia,Petrol,Manual,5.0,1287959
2801,17.4,249,14,Honda,Diesel,Manual,8.0,838462
2854,16.9,211,14,Hyundai,Petrol,Manual,7.0,863383
1129,17.9,337,8,Tata,Diesel,Manual,6.0,672103
1574,25.2,198,5,Toyota,Diesel,Automatic,,1321106
2998,17.2,235,19,Hyundai,Petrol,Manual,5.0,514250
946,26.8,67,14,Kia,Diesel,Manual,8.0,569732
1714,18.1,294,9,Tata,Petrol,Manual,5.0,478456
2371,27.0,222,7,Toyota,Petrol,Manual,8.0,868096
2108,24.7,108,8,Honda,CNG,Automatic,8.0,823278
881,15.2,97,14,Tata,Petrol,Manual,8.0,592437
1313,25.3,195,14,BMW,Petrol,Manual,9.0,918262
2720,10.2,278,11,BMW,Petrol,Automatic,7.0,1854246
2739,26.5,93,14,BMW,Diesel,Automatic,8.0,1525742
1545,20.6,138,8,Suzuki,Petrol,Manual,8.0,629969
2209,9.1,295,3,BMW,Petrol,Manual,5.0,1728703
1506,20.9,332,18,Audi,Diesel,Manual,8.0,1032223
1270,27.5,220,3,Toyota,Petrol,Automatic,7.0,1055981
1195,9.4,234,13,BMW,Petrol,Manual,10.0,1102484
2355,19.1,280,12,Tata,Diesel,Manual,9.0,1027603
3108,23.0,68,15,Kia,Petrol,Manual,9.0,750043
1604,24.2,348,18,Audi,Diesel,Manual,5.0,1123819
1733,16.3,172,5,Audi,Petrol,Automatic,10.0,1458702
2079,12.1,264,7,Audi,CNG,Automatic,8.0,1599063
2557,8.8,245,11,Hyundai,CNG,Manual,5.0,909648
1704,19.6,256,11,Tata,Petrol,Manual,9.0,626378
1876,17.1,325,15,Hyundai,Petrol,Manual,7.0,586647
2690,27.0,321,10,Audi,CNG,Automatic,5.0,1591085
2323,9.2,307,15,Suzuki,Petrol,Automatic,7.0,573211
2187,21.7,174,13,BMW,Petrol,Automatic,10.0,1304488
2103,8.5,180,14,Kia,Diesel,Automatic,10.0,740149
1392,11.4,200,17,Toyota,Diesel,Manual,6.0,561243
3479,17.1,124,13,Tata,Diesel,Automatic,8.0,763509
2906,17.1,335,10,Suzuki,Petrol,Manual,7.0,543633
927,21.7,298,1,Honda,Petrol,Manual,8.0,764391
1535,26.2,69,1,Hyundai,Diesel,Manual,10.0,951417
3373,20.8,292,15,BMW,Diesel,Manual,7.0,1535749
1320,27.1,254,16,BMW,Diesel,Automatic,4.0,1126282
3399,25.6,71,12,Honda,CNG,Manual,10.0,1120915
1036,19.7,236,6,Honda,Diesel,Automatic,4.0,897871
2104,24.7,236,6,Tata,Petrol,Manual,4.0,761913
2581,20.9,276,12,BMW,Diesel,Manual,10.0,1578852
2101,9.6,70,15,Honda,Petrol,Manual,7.0,953939
3341,22.8,177,4,BMW,Petrol,Manual,9.0,1683021
2851,9.9,223,4,Suzuki,Petrol,Manual,9.0,833897
1241,19.9,98,2,Tata,Diesel,Manual,8.0,904365
2876,22.1,112,12,Kia,CNG,Automatic,4.0,648253
3457,9.3,277,7,Honda,Petrol,Manual,8.0,1175341
1604,12.6,265,20,Suzuki,Petrol,Manual,7.0,468208
874,26.3,115,9,Suzuki,Petrol,Automatic,,494625
2975,20.3,177,9,Honda,Diesel,Manual,8.0,1121274
2889,12.9,312,8,Tata,Diesel,Manual,4.0,1001318
2179,21.8,345,14,BMW,Petrol,Manual,10.0,1425556
840,19.9,327,1,Kia,Diesel,Manual,9.0,816182
2881,18.0,350,12,Audi,Petrol,Manual,5.0,1380353
2500,27.5,239,2,BMW,Petrol,Manual,6.0,1403421
2201,21.7,294,13,Toyota,Petrol,Manual,7.0,600152
1387,15.5,255,4,Honda,Diesel,Manual,7.0,1020762
2422,24.0,139,20,Hyundai,Petrol,Manual,7.0,727571
1141,25.7,194,18,Tata,Diesel,Manual,6.0,609548
2874,10.5,81,19,Honda,Petrol,Automatic,5.0,367999
1445,12.0,284,16,Toyota,Petrol,Manual,9.0,693200
1530,12.3,117,14,Suzuki,Petrol,Manual,,311731
967,21.8,152,8,Hyundai,Petrol,Automatic,9.0,765066
1409,20.1,251,12,Hyundai,Petrol,Automatic,7.0,720788
3115,20.4,162,9,BMW,Diesel,Automatic,8.0,2017861
2572,26.8,66,6,Audi,Petrol,Automatic,4.0,1301190
2840,23.5,187,18,BMW,Diesel,Manual,9.0,1136546
1254,10.6,114,2,Tata,Petrol,Manual,4.0,439548
2508,15.0,290,8,Hyundai,Petrol,Manual,4.0,856050
1501,16.7,121,14,Kia,Petrol,Manual,10.0,601086
3481,15.9,299,6,Kia,CNG,Manual,9.0,750321
2399,21.4,149,10,Hyundai,Petrol,Manual,7.0,520680
929,25.8,291,8,Kia,Petrol,Automatic,6.0,767873
2645,14.1,292,17,Kia,CNG,Manual,7.0,471604
2186,19.0,211,12,Audi,Petrol,Manual,4.0,855759
1492,23.8,204,17,Tata,Diesel,Manual,4.0,439364
2194,16.3,189,13,Honda,Petrol,Manual,7.0,709112
1593,11.4,200,19,Audi,Diesel,Automatic,6.0,963833
828,17.5,152,12,Suzuki,Petrol,Automatic,6.0,392491
948,9.1,173,16,BMW,CNG,Automatic,10.0,1001779
2119,26.8,343,5,Kia,Petrol,Manual,8.0,821255
2858,9.5,202,16,Honda,Petrol,Automatic,5.0,921555
1936,16.8,282,6,BMW,Petrol,Manual,4.0,1326265
986,18.6,291,11,Kia,Petrol,Automatic,6.0,744840
2050,27.7,92,17,Audi,Diesel,Manual,9.0,1178463
2133,11.3,335,14,Honda,Petrol,Manual,10.0,1088793
897,10.3,229,6,Audi,Petrol,Automatic,4.0,1375400
854,8.2,199,11,Suzuki,Petrol,Manual,5.0,595144
3470,11.1,260,12,Toyota,Petrol,Automatic,9.0,1234813
1557,12.1,82,13,Hyundai,Petrol,Manual,4.0,418394
1205,20.6,283,4,Tata,Petrol,Automatic,10.0,848283
2916,12.4,329,7,Honda,Diesel,Automatic,10.0,1368064
2112,8.4,212,2,Hyundai,CNG,Manual,6.0,792438
2585,24.5,144,6,Toyota,Petrol,Manual,8.0,997973
1550,15.3,168,6,Honda,Diesel,Manual,7.0,766213
2562,15.1,90,18,Hyundai,Petrol,Automatic,10.0,756216
1164,14.0,288,20,Hyundai,Petrol,Manual,9.0,499079
2826,27.5,299,8,Honda,Petrol,Manual,7.0,1082008
1281,11.4,200,8,Hyundai,Petrol,Manual,6.0,586463
3048,26.0,215,8,Hyundai,Petrol,Manual,6.0,785521
953,23.5,158,8,Honda,Diesel,Manual,9.0,679787
2324,9.5,106,1,Tata,CNG,Manual,5.0,736354
2920,27.7,126,2,Hyundai,Petrol,Automatic,10.0,1116130
3143,13.4,121,12,Hyundai,Petrol,Manual,9.0,771809
1840,10.0,168,15,Tata,CNG,Manual,4.0,495951
2464,24.6,226,4,BMW,Petrol,Manual,,1509546
2040,22.1,96,3,Suzuki,Diesel,Manual,7.0,896182
860,20.3,178,14,BMW,Petrol,Automatic,4.0,753231
1738,11.1,145,8,Kia,Petrol,Manual,5.0,599964
2439,17.6,111,13,Toyota,Petrol,Manual,7.0,500633
2889,23.6,150,19,BMW,Diesel,Manual,4.0,1094151
824,14.1,348,5,BMW,Diesel,Automatic,8.0,1533746
1862,14.2,263,13,Toyota,Petrol,Automatic,10.0,1074283
930,8.1,297,20,Hyundai,Diesel,Manual,9.0,755018
2052,11.5,214,1,Hyundai,Petrol,Manual,,1026600
907,25.5,299,16,BMW,Petrol,Manual,9.0,1092052
971,16.8,195,2,Toyota,Diesel,Automatic,8.0,874240
2258,27.7,123,7,Hyundai,Petrol,Manual,10.0,698434
901,15.9,182,6,Audi,Petrol,Automatic,5.0,1372751
3371,22.3,313,5,Honda,Petrol,Automatic,10.0,1667152
3122,13.6,173,4,Honda,CNG,Automatic,6.0,1083942
2436,15.3,79,2,Suzuki,Diesel,Manual,4.0,642256
1840,11.8,75,10,Honda,Diesel,Manual,5.0,905977
1129,14.9,204,5,BMW,Petrol,Automatic,6.0,1272850
2320,18.9,267,18,Honda,Diesel,Manual,9.0,947088
811,27.8,78,10,Honda,Petrol,Manual,9.0,783336
2141,21.3,225,15,Audi,CNG,Manual,,900062
1015,12.0,97,9,Hyundai,Petrol,Manual,6.0,657153
1138,8.9,240,11,Audi,Petrol,Manual,4.0,1043871
2599,10.5,164,17,BMW,Petrol,Manual,4.0,1059366
2550,19.3,159,9,Honda,Diesel,Manual,6.0,783985
2308,23.3,149,16,Tata,Diesel,Manual,7.0,532451
3221,26.8,138,6,Hyundai,Petrol,Manual,9.0,991063
1509,8.3,132,11,Suzuki,Petrol,Manual,5.0,278376
2023,18.5,235,17,Suzuki,Diesel,Manual,4.0,589366
3313,17.4,155,4,Kia,Petrol,Automatic,10.0,1210296
1912,21.1,162,15,Kia,Diesel,Automatic,,897282
2091,19.2,283,1,Honda,CNG,Automatic,7.0,887323
1288,21.7,65,20,Honda,Petrol,Automatic,8.0,706216
2361,21.2,181,1,Suzuki,Petrol,Manual,6.0,1020672
846,10.3,295,9,Suzuki,Petrol,Manual,10.0,715255
1577,24.0,175,12,Tata,Petrol,Manual,7.0,420220
1839,10.5,222,4,BMW,Petrol,Manual,8.0,1430437
1510,22.0,285,13,Honda,Diesel,Manual,7.0,843193
1200,16.3,289,7,Suzuki,Petrol,Manual,4.0,644514
2617,18.3,241,8,Tata,Petrol,Automatic,,928306
1049,26.1,308,13,Toyota,Diesel,Manual,10.0,880983
1190,25.8,269,11,Suzuki,Diesel,Manual,8.0,648796
1134,24.4,203,9,Hyundai,CNG,Automatic,7.0,713855
1428,18.2,155,16,Hyundai,Petrol,Automatic,8.0,577247
936,22.7,303,10,Toyota,Diesel,Manual,5.0,702339
2321,18.3,145,11,Kia,CNG,Automatic,10.0,689194
1626,25.4,243,12,BMW,Petrol,Manual,6.0,1450064
1526,16.1,180,14,Kia,Petrol,Automatic,4.0,815365
2300,27.4,151,19,Honda,Petrol,Manual,8.0,758459
3441,26.6,129,12,Kia,Diesel,Manual,9.0,1113798
1789,22.8,192,18,Honda,Petrol,Automatic,7.0,854920
3219,13.6,338,17,Suzuki,CNG,Manual,9.0,759333
1734,10.6,196,3,Hyundai,Diesel,Manual,8.0,702299
1201,25.1,246,1,BMW,Petrol,Manual,10.0,1476941
2266,11.3,280,19,BMW,Petrol,Manual,9.0,1235430
1414,25.1,105,4,BMW,Petrol,Automatic,7.0,1175807
2096,17.8,337,16,Suzuki,Petrol,Manual,8.0,462173
1982,16.1,251,12,Honda,Diesel,Manual,4.0,908289
3467,26.1,67,13,BMW,Diesel,Manual,,1495243
3035,20.1,335,17,Suzuki,Petrol,Manual,6.0,559425
1921,19.5,238,8,Suzuki,Diesel,Manual,4.0,581286
930,19.2,98,13,Toyota,Petrol,Manual,8.0,696023
1994,15.4,237,20,Audi,Petrol,Automatic,10.0,1139447
982,23.7,221,5,Kia,Petrol,Manual,8.0,722409
1163,13.1,163,18,BMW,Petrol,Manual,4.0,695871
838,26.8,220,15,Audi,CNG,Manual,5.0,790709
3344,25.9,346,12,Honda,Diesel,Manual,8.0,1103858
2172,14.7,182,17,Suzuki,Petrol,Manual,6.0,547113
1720,22.6,113,15,Tata,Petrol,Automatic,5.0,560087
815,19.5,93,2,Kia,Petrol,Automatic,4.0,657194
1292,14.8,301,6,Kia,Petrol,Manual,,779301
2249,27.8,172,17,BMW,Diesel,Manual,7.0,1254699
1931,8.5,82,16,Tata,CNG,Automatic,8.0,861755
1110,13.1,105,17,Hyundai,Diesel,Manual,7.0,874665
1538,18.4,194,20,Honda,Petrol,Manual,9.0,524611
1345,18.4,177,9,Toyota,Petrol,Automatic,6.0,421130
3261,19.8,248,5,Toyota,Petrol,Automatic,5.0,1270606
1050,23.0,190,1,Audi,Petrol,Manual,7.0,1252787
1558,20.5,271,6,Suzuki,Petrol,Manual,6.0,836415
2604,20.0,172,14,Audi,Petrol,Manual,7.0,1231168
2097,9.1,103,17,Hyundai,Petrol,Manual,7.0,579455
2431,15.5,187,19,Hyundai,Diesel,Automatic,6.0,963058
2714,12.6,217,1,Kia,Diesel,Manual,8.0,1253995
1613,13.3,332,1,Toyota,Petrol,Manual,7.0,789176
828,19.1,104,13,Tata,Diesel,Manual,6.0,323734
1757,12.0,167,14,BMW,Petrol,Manual,7.0,1059553
2832,13.9,278,6,Toyota,Petrol,Manual,10.0,1108484
1276,12.7,236,6,Toyota,Diesel,Automatic,8.0,988256
1117,27.0,287,1,Tata,Petrol,Manual,10.0,886064
1044,26.9,250,14,Kia,CNG,Manual,10.0,717162
1547,20.2,219,3,Kia,Petrol,Manual,,1033146
1496,26.5,326,10,Tata,Petrol,Automatic,10.0,967468
1071,23.7,249,19,Hyundai,Petrol,Manual,,397013
2571,19.8,234,19,Tata,Diesel,Manual,4.0,615155
2062,8.1,349,19,Audi,Diesel,Manual,8.0,1347420
3224,23.5,204,4,Hyundai,Diesel,Manual,7.0,1171362
1065,22.0,291,20,Tata,Diesel,Automatic,5.0,633382
1720,20.3,263,19,Suzuki,Petrol,Manual,6.0,821144
1139,23.2,272,10,Hyundai,Petrol,Automatic,7.0,729751
1188,18.3,99,2,Hyundai,Diesel,Automatic,8.0,949778
3424,22.1,334,4,Toyota,Petrol,Automatic,10.0,1790284
2850,26.7,141,6,BMW,CNG,Manual,8.0,1273747
1965,15.5,240,7,Toyota,Petrol,Manual,5.0,840227
1175,22.2,142,16,Honda,Petrol,Manual,,401642
2833,17.5,321,7,Hyundai,Petrol,Manual,5.0,969923
3171,21.5,331,18,Tata,Diesel,Automatic,9.0,932780
945,23.3,259,20,Tata,CNG,Automatic,9.0,666294
2781,8.9,299,19,Tata,Petrol,Manual,7.0,736944
1092,20.9,239,9,Hyundai,Petrol,Manual,4.0,474769
1231,12.5,230,20,Tata,Petrol,Manual,10.0,652831
1504,21.4,236,10,Honda,Petrol,Manual,8.0,829166
2798,17.4,296,13,Hyundai,CNG,Automatic,4.0,988262
3432,23.5,197,18,Tata,Petrol,Manual,10.0,603706
1198,10.5,188,16,Hyundai,Petrol,Manual,10.0,662129
1763,20.5,108,17,Suzuki,Petrol,Manual,10.0,621540
3034,13.6,223,13,Hyundai,Petrol,Automatic,10.0,986631
2841,25.1,336,12,Honda,Diesel,Manual,4.0,856254
2628,26.6,175,10,Toyota,Petrol,Automatic,7.0,956499
2908,27.9,83,1,Hyundai,Petrol,Automatic,6.0,1192974
1738,23.9,84,8,BMW,CNG,Manual,6.0,1129241
1509,23.1,186,18,Honda,Petrol,Manual,6.0,507665
1606,12.3,293,2,Audi,Diesel,Manual,5.0,1340881
2263,14.7,268,16,Suzuki,Petrol,Manual,10.0,626172
2125,17.3,152,12,Honda,Petrol,Automatic,10.0,877894
810,23.5,153,9,Toyota,Petrol,Manual,8.0,685002
1885,26.3,284,3,Tata,Petrol,Manual,5.0,767287
2668,11.8,339,4,Tata,Petrol,Manual,8.0,850747
3073,26.4,70,2,Honda,Petrol,Manual,9.0,1189783
3411,21.9,71,8,Audi,Petrol,Manual,8.0,1422152
1571,20.2,94,10,Tata,Petrol,Manual,8.0,628301
2394,12.0,287,16,Suzuki,Diesel,Manual,7.0,473733
2407,9.1,279,11,BMW,CNG,Manual,,950974
2133,19.4,200,18,Audi,Petrol,Manual,10.0,915310
1684,21.0,82,14,Kia,Petrol,Manual,5.0,404098
2189,12.2,142,8,Kia,Diesel,Manual,9.0,921551
1025,19.1,288,15,Honda,Diesel,Automatic,5.0,445647
1624,25.1,139,17,Audi,Petrol,Manual,10.0,1203728
3065,24.7,349,18,Tata,Petrol,Manual,7.0,817552
1736,26.5,218,6,Tata,Petrol,Manual,8.0,934090
3353,15.3,187,14,Honda,Petrol,Manual,9.0,836910
3106,14.4,249,3,Tata,CNG,Manual,6.0,903834
2711,23.0,90,7,Tata,Diesel,Automatic,10.0,985980
2596,16.6,74,15,BMW,Diesel,Manual,4.0,1204564
853,9.8,134,16,BMW,Petrol,Manual,4.0,637519
1526,13.7,93,16,Toyota,Petrol,Manual,7.0,598619
2344,16.4,255,8,BMW,Diesel,Manual,,1800967
1843,13.9,88,7,Hyundai,Petrol,Manual,,583364
2713,14.6,253,6,Audi,Petrol,Manual,4.0,1463758
2576,13.9,75,2,Audi,Petrol,Automatic,10.0,1400408
2396,8.8,136,13,Honda,Petrol,Manual,9.0,917183
2714,20.7,140,12,BMW,Petrol,Manual,9.0,1654593
3266,19.9,183,15,Toyota,Petrol,Automatic,10.0,866282
1649,21.1,78,9,Tata,Diesel,Automatic,,687790
2909,11.8,161,2,Toyota,Diesel,Automatic,10.0,1483190
3063,13.9,136,17,Toyota,Petrol,Manual,6.0,734463
802,20.4,288,5,Suzuki,Diesel,Manual,4.0,668700
959,20.0,262,11,Tata,Petrol,Automatic,,617257
1580,18.1,120,19,Hyundai,Petrol,Manual,10.0,482354
1692,15.0,85,7,BMW,Diesel,Manual,9.0,1308725
2830,26.3,130,2,Tata,Petrol,Automatic,9.0,999824
3176,14.8,162,16,Toyota,Petrol,Manual,5.0,584335
1379,17.1,216,12,Tata,Diesel,Automatic,6.0,709620
2733,21.6,253,15,Hyundai,CNG,Automatic,8.0,1086813
2180,18.9,334,1,Audi,Petrol,Automatic,9.0,1918229
2090,14.9,245,13,Honda,Petrol,Manual,6.0,611764
2440,16.7,172,6,BMW,Petrol,Manual,7.0,1419177
1751,23.9,224,13,BMW,Petrol,Automatic,5.0,1158343
3482,13.6,120,18,Suzuki,Petrol,Automatic,8.0,550700
1787,10.8,151,3,Audi,Petrol,Manual,9.0,1370403
2018,14.3,345,1,BMW,Diesel,Manual,10.0,1922977
1720,25.0,212,15,Suzuki,Petrol,Automatic,9.0,576455
2155,9.8,284,13,Suzuki,Petrol,Manual,5.0,666424
969,27.8,186,5,Suzuki,Petrol,Manual,5.0,314685
1320,18.8,252,13,Kia,Petrol,Manual,4.0,303364
2286,27.7,174,5,BMW,CNG,Manual,9.0,1451176
839,26.8,321,19,BMW,Petrol,Automatic,6.0,762100
2360,17.1,77,18,BMW,Diesel,Manual,5.0,834093
2218,12.0,69,10,Hyundai,Diesel,Manual,5.0,416509
1754,11.3,151,8,Suzuki,Diesel,Manual,7.0,594963
1783,12.8,198,15,Hyundai,Petrol,Manual,7.0,704666
1774,22.2,111,20,Honda,CNG,Manual,7.0,492515
837,13.5,254,4,BMW,Petrol,Automatic,5.0,1737173
3175,14.8,265,2,Kia,Petrol,Manual,8.0,1207637
2074,17.0,346,6,Tata,Petrol,Manual,6.0,692697
1999,26.3,152,3,Audi,Petrol,Manual,5.0,1065402
2425,11.8,204,7,Kia,Petrol,Manual,10.0,1278303
1713,8.1,145,10,Toyota,Petrol,Manual,10.0,925546
1253,9.2,212,6,Honda,Petrol,Manual,4.0,817919
836,26.1,61,16,Tata,Diesel,Manual,10.0,455425
2511,21.0,319,2,Toyota,Petrol,Manual,9.0,1168550
1595,13.5,223,17,Toyota,Petrol,Manual,8.0,434444
1772,11.5,65,13,BMW,CNG,Automatic,8.0,1053589
1392,13.9,208,1,Audi,Petrol,Automatic,6.0,1497442
1937,10.3,264,6,Toyota,Diesel,Manual,8.0,877742
2124,26.8,177,5,Suzuki,CNG,Manual,6.0,532455
3071,23.7,148,13,Tata,Petrol,Automatic,10.0,1111185
1117,17.2,213,18,Kia,Petrol,Manual,8.0,496063
3196,25.3,226,12,Kia,Diesel,Automatic,9.0,1424723
2962,13.0,220,7,Toyota,CNG,Manual,6.0,599148
2146,22.3,329,15,Honda,Diesel,Manual,7.0,874946
2391,25.1,115,3,Audi,Petrol,Automatic,7.0,1313081
2689,15.1,287,16,Audi,CNG,Manual,8.0,1032993
2887,23.1,208,1,Kia,Petrol,Manual,8.0,851059
2796,13.9,105,16,Toyota,Petrol,Automatic,,858882
2572,14.0,203,12,Audi,Petrol,Automatic,6.0,1473117
2112,10.1,297,19,Honda,Petrol,Manual,10.0,737594
2085,16.8,331,8,Kia,Diesel,Manual,6.0,584990
1015,22.6,179,12,Tata,Diesel,Manual,9.0,830575
3183,26.8,279,15,Honda,Diesel,Automatic,5.0,1114767
2939,20.1,67,2,Honda,Petrol,Automatic,,937148
3200,25.3,334,17,Suzuki,Petrol,Automatic,5.0,882228
3418,24.4,125,7,BMW,Diesel,Automatic,,1993349
2504,11.5,138,13,Toyota,Petrol,Manual,4.0,632641
1162,17.7,145,1,Tata,CNG,Automatic,6.0,691469
3404,10.3,183,6,Kia,Diesel,Automatic,4.0,925688
2516,21.6,261,13,Audi,Diesel,Automatic,4.0,1649271
1993,27.0,209,11,Honda,Petrol,Manual,5.0,605858
1155,10.7,105,10,Kia,Diesel,Automatic,4.0,511620
990,22.7,172,16,Toyota,CNG,Manual,9.0,606229
3269,20.6,150,20,Tata,Petrol,Manual,6.0,799024
1499,19.7,200,17,Tata,Diesel,Manual,5.0,764577
2854,15.8,348,17,Toyota,Petrol,Manual,,1068047
2980,15.1,277,4,BMW,Petrol,Manual,9.0,1788559
1356,8.9,136,5,Suzuki,Diesel,Automatic,8.0,544243
1625,12.4,211,14,Audi,Diesel,Manual,4.0,1251600
1854,8.3,298,20,Suzuki,Diesel,Manual,,825077
3382,19.6,174,10,Tata,Petrol,Manual,,710731
1225,10.1,153,14,Audi,Petrol,Automatic,6.0,1122227
3210,25.5,107,1,Tata,Diesel,Manual,10.0,965965
2374,18.5,250,11,Honda,Petrol,Manual,9.0,1167766
2929,22.0,71,18,Honda,Petrol,Manual,4.0,539492
3203,16.2,215,16,Toyota,Petrol,Manual,,1151783
1388,19.2,231,18,Audi,Petrol,Automatic,9.0,1253303
2812,26.9,236,8,Audi,Diesel,Automatic,6.0,2079901
2347,9.7,116,10,Tata,Diesel,Automatic,8.0,781978
1094,13.1,262,10,Suzuki,Petrol,Manual,10.0,702751
2785,23.6,244,5,Honda,Petrol,Manual,9.0,948948
2047,10.0,180,10,Hyundai,Petrol,Manual,6.0,844420
2348,9.5,285,18,Toyota,Petrol,Manual,10.0,975267
2490,15.2,261,6,Kia,Petrol,Manual,8.0,1258553
1936,9.8,275,3,Audi,Petrol,Manual,8.0,1587719
2056,19.7,102,8,BMW,Diesel,Manual,8.0,1469804
2864,12.5,82,9,BMW,Diesel,Automatic,4.0,1470972
1159,25.9,214,5,Hyundai,Petrol,Automatic,9.0,964287
1499,23.7,245,2,Honda,Diesel,Manual,6.0,933549
1247,22.0,308,2,Honda,CNG,Manual,6.0,849560
3212,20.3,296,7,Honda,Petrol,Automatic,10.0,1396406
1474,25.3,193,17,Suzuki,Petrol,Manual,10.0,480521
1807,12.5,81,10,Tata,Petrol,Automatic,9.0,702512
2149,25.5,147,12,BMW,Petrol,Manual,8.0,1152819
3314,23.8,212,2,Honda,Diesel,Automatic,6.0,1360519
3261,23.0,184,10,BMW,Diesel,Automatic,,2087887
1385,19.2,138,20,Hyundai,Petrol,Manual,8.0,505112
2056,12.9,110,1,Toyota,Diesel,Manual,7.0,998606
2047,16.5,275,4,Tata,Diesel,Manual,7.0,686781
1793,23.9,235,13,Suzuki,Petrol,Automatic,8.0,772711
2235,8.6,312,12,Audi,Petrol,Manual,10.0,1545813
1371,23.6,305,11,Hyundai,Diesel,Manual,4.0,680280
3182,12.8,286,10,Tata,CNG,Manual,10.0,1153424
2045,10.9,165,15,BMW,Diesel,Automatic,10.0,1195754
2884,10.3,252,5,Hyundai,CNG,Automatic,6.0,1113694
1788,8.5,95,17,Audi,Petrol,Manual,10.0,1059447
1077,18.5,263,5,Tata,Petrol,Manual,6.0,750407
2019,12.4,326,2,Suzuki,Petrol,Manual,7.0,868723
2687,27.8,327,9,Kia,Petrol,Manual,10.0,1046741
1283,19.5,229,6,Toyota,Diesel,Manual,8.0,1009182
2065,10.8,98,18,Audi,CNG,Manual,9.0,747610
1530,21.8,198,14,Tata,Diesel,Automatic,,754032
3039,26.0,111,19,Suzuki,Petrol,Manual,10.0,588534
1840,22.9,346,14,BMW,Petrol,Automatic,4.0,1254195
3371,9.5,348,8,Audi,Petrol,Manual,10.0,1955764
1717,25.9,200,17,Kia,Petrol,Manual,8.0,502435
3248,23.9,205,3,Hyundai,Diesel,Manual,7.0,890831
1685,11.2,243,10,Honda,Petrol,Manual,7.0,735633
821,9.0,211,17,Hyundai,CNG,Manual,10.0,387460
1273,19.1,260,11,BMW,Diesel,Automatic,6.0,1600645
3057,11.1,187,8,Tata,Petrol,Manual,5.0,801874
3153,24.7,346,1,Kia,Petrol,Manual,4.0,1244167
1503,15.2,312,13,Toyota,Diesel,Automatic,4.0,785511
1486,26.3,325,4,Audi,Petrol,Manual,5.0,1481214
1084,19.3,247,7,Tata,Diesel,Manual,9.0,1180464
1515,11.7,289,14,Toyota,Petrol,Manual,9.0,830169
1562,10.8,330,5,BMW,Petrol,Automatic,9.0,1950930
2050,19.5,318,11,Audi,Petrol,Automatic,7.0,1657568
1747,23.2,257,17,Suzuki,Petrol,Manual,8.0,360564
3228,23.6,115,5,Suzuki,Diesel,Manual,4.0,881416
3307,13.5,262,20,Tata,Petrol,Automatic,5.0,842062
1830,12.1,330,3,Hyundai,Diesel,Automatic,6.0,1131956
828,8.3,168,5,Tata,Diesel,Manual,10.0,581766
1706,21.6,175,15,Hyundai,Diesel,Automatic,6.0,845154
2926,9.5,151,19,Kia,Petrol,Manual,,505309
3306,16.4,197,16,BMW,Diesel,Manual,,1854784
1369,20.0,116,8,Suzuki,Petrol,Manual,4.0,499597
2806,26.7,109,13,Kia,Petrol,Manual,,501073
2253,14.2,130,16,Audi,Diesel,Manual,4.0,925706
1537,13.0,141,3,Suzuki,Petrol,Automatic,10.0,760135
1315,21.1,164,1,Hyundai,Diesel,Manual,,1207836
2800,20.4,147,9,Tata,Petrol,Manual,6.0,586841
3244,14.6,61,9,BMW,Diesel,Manual,4.0,1378031
838,26.6,143,17,Suzuki,Petrol,Automatic,6.0,328833
1686,24.9,102,2,Kia,Diesel,Automatic,5.0,923033
3004,12.5,213,9,BMW,CNG,Manual,5.0,1247898
1898,12.8,153,19,Kia,Petrol,Manual,6.0,336901
2623,18.2,192,13,Suzuki,Petrol,Manual,,630639
2510,23.5,124,5,Tata,Diesel,Manual,8.0,793860
1773,8.9,349,9,Toyota,Petrol,Manual,4.0,748824
2362,21.9,316,13,Tata,Petrol,Manual,6.0,659503
1788,21.0,272,1,Suzuki,Petrol,Automatic,7.0,1084012
820,12.6,207,15,Hyundai,Diesel,Manual,8.0,554602
3150,21.6,120,4,Tata,Diesel,Manual,10.0,804029
1668,26.8,208,4,Audi,Diesel,Manual,8.0,1393321
883,8.9,147,20,Hyundai,Diesel,Manual,9.0,502617
2482,14.4,337,10,Hyundai,Diesel,Manual,5.0,768881
2776,16.8,141,6,Hyundai,Petrol,Manual,,1101242
2210,26.0,188,12,BMW,Petrol,Automatic,10.0,1685948
2330,27.2,345,20,Honda,Petrol,Manual,,1032175
1369,16.9,339,16,Honda,CNG,Manual,10.0,799910
1733,23.0,329,3,Toyota,Diesel,Manual,9.0,803573
2780,18.6,262,14,Kia,Petrol,Automatic,10.0,1211135
2655,18.8,83,1,Kia,Diesel,Manual,,783024
1592,13.6,267,10,Hyundai,Petrol,Automatic,9.0,796556
1591,12.3,339,15,Honda,Diesel,Manual,6.0,883610
2609,13.8,264,7,Toyota,Petrol,Manual,,1176252
2094,19.1,211,4,BMW,Petrol,Automatic,5.0,1771620
3339,8.6,85,14,Hyundai,Diesel,Manual,4.0,902146
3055,26.1,253,16,Audi,Diesel,Manual,9.0,1495882
2407,11.1,297,14,BMW,Petrol,Manual,8.0,1390660
1883,12.4,134,3,Toyota,Petrol,Automatic,4.0,925955
3277,18.4,222,17,BMW,Diesel,Manual,6.0,1476656
1784,22.2,88,14,Audi,Diesel,Manual,,1128948
2480,9.9,224,18,Kia,Diesel,Manual,4.0,796452
1319,14.4,245,3,BMW,Petrol,Manual,,1476645
1390,27.4,113,19,Toyota,CNG,Manual,,200000
1850,13.2,101,3,Kia,Diesel,Manual,4.0,745418
2509,14.3,344,12,Kia,Diesel,Manual,10.0,993614
2835,24.7,197,5,Kia,Diesel,Manual,9.0,1036598
3046,9.0,246,10,Audi,Petrol,Manual,7.0,1377445
3234,17.3,263,9,Audi,Petrol,Manual,6.0,1337793
1148,15.6,101,1,Kia,Diesel,Manual,5.0,756706
1759,14.3,347,13,BMW,Petrol,Automatic,5.0,1427701
2763,13.7,85,3,Audi,Diesel,Automatic,7.0,1842538
1492,9.8,115,19,Tata,Petrol,Manual,4.0,269995
2359,14.3,312,11,BMW,Petrol,Automatic,9.0,2012313
1177,8.9,181,16,Hyundai,Petrol,Automatic,7.0,766697
1326,23.6,165,6,Audi,Diesel,Manual,7.0,1275582
3053,16.0,189,3,BMW,Petrol,Manual,9.0,1720414
3302,16.9,217,19,Hyundai,Diesel,Manual,6.0,965686
2059,25.9,290,6,Audi,Petrol,Automatic,9.0,1789311
2675,21.2,150,8,Hyundai,Diesel,Manual,9.0,982194
2563,8.2,81,13,Suzuki,Petrol,Manual,,734463
1320,26.9,349,12,Audi,Petrol,Manual,8.0,1460335
2501,12.7,169,10,Suzuki,Diesel,Automatic,4.0,595392
1816,10.2,108,3,Toyota,Petrol,Manual,5.0,593984
1813,23.4,188,4,Toyota,Petrol,Automatic,5.0,800414
3348,18.0,132,1,BMW,CNG,Automatic,7.0,1548882
916,16.7,112,13,Honda,Petrol,Manual,10.0,594533
3233,13.0,227,4,Suzuki,Petrol,Manual,7.0,964871
2167,18.9,104,11,Suzuki,Petrol,Manual,,570798
1383,13.5,164,19,Toyota,Petrol,Automatic,4.0,444110
1194,26.0,209,11,Suzuki,Petrol,Automatic,,791500
1887,12.3,205,12,Honda,Petrol,Automatic,7.0,911509
871,25.7,263,11,Kia,Diesel,Manual,8.0,740124
1073,19.2,226,6,Hyundai,Petrol,Manual,4.0,823043
2813,24.6,260,12,Hyundai,Diesel,Manual,6.0,908124
2143,22.3,193,9,Honda,Petrol,Manual,10.0,1222603
1137,21.9,270,10,Suzuki,Petrol,Automatic,6.0,595734
2189,14.5,107,3,Suzuki,Petrol,Manual,9.0,1024219
1406,12.7,185,3,Suzuki,Diesel,Manual,8.0,600616
965,12.2,298,20,Tata,Diesel,Manual,5.0,576192
2367,25.1,66,16,BMW,Diesel,Manual,9.0,1078334
2858,24.4,331,3,Audi,Petrol,Manual,6.0,1867186
2124,16.8,96,10,Honda,Diesel,Manual,4.0,664849
1528,10.6,270,11,Honda,Diesel,Automatic,5.0,1000943
2843,15.6,224,8,Tata,Petrol,Manual,7.0,720900
901,20.4,184,6,Honda,Petrol,Manual,4.0,789321
2215,17.1,251,20,Kia,Petrol,Manual,5.0,488687
1578,23.6,277,11,Kia,Diesel,Automatic,6.0,1116709
1013,28.0,273,12,Honda,Petrol,Manual,,557804
1911,11.8,121,16,Tata,Diesel,Automatic,,458180
2376,17.2,220,18,Honda,Petrol,Manual,,891980
3248,16.6,125,13,Suzuki,Petrol,Manual,10.0,645167
3435,14.1,345,3,Tata,Petrol,Manual,4.0,991806
2495,12.0,298,15,BMW,Petrol,Manual,9.0,1420103
1391,9.3,79,14,Toyota,Petrol,Automatic,7.0,415963
2133,25.7,247,18,Suzuki,Petrol,Manual,5.0,528189
1909,16.4,141,14,Kia,Diesel,Manual,10.0,907685
2939,17.9,261,5,Suzuki,Petrol,Manual,10.0,1056347
1513,26.3,191,14,Audi,Petrol,Automatic,8.0,1208179
1735,23.5,96,8,Tata,Petrol,Automatic,6.0,824798
2751,10.6,191,15,Kia,Petrol,Manual,4.0,502692
1041,19.3,136,15,Toyota,Petrol,Manual,9.0,510058
2843,16.8,148,19,Honda,Petrol,Automatic,8.0,925819
801,23.9,312,20,Toyota,Petrol,Automatic,8.0,641741
3072,22.5,253,6,BMW,Petrol,Manual,4.0,1544798
2568,21.8,235,19,Hyundai,CNG,Manual,,452354
2749,14.8,92,8,Suzuki,Petrol,Automatic,9.0,500356
3436,24.1,117,6,Tata,Petrol,Manual,6.0,932906
2963,9.0,260,20,Tata,Petrol,Manual,4.0,671140
1717,11.2,87,15,Toyota,Petrol,Automatic,9.0,836160
3041,14.7,94,3,Audi,Diesel,Manual,8.0,1573974
889,9.5,184,10,Kia,Petrol,Automatic,,546432
2509,12.7,101,15,BMW,Petrol,Manual,4.0,1008136
2969,24.6,144,16,Hyundai,Diesel,Automatic,9.0,1095335
942,27.0,247,17,BMW,Petrol,Manual,8.0,921334
905,14.1,170,19,Tata,CNG,Automatic,4.0,475761
1686,13.3,330,11,Honda,Diesel,Manual,,815096
1227,13.6,164,16,Hyundai,Petrol,Manual,4.0,438454
2128,13.6,100,5,Kia,Petrol,Manual,6.0,692042
2695,8.7,274,5,Kia,Petrol,Automatic,4.0,1187045
2794,26.5,130,14,Tata,Petrol,Manual,10.0,738922
1116,12.3,115,18,Audi,Petrol,Manual,9.0,1041820
2786,16.4,295,8,Hyundai,Petrol,Manual,9.0,796523
1434,8.2,340,5,Tata,CNG,Manual,8.0,749640
2725,25.2,164,7,Audi,Petrol,Manual,7.0,1403229
2856,22.6,221,16,Honda,Diesel,Automatic,6.0,1136389
3070,26.9,250,14,Audi,Diesel,Manual,9.0,1474882
2239,23.6,68,5,BMW,Diesel,Manual,8.0,1688721
1352,14.3,119,9,Toyota,Petrol,Automatic,8.0,766371
1515,13.0,284,4,BMW,Petrol,Manual,,1297639
2087,22.0,247,4,Kia,Diesel,Manual,6.0,906240
2513,15.3,129,16,Tata,Diesel,Manual,8.0,628210
2683,19.3,346,17,Tata,CNG,Manual,10.0,1155444
1907,8.1,228,15,Suzuki,Diesel,Manual,7.0,802169
2141,9.2,121,4,BMW,Petrol,Manual,10.0,1480065
910,18.7,73,6,Hyundai,Petrol,Automatic,5.0,583641
1050,19.3,223,16,Kia,Petrol,Manual,10.0,726408
3230,23.0,304,4,Honda,Diesel,Manual,8.0,1475928
2854,10.6,67,6,Kia,Petrol,Automatic,,448514
1258,18.3,213,5,Suzuki,Diesel,Manual,4.0,736196
1907,11.9,95,16,Suzuki,CNG,Automatic,4.0,440034
1007,9.9,107,16,Suzuki,Diesel,Manual,6.0,209713
1699,16.2,144,10,Tata,Petrol,Manual,10.0,787513
821,11.3,87,9,Toyota,Petrol,Manual,6.0,861045
1209,12.4,255,4,Audi,Diesel,Manual,5.0,1414734
1694,14.4,267,14,Hyundai,Petrol,Manual,9.0,909178
1314,13.2,263,4,Kia,Petrol,Manual,6.0,1021097
1608,9.8,163,12,Tata,Petrol,Manual,4.0,395547
1673,9.8,289,10,Kia,Petrol,Manual,7.0,467424
813,11.9,160,4,Honda,Petrol,Manual,6.0,798431
1770,9.0,88,18,Tata,CNG,Manual,5.0,336749
2934,20.5,186,13,Toyota,CNG,Manual,7.0,550857
2360,13.7,69,13,Kia,CNG,Manual,5.0,497269
2124,13.6,165,14,Tata,Petrol,Manual,7.0,716258
2066,14.6,226,18,Tata,CNG,Manual,6.0,491013
2969,21.3,316,1,BMW,CNG,Manual,4.0,1489712
1549,25.4,336,16,Honda,CNG,Manual,7.0,660938
1484,23.2,124,15,Suzuki,Diesel,Manual,8.0,521461
2727,22.6,330,5,Honda,Diesel,Automatic,9.0,1185606
3156,17.7,247,6,Honda,Petrol,Manual,5.0,1021024
1494,21.9,197,6,BMW,Diesel,Manual,7.0,1194110
3135,19.1,164,3,Audi,Petrol,Automatic,5.0,1822870
1106,12.3,93,16,Tata,Petrol,Automatic,4.0,200000
2789,12.2,169,12,Hyundai,CNG,Automatic,5.0,926517
1461,13.9,92,4,Suzuki,Petrol,Manual,5.0,488498
1348,26.2,290,1,Kia,Petrol,Manual,8.0,773213
1111,18.9,325,4,Audi,CNG,Automatic,,1439222
1882,22.7,241,1,Toyota,CNG,Automatic,7.0,850673
2537,14.9,124,8,Tata,Petrol,Manual,5.0,711742
1554,16.2,60,5,Suzuki,Diesel,Manual,6.0,484559
834,10.5,192,2,Hyundai,Petrol,Automatic,5.0,698261
1244,11.4,139,12,Tata,Petrol,Manual,,577394
2940,24.5,330,17,Toyota,Petrol,Manual,9.0,773617
2782,19.7,300,7,BMW,Petrol,Manual,5.0,1408731
2030,14.8,87,11,Audi,Petrol,Manual,10.0,1175893
1152,24.1,282,4,Tata,Petrol,Manual,9.0,756715
1702,12.9,82,5,Suzuki,CNG,Manual,10.0,606389
2155,27.5,168,6,Honda,Diesel,Automatic,5.0,1094020
2548,14.9,166,11,Kia,Diesel,Manual,7.0,817227
958,14.7,204,1,Kia,Diesel,Manual,10.0,954504
2777,14.2,198,10,Kia,Petrol,Automatic,,938686
1756,10.4,343,20,Hyundai,CNG,Manual,9.0,349933
2871,10.2,158,11,Tata,Diesel,Manual,9.0,584079
1203,21.0,182,17,Kia,Petrol,Manual,6.0,762652
1315,25.5,346,8,Suzuki,Petrol,Manual,8.0,711775
2187,23.8,140,13,Honda,Diesel,Manual,5.0,897159
3379,10.8,69,20,Suzuki,Diesel,Manual,5.0,526581
1755,18.9,67,18,Tata,Diesel,Automatic,7.0,536591
2999,10.1,264,16,Toyota,Petrol,Automatic,8.0,963008
2512,8.9,256,2,Honda,Petrol,Manual,8.0,1474797
1407,21.1,257,5,Honda,Petrol,Manual,10.0,978559
3267,18.7,89,18,Suzuki,Diesel,Manual,7.0,566132
2073,9.6,79,3,BMW,Petrol,Manual,9.0,1140357
2335,8.7,107,17,Tata,Petrol,Manual,6.0,823737
3425,27.8,189,16,Kia,Petrol,Automatic,9.0,915403
3182,8.6,191,6,BMW,Diesel,Manual,4.0,1793327
2241,16.9,113,19,Audi,Petrol,Manual,7.0,1037678
2597,18.1,340,7,Kia,Petrol,Manual,6.0,849165
1094,10.3,324,18,Toyota,Diesel,Manual,9.0,856307
1554,11.4,274,14,BMW,CNG,Automatic,9.0,1211578
2194,15.0,349,6,Suzuki,Petrol,Automatic,8.0,818105
985,23.2,102,8,Tata,Petrol,Manual,7.0,685009
2069,18.1,133,15,BMW,CNG,Manual,4.0,834272
1436,20.8,337,15,Audi,Petrol,Automatic,5.0,1320218
2091,27.7,301,15,Hyundai,Diesel,Automatic,,1020461
1329,23.4,189,16,Audi,Diesel,Automatic,4.0,1102080
2868,16.7,253,1,Honda,Petrol,Manual,4.0,838560
1593,16.9,91,11,Kia,Diesel,Manual,7.0,527667
2947,20.4,165,5,Tata,Diesel,Manual,6.0,838993
1277,21.3,263,5,Honda,Petrol,Manual,7.0,734316
2422,18.0,60,6,BMW,Petrol,Automatic,9.0,1614035
1739,20.9,304,2,BMW,CNG,Manual,10.0,1701530
1325,8.5,131,6,Audi,Petrol,Manual,8.0,1321312
3181,16.6,74,14,Audi,Diesel,Manual,9.0,1317248
801,13.6,112,11,Suzuki,Diesel,Automatic,4.0,525289
1174,10.6,67,4,Toyota,Petrol,Manual,4.0,658844
3140,10.0,105,9,Suzuki,Diesel,Manual,5.0,835490
1352,20.1,173,3,Honda,CNG,Manual,4.0,545780
3165,18.5,206,16,Suzuki,Petrol,Manual,10.0,1015002
2325,13.1,225,11,Audi,Petrol,Manual,5.0,1356943
2651,17.4,198,4,Tata,CNG,Manual,4.0,841278
1180,17.8,176,1,Suzuki,Petrol,Automatic,4.0,871381
2446,11.9,335,16,Hyundai,Petrol,Manual,7.0,903918
813,21.0,336,19,Kia,CNG,Manual,7.0,331776
1303,23.6,237,16,Toyota,Diesel,Automatic,8.0,790621
3078,23.8,213,11,Audi,CNG,Automatic,9.0,1286379
2808,20.0,260,8,Tata,Petrol,Manual,6.0,883022
929,18.2,174,1,BMW,Petrol,Manual,8.0,1262661
1637,9.2,218,9,Kia,Petrol,Manual,4.0,634161
2840,13.8,101,12,Suzuki,Diesel,Manual,8.0,897063
827,9.9,306,8,Audi,Diesel,Automatic,7.0,1411188
2913,27.3,127,17,BMW,Petrol,Automatic,9.0,1393607
2052,10.7,255,10,BMW,Petrol,Manual,4.0,1270297
1060,11.0,149,7,Honda,Diesel,Manual,4.0,413299
2846,25.8,170,19,Honda,Petrol,Manual,8.0,729003
2272,26.9,204,6,Tata,Petrol,Manual,9.0,426451
2247,23.3,334,19,Audi,CNG,Manual,10.0,1089032
1259,8.1,238,18,Kia,Petrol,Manual,5.0,624708
1100,8.0,300,15,Tata,Diesel,Manual,10.0,769329
3134,15.6,212,2,Audi,Diesel,Manual,6.0,1700142
1429,10.9,163,14,Hyundai,Petrol,Manual,9.0,631321
1069,8.4,134,10,Toyota,Petrol,Manual,8.0,466059
3439,17.3,187,16,Toyota,Petrol,Manual,10.0,926541
2793,26.9,258,7,Kia,Diesel,Automatic,8.0,1593367
2428,14.5,213,8,Audi,Petrol,Manual,6.0,1608837
2601,21.2,115,10,Honda,Diesel,Manual,4.0,833331
1661,21.0,337,15,Kia,CNG,Manual,4.0,602199
2080,13.0,78,8,Suzuki,CNG,Manual,5.0,350810
2980,21.0,218,13,Tata,Petrol,Manual,8.0,654456
2599,12.2,85,12,Hyundai,Diesel,Manual,6.0,796738
2506,10.4,228,8,Toyota,CNG,Manual,8.0,759716
3360,22.0,82,15,Audi,Petrol,Manual,7.0,1328682
3160,10.3,106,12,Honda,Petrol,Manual,8.0,1118480
1375,27.9,72,11,Honda,Petrol,Manual,8.0,662440
2803,11.7,276,19,Honda,Petrol,Automatic,7.0,987708
2107,19.9,253,14,Tata,Diesel,Manual,7.0,483866
2756,16.2,203,18,Suzuki,Petrol,Manual,10.0,781759
2820,10.5,132,13,BMW,Diesel,Manual,6.0,1200094
3012,8.6,215,4,Kia,Diesel,Manual,10.0,1035252
3152,20.5,136,17,Tata,Diesel,Manual,4.0,803111
2455,24.1,228,19,Suzuki,Diesel,Manual,5.0,757324
2379,24.8,346,9,Honda,Petrol,Automatic,10.0,1178305
2647,17.7,144,7,Audi,Diesel,Manual,7.0,1412203
3003,23.5,241,1,Kia,Petrol,Manual,4.0,830512
2190,21.5,171,7,Hyundai,Petrol,Manual,6.0,589814
2542,22.5,289,7,Suzuki,Petrol,Manual,9.0,740871
2725,17.9,155,20,Audi,CNG,Manual,,692936
1419,20.7,227,7,Tata,CNG,Automatic,,796171
2074,24.1,215,8,Tata,Petrol,Manual,6.0,760117
1756,16.0,164,16,Kia,Petrol,Automatic,7.0,731437
2739,24.1,252,3,Honda,Diesel,Manual,5.0,998160
3181,19.8,191,13,Hyundai,Petrol,Automatic,10.0,857523
1768,11.3,197,10,Toyota,Petrol,Automatic,7.0,872161
3358,8.5,329,18,Toyota,Diesel,Automatic,8.0,1235401
2116,15.3,97,7,Tata,Petrol,Automatic,7.0,729407
1843,18.9,104,5,Audi,Petrol,Manual,8.0,1161724
1081,24.8,222,7,Hyundai,Petrol,Manual,7.0,948482
2966,10.5,312,17,Audi,Petrol,Manual,9.0,1516162
1858,24.0,228,4,Hyundai,Petrol,Manual,5.0,1096079
997,25.3,344,16,Hyundai,Petrol,Automatic,9.0,976656
3332,11.0,333,19,Tata,Petrol,Manual,4.0,1000993
1882,25.0,79,10,Audi,Petrol,Manual,5.0,783248
1984,27.8,298,3,Tata,Diesel,Manual,10.0,1078151
1808,22.5,329,3,Kia,CNG,Automatic,7.0,859397
2029,23.7,90,17,Hyundai,Petrol,Automatic,6.0,351380
1835,27.9,163,10,Suzuki,Diesel,Manual,4.0,814093
1289,20.1,229,17,Honda,Petrol,Manual,6.0,556050
1075,14.2,245,17,Kia,Petrol,Manual,,373634
3089,24.8,187,4,Hyundai,Petrol,Manual,10.0,963539
2039,20.3,269,6,Suzuki,Petrol,Manual,5.0,590423
2074,19.6,340,12,Hyundai,Diesel,Manual,10.0,889337
925,13.1,312,20,Suzuki,Petrol,Manual,4.0,383504
1016,23.1,78,17,Audi,Petrol,Manual,9.0,985131
2008,9.6,259,17,Toyota,Diesel,Manual,7.0,695458
2046,26.5,279,10,BMW,Petrol,Automatic,6.0,1810643
3342,14.5,195,7,Kia,Petrol,Automatic,7.0,1178184
3274,10.6,282,16,Hyundai,Petrol,Manual,8.0,964729
1718,16.8,62,13,BMW,Petrol,Automatic,10.0,1315633
2117,8.8,295,3,Hyundai,Petrol,Manual,4.0,894170
2998,21.7,287,2,Audi,Petrol,Manual,6.0,1888674
3231,26.1,201,16,Audi,Petrol,Manual,5.0,1316646
2461,24.7,68,6,Suzuki,Petrol,Automatic,,491743
1107,10.5,249,6,Hyundai,Diesel,Manual,,859625
2159,10.5,224,13,Audi,Diesel,Manual,9.0,1514542
2769,24.3,198,7,Audi,CNG,Manual,5.0,1184520
1691,26.5,335,5,Hyundai,CNG,Automatic,6.0,922755
1174,17.2,350,7,Suzuki,CNG,Automatic,10.0,687066
2833,18.0,112,2,Suzuki,Diesel,Manual,10.0,703720
2164,14.4,234,17,Suzuki,Diesel,Automatic,10.0,579968
928,25.9,169,13,Suzuki,Petrol,Manual,9.0,262288
1814,20.9,262,16,Toyota,Diesel,Automatic,8.0,1026859
2599,13.8,195,20,Hyundai,Petrol,Automatic,5.0,338858
2181,14.0,63,2,Tata,Diesel,Manual,10.0,740333
1316,25.8,214,5,Toyota,Petrol,Automatic,5.0,732980
2318,8.3,231,18,Audi,Diesel,Manual,9.0,1262580
885,14.5,106,7,Toyota,Petrol,Automatic,5.0,363839
1998,19.1,153,11,Kia,Petrol,Automatic,,815684
3158,11.0,107,11,Tata,Petrol,Manual,9.0,571932
1942,9.8,299,17,Tata,Petrol,Manual,9.0,855133
3274,24.3,272,16,Tata,Petrol,Manual,4.0,635698
2793,25.9,198,13,Suzuki,Petrol,Automatic,,766679
2961,24.5,264,5,Audi,Petrol,Automatic,5.0,1776233
1102,26.0,132,20,Toyota,Petrol,Manual,9.0,513860
1387,19.1,63,16,Toyota,Diesel,Manual,5.0,485063
1786,24.2,135,16,Kia,Petrol,Manual,5.0,435153
2663,15.7,136,16,Hyundai,Petrol,Manual,10.0,796442
1144,21.3,315,14,Toyota,CNG,Manual,,701175
1613,27.8,161,6,Kia,Petrol,Manual,4.0,512689
2787,12.5,165,2,Audi,Petrol,Manual,5.0,1524578
2110,15.8,98,14,Suzuki,Petrol,Manual,10.0,757188
2799,17.6,334,16,Hyundai,Diesel,Manual,4.0,987472
2477,10.8,147,20,Kia,Petrol,Automatic,4.0,736062
2127,9.6,270,13,Toyota,Petrol,Manual,9.0,884272
1892,24.6,136,15,Hyundai,Diesel,Manual,7.0,515086
3208,27.5,136,12,BMW,Petrol,Manual,10.0,1370771
1809,16.1,87,9,Hyundai,Diesel,Manual,7.0,755570
1503,9.8,304,18,Tata,Petrol,Manual,5.0,690191
1374,9.3,125,14,Suzuki,Petrol,Manual,6.0,867193
2408,25.8,325,20,Tata,Diesel,Manual,7.0,884060
1912,17.3,264,4,BMW,Petrol,Automatic,10.0,1689483
1487,14.4,117,8,Tata,Diesel,Manual,9.0,568171
3432,17.5,260,8,BMW,CNG,Manual,10.0,1994323
3436,14.4,284,16,Hyundai,Petrol,Manual,9.0,914227
1288,17.8,201,10,Audi,CNG,Manual,,964080
2147,25.2,143,17,Suzuki,Petrol,Automatic,6.0,428747
1293,19.8,202,1,Audi,Diesel,Automatic,,1870994
2467,21.9,92,18,Suzuki,Petrol,Manual,5.0,540970
2437,15.3,211,10,Kia,Petrol,Manual,10.0,716399
818,22.8,217,4,Suzuki,Petrol,Automatic,8.0,564413
3244,21.3,200,1,Tata,Petrol,Manual,8.0,1008079
1800,10.4,310,4,Tata,Petrol,Manual,4.0,774040
1650,19.5,171,4,Audi,CNG,Manual,4.0,1156113
2188,13.1,203,4,Honda,Diesel,Manual,5.0,1078118
2154,24.1,268,17,Kia,Petrol,Automatic,6.0,713382
2167,16.5,283,9,BMW,Petrol,Manual,4.0,1272371
1621,27.9,102,19,Tata,Diesel,Manual,10.0,504956
1254,9.9,323,13,Kia,Petrol,Manual,10.0,655327
2424,23.6,303,4,Tata,Petrol,Automatic,7.0,997020
1510,21.5,62,5,Tata,Petrol,Manual,10.0,642813
2990,23.3,184,13,Hyundai,Petrol,Automatic,5.0,744792
1716,14.2,327,16,Audi,Petrol,Manual,9.0,1334615
3452,17.8,143,5,Audi,Diesel,Automatic,8.0,1952443
2296,23.9,75,8,Tata,Diesel,Manual,10.0,639252
2240,12.7,118,16,Hyundai,Petrol,Manual,5.0,520401
1104,12.5,236,1,Tata,CNG,Manual,9.0,728059
1535,19.0,122,6,BMW,Petrol,Automatic,9.0,1443446
3138,18.5,108,11,Hyundai,Petrol,Manual,4.0,795913
2763,13.6,305,16,Tata,Petrol,Manual,9.0,930623
2949,14.0,348,5,Suzuki,Petrol,Manual,6.0,1095093
2809,13.6,345,16,Honda,Petrol,Manual,9.0,1049394
1761,23.4,74,7,Suzuki,Petrol,Automatic,,484208
1826,21.0,314,19,Honda,Petrol,Manual,8.0,723026
2932,24.6,151,1,Hyundai,Petrol,Automatic,6.0,929267
3175,27.5,338,9,Suzuki,Diesel,Manual,5.0,1176861
2273,17.5,265,18,BMW,Diesel,Automatic,6.0,1789567
3301,9.3,153,13,Kia,Petrol,Manual,6.0,865416
2747,9.0,284,15,Suzuki,Diesel,Manual,5.0,877545
3476,13.9,258,3,Audi,CNG,Manual,8.0,1660313
1977,26.7,330,10,Kia,Diesel,Automatic,10.0,1151524
1464,18.5,293,9,Kia,Petrol,Manual,9.0,535211
811,13.4,105,13,Honda,Petrol,Manual,6.0,481823
1956,16.0,123,16,Honda,Diesel,Automatic,6.0,644838
1103,20.0,289,3,Tata,Petrol,Automatic,10.0,957237
2563,21.1,308,15,BMW,Petrol,Automatic,5.0,1538197
842,11.1,305,17,Honda,Petrol,Manual,,928536
1743,27.5,134,14,Honda,Diesel,Manual,10.0,923830
3190,18.9,216,7,Tata,Diesel,Automatic,6.0,1112414
2149,10.7,282,20,BMW,Petrol,Manual,4.0,1016793
3345,25.9,249,16,Suzuki,Petrol,Manual,9.0,1022388
3211,9.5,111,8,Hyundai,CNG,Manual,9.0,806666
1690,26.2,147,4,Suzuki,Petrol,Automatic,10.0,853221
3274,27.9,125,20,Audi,Petrol,Manual,8.0,1141818
1804,22.0,209,15,Audi,Petrol,Automatic,10.0,1262286
820,23.4,79,5,Honda,Diesel,Manual,6.0,668209
1206,14.7,92,13,Kia,Diesel,Automatic,5.0,268592
3466,26.8,340,6,Audi,CNG,Manual,,1379729
1814,18.6,105,5,Hyundai,Petrol,Manual,10.0,836143
1135,22.6,132,17,Honda,Petrol,Manual,5.0,700404
2638,26.5,192,7,Tata,Petrol,Automatic,10.0,1014627
1947,27.5,114,6,Audi,Diesel,Manual,,1182412
3246,24.7,120,2,Kia,Petrol,Automatic,,832567
2627,14.1,67,11,Tata,Petrol,Manual,8.0,769179
1514,27.3,331,7,Toyota,Diesel,Manual,8.0,903285
850,20.6,305,8,Toyota,Petrol,Manual,10.0,915655
1123,26.6,235,5,Toyota,Petrol,Manual,8.0,854285
1588,21.5,175,18,Tata,Diesel,Automatic,7.0,695224
940,14.1,330,16,Toyota,Petrol,Manual,5.0,619665
1269,15.4,252,14,Suzuki,Petrol,Automatic,,683907
1586,19.0,209,12,Toyota,Petrol,Automatic,4.0,712012
2625,23.8,190,17,Honda,Petrol,Manual,10.0,743169
2157,14.4,161,5,BMW,Petrol,Manual,10.0,1357467
2716,19.6,329,14,Suzuki,Diesel,Manual,9.0,511785
1763,14.9,269,6,Kia,Petrol,Automatic,9.0,936890
1172,24.3,126,15,BMW,CNG,Manual,5.0,929836
3341,17.3,69,7,Honda,Petrol,Manual,6.0,1019702
2492,9.5,108,14,Kia,Petrol,Automatic,7.0,769799
1979,11.3,170,18,Honda,Petrol,Manual,,541753
3138,9.2,278,1,Hyundai,Diesel,Manual,5.0,1314256
2471,18.0,116,6,Kia,Petrol,Manual,6.0,721423
905,10.1,342,3,Suzuki,Diesel,Manual,9.0,1068978
2243,10.3,172,5,BMW,Diesel,Manual,9.0,1507344
2481,26.8,192,12,Toyota,CNG,Manual,4.0,547755
801,25.5,130,11,Honda,Diesel,Automatic,7.0,587730
3436,17.0,142,13,Toyota,Petrol,Manual,9.0,692244
3491,27.7,116,16,Kia,Diesel,Manual,4.0,593000
2937,8.0,330,18,BMW,CNG,Manual,7.0,1330015
1149,20.3,170,17,Tata,CNG,Manual,9.0,335828
2086,20.3,135,17,Suzuki,Petrol,Manual,7.0,200000
1862,17.1,217,11,Audi,Diesel,Manual,6.0,1418697
3006,15.9,79,20,Tata,Petrol,Manual,4.0,246107
3159,17.1,190,10,Kia,Petrol,Manual,7.0,929914
1244,16.3,181,16,Kia,Diesel,Manual,10.0,637105
3145,22.6,100,2,Tata,CNG,Manual,,1074366
1751,10.7,226,17,Audi,Petrol,Manual,6.0,1134812
835,12.0,189,20,Kia,Diesel,Manual,9.0,424149
1907,11.6,82,10,Kia,Petrol,Manual,9.0,542330
2275,13.2,338,13,Honda,Petrol,Manual,10.0,1226829
2598,18.5,310,12,Hyundai,Petrol,Manual,5.0,618104
2645,10.2,68,15,Kia,Petrol,Manual,5.0,599331
2208,25.4,72,7,Toyota,Diesel,Automatic,,918008
1995,13.9,111,13,Honda,Petrol,Manual,10.0,702053
2199,11.3,268,12,Hyundai,Petrol,Manual,8.0,873738
2508,21.5,97,12,Toyota,Petrol,Manual,8.0,772924
2185,8.8,159,2,BMW,Petrol,Automatic,10.0,1898490
3406,20.4,252,5,Tata,CNG,Manual,7.0,870818
2988,22.0,250,2,Tata,Petrol,Automatic,9.0,1184169
2100,12.3,110,20,Audi,Petrol,Automatic,5.0,918876
2043,8.8,200,13,Hyundai,Diesel,Manual,7.0,680433
1320,15.3,227,3,Toyota,Petrol,Manual,4.0,766585
2606,10.0,168,11,Kia,Diesel,Manual,,713574
809,10.3,266,16,Honda,Petrol,Manual,10.0,565733
1783,13.1,169,1,Toyota,Petrol,Manual,5.0,781848
3225,13.9,255,19,Honda,CNG,Automatic,5.0,848648
2456,18.6,211,11,Tata,Diesel,Manual,5.0,755823
2460,21.6,302,9,Audi,Petrol,Manual,,1599456
3431,19.9,187,14,Kia,Diesel,Automatic,8.0,975648
2999,11.0,164,9,Audi,CNG,Manual,6.0,1252885
1519,11.4,69,7,Toyota,Petrol,Automatic,,771365
1872,25.6,207,16,Toyota,Petrol,Manual,10.0,641789
1658,19.2,199,3,Honda,Petrol,Manual,8.0,922505
2116,25.4,249,19,Honda,Petrol,Manual,9.0,914491
2403,15.4,153,4,Hyundai,Petrol,Automatic,9.0,1056838
849,20.3,288,7,Tata,Diesel,Manual,10.0,813693
3378,18.5,122,12,Hyundai,Petrol,Automatic,10.0,911773
945,14.4,84,18,Hyundai,Diesel,Manual,8.0,748550
1714,17.4,327,5,Toyota,Petrol,Automatic,8.0,1006560
2262,18.0,340,10,Suzuki,Petrol,Automatic,,633142
3089,12.0,70,12,Suzuki,Diesel,Automatic,6.0,914228
1380,14.3,260,8,Suzuki,Petrol,Manual,7.0,626682
2384,23.8,185,19,Suzuki,Petrol,Manual,8.0,518105
1282,26.3,249,15,Hyundai,Petrol,Manual,7.0,531251
2049,15.2,148,1,Toyota,Diesel,Manual,7.0,1261679
1472,14.1,175,3,Suzuki,Petrol,Manual,4.0,659419
1430,11.9,236,18,Kia,Petrol,Automatic,6.0,695930
1461,21.6,73,18,Audi,CNG,Manual,10.0,761729
3266,14.5,316,2,BMW,CNG,Automatic,7.0,2045971
1787,27.8,268,5,Audi,Petrol,Manual,10.0,1686991
2346,14.5,340,1,Toyota,Petrol,Manual,10.0,1128668
1449,15.9,164,10,Toyota,Diesel,Manual,6.0,502776
1768,20.1,206,20,BMW,Diesel,Automatic,6.0,1304935
3437,24.0,338,10,Honda,Petrol,Manual,4.0,1143821
1900,17.4,68,5,Honda,Petrol,Automatic,10.0,978580
3356,16.5,177,18,Kia,Diesel,Manual,9.0,923189
1240,27.9,153,15,Honda,CNG,Automatic,6.0,517196
1720,8.2,203,20,Hyundai,Diesel,Manual,7.0,619527
1569,25.9,348,8,Honda,Petrol,Manual,9.0,949384
2143,11.0,73,17,Tata,Petrol,Manual,9.0,447133
2626,23.7,316,12,Hyundai,Diesel,Automatic,5.0,1247710
1062,20.4,245,12,Hyundai,Petrol,Manual,7.0,420513
2377,14.8,266,1,Kia,Petrol,Automatic,7.0,1440468
3484,25.5,231,4,Honda,Petrol,Manual,6.0,1257603
3306,8.3,329,8,Honda,Petrol,Automatic,7.0,1062111
1798,12.5,280,1,Kia,Petrol,Manual,10.0,913885
1499,19.3,211,15,BMW,Diesel,Manual,5.0,1049917
3149,15.0,170,18,Suzuki,Diesel,Manual,6.0,737309
2403,20.2,242,1,Kia,CNG,Automatic,8.0,830558
2041,8.5,131,11,BMW,Diesel,Automatic,7.0,1483646
1925,10.3,342,2,Hyundai,Petrol,Manual,7.0,967204
3401,10.5,133,1,BMW,Petrol,Automatic,4.0,1759126
3135,11.8,274,12,Hyundai,Petrol,Manual,8.0,811912
1990,17.2,82,16,Toyota,Petrol,Automatic,,801692
3468,23.0,127,10,Hyundai,CNG,Manual,10.0,582083
1805,26.1,152,18,Hyundai,Petrol,Manual,,622039
835,24.7,122,15,BMW,Petrol,Manual,10.0,1000636
1543,11.9,283,17,Suzuki,Petrol,Manual,8.0,542865
2564,16.8,284,10,Toyota,Petrol,Manual,10.0,1003883
1152,12.0,162,3,Audi,Diesel,Automatic,10.0,1778453
2722,13.3,274,16,Audi,Petrol,Manual,4.0,1098195
872,18.1,251,6,Suzuki,Petrol,Automatic,5.0,567380
3495,9.4,219,3,Audi,Petrol,Automatic,10.0,2025151
2176,12.4,266,9,Toyota,CNG,Manual,10.0,1027901
2714,26.7,328,11,Honda,Petrol,Manual,8.0,1227383
1893,17.3,253,13,Toyota,Petrol,Manual,5.0,511017
3272,16.9,211,18,BMW,Petrol,Automatic,8.0,1748955
1507,8.3,296,4,Kia,Petrol,Automatic,,1068699
2604,12.9,147,8,Tata,Petrol,Automatic,10.0,1142687
3408,25.3,70,13,Hyundai,Diesel,Manual,9.0,942854
1755,11.3,246,10,Hyundai,Diesel,Automatic,8.0,977262
3364,16.3,273,2,Kia,Diesel,Manual,10.0,1396005
3275,8.3,74,8,BMW,Petrol,Manual,7.0,1539525
959,17.6,325,6,BMW,Petrol,Manual,,1678238
2996,8.4,132,16,Tata,Petrol,Automatic,7.0,897543
2535,24.4,111,18,Tata,Petrol,Automatic,6.0,634613
2385,24.5,187,17,Hyundai,Petrol,Manual,9.0,535311
866,23.8,87,6,Tata,Petrol,Automatic,4.0,437939
3228,13.7,124,13,Tata,Diesel,Automatic,5.0,642307
857,24.7,76,14,Tata,Diesel,Manual,5.0,354693
1141,18.9,197,10,Kia,Diesel,Manual,6.0,781387
1953,15.5,288,11,Suzuki,Diesel,Manual,8.0,772649
1995,20.5,313,13,Honda,Petrol,Manual,4.0,950841
3461,8.2,269,12,Tata,Petrol,Manual,6.0,901285
2032,10.9,290,9,Honda,Petrol,Manual,6.0,841584
3201,22.8,300,4,Honda,Petrol,Automatic,,1364368
2294,12.9,129,7,BMW,Petrol,Manual,,1395668
2621,20.0,163,2,Tata,Petrol,Manual,7.0,851107
915,15.7,263,7,Hyundai,Petrol,Manual,8.0,753770
1461,25.1,112,9,Suzuki,Diesel,Manual,8.0,484948
2265,27.0,113,5,Hyundai,Diesel,Automatic,10.0,1001239
3300,25.7,335,15,Tata,Petrol,Manual,10.0,1246161
2668,13.4,90,18,Hyundai,Petrol,Manual,6.0,776952
3134,11.9,194,4,Tata,Petrol,Automatic,8.0,821529
1816,17.5,117,19,Suzuki,Diesel,Manual,7.0,200000
1110,8.1,164,20,Toyota,Petrol,Automatic,4.0,478656
1007,8.5,325,7,Suzuki,Diesel,Manual,5.0,827605
3465,19.1,69,8,Kia,Petrol,Manual,7.0,732458
3293,18.4,312,17,Toyota,Petrol,Automatic,10.0,1303842
1432,27.9,215,13,Audi,Petrol,Manual,,1035561
2902,12.0,217,11,Toyota,Petrol,Manual,,877364
1456,13.2,96,1,Honda,Petrol,Manual,5.0,871175
2223,10.3,178,2,Kia,Diesel,Manual,9.0,891529
2731,26.4,126,17,Honda,Petrol,Automatic,5.0,736369
3362,23.6,301,5,Kia,Petrol,Automatic,6.0,1257931
2479,24.4,272,6,Suzuki,CNG,Manual,8.0,725813
1036,26.1,160,7,Honda,Petrol,Manual,6.0,957076
1147,18.5,115,15,Honda,Petrol,Automatic,5.0,665329
3474,17.0,298,19,Audi,Petrol,Automatic,6.0,1679396
1429,14.6,290,16,Honda,Diesel,Manual,8.0,808727
2340,19.8,151,13,BMW,Diesel,Automatic,7.0,1647012
2803,17.1,338,5,BMW,Petrol,Manual,4.0,1629586
2071,17.0,168,3,BMW,CNG,Manual,9.0,1400597
1163,26.7,227,3,Toyota,Diesel,Automatic,7.0,880869
3168,27.7,277,19,Suzuki,Petrol,Manual,5.0,814635
1085,23.9,281,14,Suzuki,Diesel,Manual,7.0,639620
948,23.1,220,16,Hyundai,Petrol,Manual,6.0,808947
1907,21.6,75,17,Audi,Diesel,Manual,,1278959
3253,11.3,337,4,BMW,Petrol,Manual,,2028455
1255,9.2,116,13,BMW,Diesel,Automatic,7.0,1177909
2566,21.8,121,8,Honda,Petrol,Manual,8.0,735333
1599,22.6,301,19,BMW,Diesel,Manual,6.0,1294764
1984,8.9,149,5,Honda,Petrol,Manual,4.0,821397
1812,26.6,131,2,Honda,Diesel,Manual,7.0,1026849
3307,9.8,89,15,Hyundai,Petrol,Manual,9.0,1043965
2323,13.7,347,2,Toyota,CNG,Manual,5.0,815361
3356,21.4,145,11,Honda,Diesel,Manual,10.0,964459
1280,11.4,293,13,Honda,Petrol,Automatic,6.0,806042
2486,9.1,294,10,Suzuki,CNG,Manual,6.0,793835
2961,14.6,324,3,Hyundai,Petrol,Automatic,,1328428
2401,23.3,346,5,Honda,Diesel,Manual,9.0,1114543
3208,16.3,328,3,Audi,Diesel,Automatic,10.0,2528946
1140,21.1,245,6,Toyota,Petrol,Manual,8.0,613193
2810,19.6,190,13,Kia,CNG,Automatic,10.0,716207
3296,8.4,350,10,Audi,Petrol,Manual,7.0,1666225
2666,27.8,336,19,BMW,Petrol,Automatic,7.0,1487742
1634,8.8,239,8,Toyota,Diesel,Manual,8.0,1043253
2003,27.4,349,18,BMW,Diesel,Automatic,5.0,1556842
2525,19.0,222,3,Suzuki,Petrol,Automatic,8.0,1211962
2489,27.3,330,17,Tata,Petrol,Automatic,,796532
1110,10.3,155,8,Tata,Diesel,Manual,4.0,547066
1061,17.8,321,10,Tata,Petrol,Manual,8.0,860066
2242,11.4,347,2,Honda,CNG,Automatic,5.0,1105125
1205,9.0,142,12,Hyundai,Diesel,Manual,8.0,874019
2990,20.4,284,6,Audi,Petrol,Manual,8.0,1738284
1141,12.2,282,2,BMW,Petrol,Manual,6.0,1042838
2139,19.8,177,3,Honda,Petrol,Manual,,1110872
1043,10.2,251,17,Tata,Petrol,Manual,7.0,645026
1289,14.6,138,7,Audi,Diesel,Manual,7.0,1305428
811,23.6,137,5,Audi,CNG,Manual,10.0,706506
1360,16.7,206,1,Suzuki,Petrol,Manual,8.0,614836
841,20.6,166,8,Suzuki,Petrol,Manual,4.0,372872
1393,20.9,330,12,Tata,Petrol,Automatic,9.0,692889
2252,24.9,303,14,BMW,Diesel,Manual,7.0,1764484
2626,14.5,132,16,Tata,Diesel,Manual,8.0,690515
2493,21.7,85,10,Tata,Diesel,Manual,8.0,721114
933,27.2,269,15,Honda,Petrol,Automatic,9.0,873074
1747,22.6,151,15,Hyundai,Diesel,Manual,8.0,758921
872,17.8,184,10,Tata,Petrol,Manual,9.0,200000
1198,20.6,132,7,BMW,Diesel,Manual,9.0,1176305
2228,22.8,182,3,Audi,Diesel,Manual,10.0,1444078
3425,20.2,243,2,Audi,Diesel,Manual,,1994186
929,8.3,246,6,Kia,Petrol,Automatic,10.0,811265
2611,11.9,257,9,Toyota,Diesel,Manual,8.0,1051341
2801,24.2,137,10,Tata,Petrol,Manual,6.0,384211
1065,13.5,245,4,Kia,Diesel,Manual,,752177
2360,22.6,312,3,Kia,Petrol,Automatic,5.0,1208594
2785,15.4,72,9,Honda,Petrol,Manual,9.0,1083232
1592,18.4,135,17,Toyota,Petrol,Manual,5.0,618053
3100,9.4,110,14,Suzuki,Diesel,Manual,8.0,526637
2112,11.6,334,10,Hyundai,Petrol,Manual,7.0,1064442
963,27.1,208,13,BMW,Diesel,Automatic,4.0,1207047
894,25.8,278,12,Tata,Diesel,Manual,10.0,678161
2605,21.0,181,1,Audi,Diesel,Manual,8.0,1418327
1933,17.2,270,19,Honda,Petrol,Manual,4.0,790903
3183,21.5,339,19,Audi,Diesel,Manual,6.0,1419161
1621,20.4,85,6,Tata,Petrol,Manual,5.0,613678
1037,19.4,232,13,Suzuki,Petrol,Automatic,10.0,666800
3228,9.2,215,19,Toyota,Petrol,Manual,6.0,1021395
3330,20.7,297,13,Tata,Petrol,Manual,7.0,837002
2760,23.4,141,4,Toyota,Petrol,Manual,7.0,923162
1848,27.9,332,2,BMW,Petrol,Automatic,9.0,2208281
2476,8.2,127,15,Honda,Petrol,Manual,,635679
3329,22.6,103,12,Suzuki,Petrol,Automatic,10.0,970413
1763,19.4,120,7,Honda,Petrol,Manual,10.0,800346
1336,16.7,182,20,BMW,Petrol,Manual,8.0,725444
2403,10.6,255,18,Suzuki,CNG,Manual,9.0,588282
2779,16.2,170,13,Kia,Petrol,Manual,7.0,839135
927,15.1,317,17,Suzuki,Petrol,Manual,7.0,717217
891,14.1,148,4,Toyota,Petrol,Manual,9.0,955201
1342,22.6,257,14,Toyota,Petrol,Manual,6.0,609559
1645,22.0,341,20,Toyota,Petrol,Manual,4.0,476932
2481,19.8,259,13,Audi,Petrol,Manual,5.0,1191523
2651,26.8,158,3,Kia,CNG,Manual,7.0,592378
3294,15.0,86,18,Hyundai,Diesel,Automatic,9.0,891296
1189,12.9,148,14,Tata,Diesel,Manual,,485493
2684,21.1,205,15,Toyota,CNG,Automatic,6.0,905538
842,12.0,241,3,Hyundai,CNG,Manual,10.0,398498
1053,14.3,316,1,Hyundai,Diesel,Manual,10.0,913300
1883,12.5,248,17,Honda,Diesel,Automatic,5.0,752544
3314,9.4,299,3,BMW,Petrol,Manual,10.0,2187193
3134,24.5,255,14,Audi,Petrol,Manual,10.0,1340534
2340,13.1,224,3,Hyundai,Petrol,Manual,6.0,934321
2753,17.5,330,13,Tata,Petrol,Manual,4.0,740410
3192,8.9,67,15,Audi,CNG,Automatic,6.0,1311022
1441,22.0,97,18,Honda,Petrol,Automatic,5.0,616417
3229,14.6,173,14,Toyota,Diesel,Manual,10.0,1031658
1489,22.9,115,3,Suzuki,Petrol,Manual,5.0,495706
2076,16.2,197,19,Hyundai,Petrol,Automatic,7.0,425662
2750,11.9,161,8,BMW,Petrol,Manual,4.0,1372392
1879,18.3,236,4,Suzuki,Petrol,Manual,8.0,830290
2286,10.6,228,4,Honda,Petrol,Manual,,753252
1256,16.8,345,19,Audi,Petrol,Manual,10.0,940889
1782,14.3,320,11,Tata,Petrol,Automatic,9.0,919158
2930,26.2,282,1,Kia,Petrol,Manual,6.0,1048971
1922,9.2,258,8,Toyota,Diesel,Manual,6.0,772745
948,21.9,270,15,Audi,Petrol,Manual,5.0,802667
2152,11.7,346,1,BMW,Petrol,Automatic,9.0,1842529
1979,14.4,239,7,Hyundai,Petrol,Manual,5.0,989343
989,16.3,309,20,BMW,Petrol,Automatic,9.0,978149
1682,26.2,290,20,Audi,Petrol,Automatic,5.0,1156080
3110,12.9,82,11,Audi,Petrol,Manual,8.0,1280550
1199,9.8,107,14,Suzuki,Petrol,Manual,,628661
1408,14.4,168,16,BMW,Diesel,Manual,7.0,920978
2595,10.1,65,14,BMW,Petrol,Automatic,8.0,1328502
2438,10.6,97,12,BMW,Petrol,Automatic,9.0,1181526
2375,19.5,228,17,Toyota,Petrol,Manual,5.0,404035
2948,9.2,342,14,Tata,Petrol,Manual,9.0,965122
2182,8.6,262,10,Audi,Petrol,Manual,7.0,1068684
2203,22.3,332,14,Honda,Diesel,Automatic,7.0,1097286
1619,15.2,303,18,Toyota,Diesel,Manual,10.0,984271
1619,10.5,106,9,Toyota,Petrol,Manual,4.0,714615
1219,13.1,308,17,Toyota,CNG,Manual,,494440
923,20.8,138,6,Suzuki,Petrol,Manual,6.0,274508
1221,13.5,169,8,Kia,Diesel,Manual,6.0,740791
2308,17.9,72,13,Tata,Diesel,Manual,4.0,765230
2397,10.4,149,18,Tata,Diesel,Manual,5.0,486533
1567,19.8,339,5,Honda,Petrol,Manual,,849344
2844,14.3,280,6,Kia,Petrol,Automatic,5.0,952964
3330,20.5,132,19,BMW,Petrol,Manual,8.0,1343851
3366,24.2,293,4,Suzuki,Petrol,Manual,,1115975
3002,20.2,319,7,Audi,Petrol,Manual,7.0,1461936
2939,13.9,172,4,Kia,Petrol,Manual,7.0,667587
2349,13.1,105,11,Hyundai,Petrol,Manual,7.0,1047495
3302,14.5,333,12,Suzuki,Diesel,Automatic,7.0,1048589
2564,11.3,102,14,Hyundai,Petrol,Manual,6.0,691695
2844,11.6,267,13,Audi,Diesel,Manual,10.0,1547569
3445,23.8,162,10,Honda,Petrol,Manual,7.0,1051109
1309,15.7,183,18,Tata,Diesel,Manual,7.0,660897
2006,16.7,69,16,Hyundai,Petrol,Manual,7.0,587367
1185,19.9,246,5,Toyota,Petrol,Automatic,5.0,1125186
2397,19.8,90,8,Suzuki,Diesel,Manual,9.0,682340
3252,9.3,215,14,Kia,Petrol,Manual,7.0,777157
3093,24.6,119,5,Kia,Petrol,Automatic,4.0,940979
1541,11.5,308,8,Hyundai,Petrol,Manual,7.0,883042
3497,22.5,329,6,Audi,Petrol,Manual,7.0,1820195
2711,23.5,276,16,Tata,Petrol,Manual,,532539
2246,22.3,61,4,Toyota,Petrol,Manual,9.0,878664
1700,19.6,83,12,Kia,Diesel,Manual,7.0,548433
2912,8.3,265,11,Hyundai,Diesel,Automatic,9.0,1109991
3060,15.2,258,3,Tata,Petrol,Automatic,5.0,1042747
2809,20.1,173,12,Audi,Diesel,Automatic,,1478173
1041,15.7,339,5,Honda,Petrol,Manual,9.0,775301
3340,25.3,214,6,Audi,Petrol,Automatic,9.0,1520353
3185,14.2,224,19,Honda,Petrol,Manual,7.0,1111130
2820,13.9,281,18,Kia,Diesel,Manual,10.0,980134
972,13.3,150,16,Tata,Petrol,Manual,7.0,418525
1471,14.7,226,11,Tata,Diesel,Manual,7.0,583315
963,19.1,266,5,Toyota,Petrol,Automatic,6.0,444999
1264,22.1,341,9,Audi,CNG,Manual,10.0,1126088
1296,21.3,124,3,BMW,Diesel,Automatic,8.0,1674115
1499,24.2,63,8,Kia,Petrol,Manual,6.0,688506
3242,25.7,216,6,Suzuki,Diesel,Manual,6.0,995253
1502,24.3,308,4,BMW,Petrol,Manual,6.0,1470040
2740,8.4,316,12,Kia,Petrol,Manual,10.0,1121981
3155,22.7,294,12,BMW,Petrol,Automatic,5.0,1713220
2591,12.2,133,16,BMW,Petrol,Manual,8.0,1351174
982,10.7,246,10,Suzuki,Diesel,Automatic,5.0,612080
1428,20.8,121,14,BMW,Petrol,Manual,,797996
3357,14.4,223,13,Honda,Petrol,Manual,8.0,847389
2531,9.1,115,9,Audi,Petrol,Manual,5.0,1005114
1345,10.8,170,7,Tata,Petrol,Automatic,10.0,881090
2387,8.0,277,12,Toyota,Petrol,Manual,8.0,782932
1423,26.1,299,5,BMW,Diesel,Manual,9.0,1490247
1393,8.5,80,18,Tata,CNG,Manual,9.0,505413
1543,12.2,200,4,BMW,Petrol,Manual,7.0,1395703
2568,16.3,324,2,Kia,Petrol,Manual,6.0,1122598
2259,15.1,198,3,Toyota,Petrol,Manual,9.0,1051412
2748,26.2,129,12,Kia,Diesel,Manual,,666779
3401,8.8,177,3,Toyota,Petrol,Manual,5.0,1033667
2868,18.2,257,4,BMW,Petrol,Manual,8.0,1764157
3401,21.6,264,6,Honda,Diesel,Manual,4.0,1035439
3244,26.6,273,12,Tata,Petrol,Manual,,673517
3472,20.4,115,19,Toyota,Petrol,Manual,5.0,604575
904,24.1,346,10,Audi,Diesel,Manual,10.0,1712157
3039,9.7,234,1,Tata,Petrol,Manual,,889066
816,15.7,187,17,Audi,Petrol,Manual,4.0,854169
1192,15.5,347,16,Tata,Petrol,Manual,4.0,482496
1224,25.7,285,9,Honda,Petrol,Manual,7.0,933760
2976,11.0,123,9,Kia,Petrol,Manual,5.0,879393
1371,11.0,107,9,Suzuki,CNG,Manual,10.0,660170
2876,14.6,261,12,Kia,Petrol,Automatic,6.0,996137
1920,9.1,119,9,Hyundai,Diesel,Manual,,963187
1041,11.6,316,15,Honda,Petrol,Manual,5.0,719061
3079,27.3,124,2,BMW,Petrol,Manual,6.0,1830283
1588,16.6,298,11,Hyundai,Petrol,Manual,,517905
1514,20.6,348,11,BMW,Petrol,Manual,8.0,1445046
1558,22.5,97,8,Audi,Petrol,Automatic,5.0,1141814
1575,15.3,84,6,Toyota,Petrol,Manual,8.0,571827
3047,10.9,118,20,Tata,Petrol,Automatic,7.0,768209
878,12.1,217,7,BMW,Petrol,Manual,6.0,886925
1655,14.3,116,3,Audi,CNG,Automatic,4.0,1042468
3314,20.7,107,8,Honda,Petrol,Automatic,6.0,760689
3428,16.0,115,18,BMW,Petrol,Manual,7.0,1483641
2239,8.1,124,17,Kia,Petrol,Manual,6.0,523097
3296,18.5,327,11,Audi,Petrol,Manual,8.0,1977211
2934,26.4,128,2,Toyota,Diesel,Automatic,5.0,1289692
2948,24.2,275,19,Tata,Petrol,Manual,4.0,718591
1831,24.5,148,7,BMW,Petrol,Manual,8.0,1189831
1644,23.9,340,18,Suzuki,Petrol,Manual,9.0,469744
886,14.5,316,8,Audi,Diesel,Manual,5.0,1314272
2890,23.3,219,14,BMW,Petrol,Automatic,4.0,1457627
1207,10.9,293,7,Toyota,Petrol,Manual,7.0,610678
2468,21.2,190,4,Tata,Petrol,Manual,6.0,557703
947,20.8,108,17,BMW,Petrol,Manual,4.0,474746
3124,8.5,206,5,BMW,Petrol,Manual,10.0,2054119
1031,23.8,61,12,Tata,Diesel,Automatic,9.0,920392
2750,26.1,204,9,Suzuki,Diesel,Automatic,7.0,957658
1165,13.3,120,20,Audi,Petrol,Manual,5.0,631196
2474,24.2,332,13,Hyundai,Petrol,Manual,10.0,878150
1235,9.6,108,18,Kia,Petrol,Automatic,,352947
1198,20.0,190,20,Tata,Petrol,Manual,7.0,638298
2034,17.7,102,9,BMW,Petrol,Manual,,1452530
2214,18.9,116,4,Hyundai,Petrol,Manual,,661918
3346,26.5,109,8,Honda,CNG,Manual,10.0,903000
3387,25.4,237,1,BMW,Petrol,Manual,8.0,1835732
1362,23.7,105,17,Hyundai,CNG,Automatic,6.0,403821
3289,13.5,229,9,Honda,Petrol,Manual,7.0,1218785
2084,26.2,330,20,Suzuki,Petrol,Manual,10.0,460187
1572,10.0,198,13,Audi,Petrol,Manual,8.0,1151238
3197,25.1,306,2,BMW,Diesel,Automatic,9.0,2602300
2837,14.6,207,13,Audi,Petrol,Manual,9.0,1360335
3367,9.1,289,9,Honda,Diesel,Manual,5.0,1303693
2143,21.4,339,20,Audi,Diesel,Manual,10.0,1418401
2985,12.6,184,6,Audi,Diesel,Automatic,10.0,2199953
2373,12.9,251,1,Tata,Diesel,Manual,4.0,684069
1791,14.1,139,5,Toyota,Diesel,Manual,10.0,883098
3215,9.3,153,3,Honda,Diesel,Manual,6.0,1137278
2046,11.5,285,4,Audi,Petrol,Manual,5.0,1021677
1159,8.1,124,1,Kia,Diesel,Automatic,7.0,707718
1720,16.9,147,14,Hyundai,Diesel,Manual,10.0,610865
3176,9.7,147,9,Honda,Petrol,Manual,6.0,1071281
3310,21.7,260,4,Toyota,CNG,Manual,10.0,946689
1762,12.7,273,18,BMW,Petrol,Manual,8.0,1033770
2627,26.9,263,14,Suzuki,Petrol,Manual,6.0,798693
2413,25.4,148,4,Audi,Petrol,Automatic,8.0,1368741
2440,13.8,120,10,Hyundai,Petrol,Manual,5.0,383258
3016,23.7,330,3,Toyota,Diesel,Manual,10.0,1274425
1016,24.1,153,7,Honda,CNG,Automatic,4.0,421139
1177,27.7,86,10,Suzuki,Diesel,Manual,9.0,338186
918,20.0,273,13,Suzuki,CNG,Manual,6.0,549788
989,9.6,133,4,Kia,Petrol,Manual,4.0,700676
1169,20.9,120,18,Audi,Petrol,Automatic,4.0,831572
2601,20.5,245,11,Toyota,Petrol,Manual,9.0,1092373
2996,20.8,90,4,Toyota,Diesel,Manual,6.0,1166415
1451,14.1,278,14,Hyundai,Petrol,Manual,10.0,424604
2682,25.2,71,18,BMW,CNG,Manual,6.0,950526
2311,27.2,91,8,BMW,Diesel,Manual,4.0,1159088
1569,12.4,219,10,Tata,CNG,Manual,7.0,466105
3221,9.8,296,5,BMW,Petrol,Manual,7.0,1906418
1580,11.9,286,7,Tata,Petrol,Manual,6.0,459083
2516,24.4,240,12,Suzuki,Diesel,Automatic,4.0,546488
3007,21.5,105,3,Suzuki,Diesel,Manual,4.0,885145
3198,20.7,139,4,Kia,Petrol,Manual,,966777
2111,16.0,194,10,Honda,CNG,Manual,4.0,703113
2049,19.6,319,4,Suzuki,Diesel,Manual,9.0,798890
1322,14.2,306,15,Suzuki,Petrol,Manual,7.0,687880
1321,17.5,218,10,Toyota,Petrol,Manual,5.0,765532
1582,23.9,262,16,Honda,Petrol,Manual,,721759
3120,27.6,171,15,Toyota,Petrol,Manual,,638941
1735,26.6,178,19,Hyundai,Diesel,Manual,10.0,607614
3030,26.7,76,20,Tata,Petrol,Manual,7.0,676722
2488,16.0,286,19,Tata,Diesel,Manual,9.0,975889
1287,17.4,176,18,Hyundai,Diesel,Manual,8.0,534918
2650,22.1,102,12,Tata,Petrol,Manual,6.0,587221
1645,26.4,174,16,Honda,Petrol,Automatic,8.0,732745
2971,10.8,342,1,Honda,Petrol,Automatic,6.0,1441391
3261,14.1,96,16,Suzuki,Petrol,Manual,7.0,533902
2803,10.8,172,2,Tata,Petrol,Manual,7.0,428054
2548,20.2,94,15,Hyundai,CNG,Manual,8.0,778858
1485,14.1,191,7,Audi,Petrol,Manual,9.0,1506718
2960,14.5,287,1,BMW,Petrol,Automatic,10.0,2167648
2969,9.4,206,5,Suzuki,Petrol,Manual,6.0,641343
2367,15.0,181,10,BMW,Petrol,Manual,6.0,1276046
2045,25.2,140,4,Hyundai,Petrol,Automatic,5.0,833787
838,12.7,232,14,Tata,Diesel,Manual,,712384
3344,21.9,213,13,Tata,Petrol,Manual,9.0,839189
1579,20.6,209,1,BMW,CNG,Manual,9.0,1242522
2056,25.3,117,16,Audi,Petrol,Manual,5.0,680577
2996,10.6,122,9,Tata,Diesel,Manual,7.0,951027
2727,27.6,215,16,Audi,Diesel,Automatic,8.0,1669339
1101,19.7,227,19,Toyota,Petrol,Manual,9.0,739740
3085,27.9,225,15,Honda,Petrol,Manual,6.0,729059
1446,26.2,144,14,BMW,Petrol,Automatic,5.0,1299628
1462,12.4,196,20,Tata,Diesel,Manual,8.0,276662
3083,9.1,248,10,Audi,Diesel,Manual,,1757294
2559,13.1,61,12,Kia,Petrol,Manual,8.0,371892
3050,18.6,165,1,Kia,Petrol,Manual,9.0,864150
1055,11.4,131,17,Tata,Diesel,Manual,,693639
1397,11.3,185,9,Honda,CNG,Automatic,6.0,867408
1461,17.3,229,19,Honda,Diesel,Manual,8.0,618712
1034,8.7,264,18,Toyota,Diesel,Manual,10.0,635989
2168,10.4,254,7,Honda,Petrol,Manual,6.0,937577
3381,16.3,217,9,Honda,Diesel,Automatic,9.0,1452107
1569,9.3,200,12,Suzuki,Diesel,Manual,,814040
3388,15.9,334,7,Kia,Diesel,Automatic,10.0,1310174
1012,17.5,66,14,Hyundai,Petrol,Manual,8.0,224946
1262,17.0,113,15,Kia,Petrol,Automatic,10.0,641486
3283,25.4,163,15,Kia,Petrol,Automatic,9.0,846394
1082,18.6,120,6,Tata,Petrol,Automatic,8.0,477382
2286,17.4,146,14,Kia,Petrol,Manual,10.0,746070
2230,16.2,317,2,Toyota,Diesel,Manual,5.0,1071673
887,24.4,237,8,Toyota,Petrol,Manual,10.0,808100
1867,25.9,301,13,BMW,Petrol,Manual,6.0,1136435
1260,25.1,262,6,Honda,Diesel,Automatic,6.0,1101878
3125,21.5,90,5,BMW,Diesel,Manual,8.0,1485930
3268,10.7,348,5,Suzuki,Petrol,Manual,9.0,865129
2524,13.5,139,1,Kia,Petrol,Manual,,824892
2176,8.9,70,9,Audi,CNG,Manual,7.0,1250677
1314,26.6,313,6,Honda,Diesel,Manual,6.0,1071255
1502,21.2,346,20,Audi,Petrol,Manual,10.0,1309826
2453,22.9,235,7,Kia,Petrol,Automatic,7.0,1172708
2866,14.2,185,9,Hyundai,Petrol,Manual,10.0,1463185
822,24.9,106,5,Suzuki,Diesel,Manual,8.0,585378
3260,13.2,265,14,Honda,Petrol,Manual,7.0,1197000
1853,8.0,166,5,BMW,Petrol,Automatic,9.0,1777176
2630,15.5,334,8,BMW,Petrol,Manual,10.0,1920694
2955,19.4,182,7,Honda,Diesel,Manual,9.0,1397678
2104,17.6,193,13,Tata,Petrol,Manual,10.0,632579
1934,25.2,166,13,BMW,Petrol,Manual,7.0,1052501
2983,10.1,109,8,Kia,CNG,Manual,9.0,794163
1161,19.1,154,11,Kia,Petrol,Automatic,6.0,590110
2976,18.3,327,18,Tata,Petrol,Manual,,815916
2699,13.6,82,19,Honda,Diesel,Manual,7.0,951262
2084,24.4,113,6,Toyota,Petrol,Manual,10.0,772285
1314,23.1,313,2,BMW,Diesel,Manual,6.0,1569047
1248,22.7,294,13,Tata,Petrol,Manual,10.0,698376
2723,25.5,118,11,Honda,Petrol,Automatic,7.0,907914
2306,22.5,223,1,Honda,CNG,Manual,10.0,704294
2047,12.6,318,2,Tata,Petrol,Manual,6.0,780083
2655,22.1,275,17,BMW,Diesel,Manual,9.0,1650574
1673,14.2,242,8,Toyota,Petrol,Automatic,9.0,1197600
3320,12.8,116,2,BMW,Petrol,Manual,8.0,1525647
2228,9.5,204,6,Honda,Diesel,Manual,10.0,920092
3149,22.9,149,5,Toyota,Petrol,Manual,9.0,1016128
3078,22.2,104,16,Kia,Petrol,Automatic,5.0,413689
2554,12.7,316,8,Audi,Petrol,Manual,6.0,1432535
1722,23.0,80,19,Hyundai,Petrol,Manual,6.0,200000
2959,26.4,80,16,BMW,Diesel,Automatic,7.0,1650980
1836,10.2,111,13,Suzuki,Diesel,Manual,8.0,476640
2216,12.7,230,20,Honda,Diesel,Manual,4.0,946926
3347,23.0,126,7,Toyota,Diesel,Manual,9.0,1249905
3445,13.5,172,16,Tata,Petrol,Manual,4.0,580639
3081,20.5,219,16,Kia,Petrol,Manual,5.0,562876
3449,9.6,325,12,Tata,Diesel,Automatic,8.0,1146375
1113,17.0,291,14,Tata,Petrol,Automatic,6.0,636372
3413,22.8,127,18,Toyota,Petrol,Automatic,4.0,859953
3056,21.7,87,18,Audi,CNG,Manual,5.0,777757
2797,24.3,175,16,BMW,Petrol,Manual,8.0,1394441
1837,25.5,110,20,Suzuki,Petrol,Manual,5.0,422020
2456,23.5,240,16,Kia,Petrol,Manual,9.0,692910
3434,21.4,319,13,Tata,Diesel,Manual,4.0,802950
2578,8.6,138,9,Toyota,Petrol,Manual,7.0,796673
1814,18.7,332,9,Tata,Petrol,Manual,7.0,644998
1893,8.8,167,13,Audi,CNG,Manual,8.0,1003816
1924,24.2,133,4,Honda,Diesel,Automatic,5.0,1022674
1497,14.4,234,9,Tata,Diesel,Manual,6.0,743209
2979,19.2,243,15,Audi,Petrol,Manual,4.0,1499612
2204,13.6,82,14,BMW,Petrol,Manual,7.0,1028237
1955,23.7,333,19,Kia,Petrol,Manual,7.0,823839
1843,25.7,188,12,Kia,Petrol,Manual,5.0,642148
2729,16.0,350,6,Tata,Petrol,Manual,7.0,893819
3383,25.3,245,3,Audi,Petrol,Manual,10.0,1806753
1813,13.3,118,20,Toyota,Petrol,Manual,,512917
1026,18.7,60,16,Toyota,Diesel,Automatic,4.0,502231
2628,25.2,190,20,Hyundai,Diesel,Manual,5.0,530344
2292,14.5,126,17,Audi,Petrol,Manual,7.0,770601
1621,27.1,344,16,Honda,Petrol,Manual,5.0,840090
2823,10.4,148,6,Tata,Petrol,Manual,7.0,924130
1670,8.4,159,8,Suzuki,Petrol,Automatic,9.0,849179
3252,26.1,248,19,Suzuki,Petrol,Manual,8.0,724876
3049,9.4,300,2,BMW,Petrol,Manual,7.0,1987407
2885,27.8,329,14,Hyundai,Diesel,Manual,10.0,1163261
2595,27.0,278,12,Audi,Diesel,Automatic,10.0,1987574
987,10.7,235,17,Honda,Diesel,Manual,10.0,598557
1880,18.8,292,15,Hyundai,Diesel,Automatic,,756997
1740,11.7,210,18,Toyota,Diesel,Manual,7.0,631354
3120,16.6,336,16,BMW,Diesel,Automatic,7.0,1964492
3430,9.2,288,13,Tata,Petrol,Automatic,8.0,981266
3363,12.5,230,17,Tata,Petrol,Manual,9.0,512040
1325,15.3,282,8,Tata,Diesel,Manual,6.0,995971
1135,16.8,272,1,Audi,Petrol,Manual,7.0,1317873
1878,27.5,341,3,Suzuki,Diesel,Manual,6.0,905431
3347,24.2,100,16,Honda,CNG,Manual,4.0,847571
3383,22.7,181,2,Tata,Diesel,Manual,9.0,712492
961,18.7,286,15,Tata,Petrol,Manual,5.0,435077
1393,24.8,147,1,Toyota,Petrol,Manual,6.0,718928
2738,14.8,326,9,Kia,Diesel,Manual,10.0,1023109
3006,22.2,88,16,Hyundai,CNG,Manual,9.0,625100
859,27.9,306,4,Tata,Petrol,Manual,4.0,865853
2701,14.3,303,12,BMW,Diesel,Automatic,9.0,2123837
3058,21.5,120,1,Hyundai,Diesel,Automatic,5.0,1294248
1205,24.9,206,1,Suzuki,Petrol,Automatic,,784301
1463,26.3,233,7,Hyundai,Diesel,Manual,7.0,613389
1932,22.4,337,18,Honda,Petrol,Manual,10.0,549671
1899,13.7,201,15,Toyota,Petrol,Manual,7.0,459001
1341,14.5,103,13,Audi,Petrol,Manual,8.0,955083
2137,8.4,203,16,Honda,Diesel,Manual,8.0,844270
1797,23.2,114,7,Suzuki,Diesel,Manual,8.0,640923
1940,8.9,220,16,BMW,Petrol,Automatic,10.0,1379947
1667,25.3,344,13,Suzuki,Diesel,Manual,8.0,1050782
2866,10.4,257,14,Suzuki,Diesel,Manual,4.0,612451
1231,11.4,218,17,Hyundai,Diesel,Automatic,10.0,923398
1539,17.5,139,12,BMW,Petrol,Manual,9.0,1109320
2173,22.8,90,20,Honda,Petrol,Manual,4.0,485773
982,10.8,171,13,Suzuki,Petrol,Manual,7.0,647411
2960,16.8,105,20,Honda,Diesel,Automatic,5.0,1033748
2006,17.7,264,15,Tata,Petrol,Manual,8.0,635784
3328,12.2,111,4,Tata,CNG,Manual,9.0,915936
1969,10.3,197,2,Tata,Diesel,Manual,5.0,877761
1630,24.7,133,18,Audi,Diesel,Manual,10.0,1027091
2451,18.0,100,2,Hyundai,Diesel,Manual,,959396
1936,8.3,136,15,Honda,Petrol,Manual,4.0,495914
1275,24.1,246,19,Tata,Diesel,Manual,8.0,520213
2126,27.6,111,15,Tata,Petrol,Manual,10.0,515318
1770,20.1,146,20,BMW,Diesel,Manual,4.0,982943
1819,18.1,168,10,Suzuki,Diesel,Manual,4.0,582323
1941,25.6,284,20,Tata,Diesel,Manual,6.0,428497
2636,27.1,307,11,Audi,Diesel,Manual,9.0,1560216
960,23.1,128,10,BMW,Petrol,Manual,4.0,357200
3248,16.9,179,5,Hyundai,Petrol,Manual,7.0,890261
997,19.8,126,9,Kia,Diesel,Manual,10.0,670640
2083,22.0,120,20,Kia,Petrol,Automatic,4.0,490133
1459,11.9,250,19,Audi,Petrol,Automatic,8.0,1417492
2575,16.9,248,13,Audi,Petrol,Manual,10.0,1502250
1870,24.6,210,18,Audi,Petrol,Automatic,10.0,1329008
2810,21.1,345,17,Suzuki,Petrol,Manual,7.0,488494
1198,16.2,155,6,Kia,Diesel,Automatic,4.0,677308
2533,21.3,322,10,Tata,Diesel,Manual,7.0,836056
2382,10.4,156,2,Toyota,Petrol,Manual,4.0,744971
2925,16.0,172,6,Audi,CNG,Manual,9.0,1256405
2971,23.9,184,13,BMW,Petrol,Manual,7.0,1107167
874,12.4,191,18,Kia,Petrol,Manual,5.0,219102
2984,11.7,180,7,BMW,Diesel,Manual,6.0,1794769
1401,27.0,256,2,Hyundai,Diesel,Manual,7.0,900737
1636,12.2,181,14,Honda,Petrol,Automatic,,709631
2328,13.2,341,5,Honda,CNG,Manual,6.0,950932
1299,27.4,319,18,Toyota,CNG,Manual,6.0,745724
2396,22.7,98,11,Suzuki,Petrol,Automatic,4.0,620151
937,22.0,113,10,Tata,Petrol,Manual,7.0,566354
2897,25.1,220,11,Suzuki,Diesel,Automatic,9.0,846529
2594,10.3,348,2,Tata,Petrol,Manual,10.0,936559
1772,22.1,259,15,Audi,Petrol,Manual,6.0,1128839
2442,18.1,335,7,Kia,Diesel,Manual,8.0,1313487
2685,24.6,75,9,Tata,Petrol,Manual,9.0,921171
3101,18.2,232,5,Kia,Petrol,Manual,9.0,1070044
2828,20.4,307,7,Toyota,Petrol,Manual,8.0,1077351
2700,17.6,277,20,Hyundai,Diesel,Manual,10.0,1094659
3410,17.6,146,2,Hyundai,Petrol,Manual,8.0,1144211
2249,23.4,141,3,Honda,Petrol,Manual,4.0,501177
1346,20.6,121,2,Hyundai,Petrol,Manual,5.0,521281
1721,20.7,346,19,Audi,Petrol,Automatic,10.0,1452397
1380,17.0,101,4,BMW,CNG,Manual,7.0,779932
2172,18.6,71,20,Hyundai,CNG,Automatic,6.0,362158
2756,22.9,293,7,Toyota,Petrol,Manual,7.0,904464
2803,24.5,190,7,Audi,Diesel,Automatic,9.0,1854251
2896,21.9,174,17,Hyundai,Diesel,Manual,6.0,730469
1503,26.5,277,19,Suzuki,Diesel,Manual,10.0,583014
3108,24.4,196,16,Tata,Petrol,Manual,4.0,776028
3203,19.2,165,3,Hyundai,Petrol,Manual,7.0,937514
2425,21.4,238,15,Suzuki,Diesel,Manual,4.0,590458
1437,26.5,75,14,Audi,Petrol,Manual,4.0,508547
1809,20.4,301,15,Hyundai,Petrol,Manual,,879915
1440,24.5,285,14,Suzuki,Diesel,Manual,7.0,540349
3459,21.8,301,7,BMW,CNG,Manual,7.0,1471493
2661,19.0,200,3,Kia,Petrol,Manual,10.0,985783
2005,12.8,258,17,Honda,Diesel,Manual,10.0,788927
1485,16.5,171,10,Audi,Petrol,Automatic,6.0,1105348
2651,27.4,186,15,Suzuki,Diesel,Manual,,729016
987,21.2,80,6,Toyota,Petrol,Manual,9.0,600951
2419,19.3,206,17,Kia,Petrol,Manual,10.0,1066171
2487,26.7,148,17,Hyundai,Petrol,Manual,8.0,658140
1784,19.7,262,14,Suzuki,Petrol,Manual,4.0,644222
1347,18.5,144,18,Kia,Petrol,Manual,9.0,215335
2231,23.2,226,5,Tata,Petrol,Automatic,5.0,734982
1675,22.3,131,8,Kia,Diesel,Manual,10.0,610977
1417,11.9,68,7,Suzuki,Petrol,Manual,10.0,435084
3261,17.4,340,4,Suzuki,Diesel,Manual,6.0,1095514
2165,17.5,317,18,Tata,Petrol,Manual,10.0,880802
2043,15.6,334,5,Honda,Diesel,Manual,6.0,1163072
1702,18.3,297,16,Kia,Petrol,Manual,8.0,647693
962,16.3,79,14,Tata,Petrol,Manual,8.0,332387
2774,12.0,292,19,Tata,Petrol,Manual,10.0,931295
1069,16.2,280,14,Kia,Petrol,Manual,,913868
1431,9.4,76,9,Toyota,Diesel,Automatic,6.0,774200
1705,19.5,148,6,Tata,Diesel,Manual,6.0,843405
2814,25.1,255,17,Toyota,Petrol,Manual,5.0,824948
2441,22.5,143,19,BMW,Petrol,Manual,4.0,1049451
1004,15.2,146,12,Kia,Petrol,Manual,4.0,283997
1381,9.7,213,4,Tata,Petrol,Automatic,9.0,779224
2379,12.0,287,16,Honda,Diesel,Automatic,8.0,1162137
1640,18.9,323,11,Tata,Petrol,Manual,9.0,932136
2636,12.1,282,4,Suzuki,Petrol,Manual,4.0,673662
2051,18.9,180,17,Audi,Petrol,Manual,10.0,807944
2519,12.6,232,8,Honda,Petrol,Automatic,5.0,970802
2442,25.0,63,14,Tata,Petrol,Manual,10.0,768962
3443,15.9,187,2,Honda,Petrol,Automatic,10.0,1156079
3097,12.9,169,11,Kia,Petrol,Manual,4.0,567852
1674,24.2,96,11,Toyota,Petrol,Manual,9.0,693925
2264,14.9,130,6,BMW,Petrol,Automatic,7.0,1529370
3043,10.2,348,14,BMW,Diesel,Automatic,10.0,2269306
1489,19.4,90,10,Kia,Petrol,Manual,10.0,435670
2810,19.6,327,8,Kia,Petrol,Automatic,7.0,1029953
3486,22.3,70,7,Honda,Petrol,Automatic,5.0,1220310
2222,12.8,91,8,Kia,Petrol,Automatic,8.0,628411
2801,16.9,116,8,Honda,Petrol,Automatic,6.0,1212710
1471,13.6,225,2,Kia,Diesel,Manual,4.0,641479
1971,9.6,247,16,Tata,Diesel,Manual,9.0,857151
2295,25.5,78,9,Kia,Petrol,Automatic,8.0,724963
1743,22.6,175,13,Hyundai,Diesel,Manual,9.0,581162
3046,14.0,243,12,Suzuki,Petrol,Manual,8.0,701193
2249,20.0,329,17,Toyota,Petrol,Manual,4.0,826527
3339,12.0,92,2,Suzuki,CNG,Automatic,6.0,825473
1695,25.8,69,13,Audi,Diesel,Manual,4.0,1027409
2989,10.3,139,1,Audi,CNG,Manual,6.0,1590417
2136,8.1,251,19,BMW,Petrol,Manual,9.0,1041271
964,18.0,249,11,Toyota,Petrol,Manual,5.0,438427
3161,19.7,127,5,Suzuki,Petrol,Manual,6.0,564843
2868,19.6,184,1,BMW,Diesel,Manual,8.0,1757129
1905,9.1,118,20,Audi,Petrol,Manual,5.0,926297
2553,14.3,156,13,Honda,Diesel,Automatic,9.0,1157674
3152,18.0,334,8,Toyota,Petrol,Manual,7.0,1002229
2738,12.3,208,6,Toyota,Petrol,Automatic,5.0,1045514
1170,25.5,337,17,Kia,Diesel,Manual,6.0,861020
2680,9.7,324,12,Kia,Diesel,Automatic,5.0,1329763
1652,17.7,68,1,Suzuki,Petrol,Manual,9.0,702918
1183,21.8,342,3,Kia,CNG,Manual,5.0,310901
2731,13.2,332,14,Kia,Petrol,Manual,9.0,930313
3292,20.5,67,8,Tata,Petrol,Manual,7.0,888232
1224,24.6,267,11,Hyundai,Diesel,Manual,6.0,763862
3008,11.8,184,14,Suzuki,CNG,Manual,10.0,774197
1428,26.3,182,8,Kia,Diesel,Automatic,8.0,904664
1694,19.1,92,3,Honda,Diesel,Manual,5.0,638735
3337,14.0,60,7,Tata,Diesel,Automatic,10.0,907106
3174,16.6,263,19,Tata,CNG,Manual,4.0,556295
1397,14.2,65,4,Tata,Petrol,Automatic,,838844
3136,22.5,64,16,Honda,Diesel,Manual,5.0,650783
1392,23.9,139,13,BMW,Diesel,Manual,8.0,1177759
2487,24.7,333,20,Toyota,Petrol,Manual,10.0,905192
1372,27.7,236,19,BMW,Petrol,Automatic,,1321760
2875,23.8,195,5,Honda,Petrol,Manual,8.0,1032313
2890,20.0,84,5,Hyundai,Diesel,Manual,10.0,727776
2504,14.8,242,20,Toyota,Petrol,Manual,8.0,840278
3270,18.9,227,4,Honda,Diesel,Manual,4.0,1476349
976,8.8,237,2,Hyundai,Petrol,Manual,4.0,822243
1328,22.9,154,13,Suzuki,Petrol,Manual,4.0,318449
2433,16.9,92,16,Audi,Diesel,Automatic,7.0,1098137
1765,8.4,170,2,Tata,Petrol,Manual,9.0,638524
2317,9.3,205,19,Kia,Petrol,Automatic,9.0,1061095
997,15.7,290,17,Honda,Petrol,Manual,10.0,661359
3457,19.7,331,5,Audi,Diesel,Manual,4.0,1777690
1652,17.3,97,18,BMW,CNG,Automatic,10.0,956526
2337,20.4,194,18,Audi,CNG,Manual,9.0,969057
2869,17.6,294,8,Honda,Diesel,Manual,8.0,1423842
1880,21.2,219,15,Audi,Petrol,Automatic,4.0,970389
897,12.4,97,13,Tata,Petrol,Manual,5.0,569484
2703,10.3,209,13,Toyota,Petrol,Manual,4.0,788764
1234,19.9,88,16,Honda,Petrol,Manual,4.0,615213
1436,17.7,203,20,Hyundai,Petrol,Manual,9.0,799006
1387,8.5,135,13,Audi,Petrol,Manual,10.0,1039842
1143,15.6,204,20,Toyota,Diesel,Manual,6.0,487028
2117,10.1,288,2,Tata,Petrol,Manual,8.0,901397
2779,18.6,123,3,BMW,Diesel,Automatic,,1913447
1370,15.9,328,15,BMW,CNG,Manual,10.0,922472
1410,20.3,243,19,Tata,Diesel,Manual,10.0,857207
2527,24.1,320,13,Audi,Diesel,Manual,8.0,1609893
3090,14.0,327,5,BMW,Diesel,Automatic,10.0,2283328
2654,27.2,228,6,Hyundai,Petrol,Automatic,,735904
3408,18.7,318,14,Honda,Petrol,Automatic,7.0,858315
1759,20.4,286,4,Toyota,Petrol,Automatic,6.0,1151202
2879,21.6,92,19,Suzuki,Petrol,Manual,5.0,404205
3238,21.3,273,7,Audi,Diesel,Manual,5.0,1652744
3124,18.2,109,4,BMW,CNG,Manual,8.0,1502030
1331,16.6,269,2,Honda,CNG,Manual,6.0,735709
1977,9.1,88,7,Suzuki,Petrol,Manual,8.0,700359
3230,8.4,98,3,Hyundai,CNG,Manual,7.0,851370
1891,15.2,159,15,BMW,Petrol,Manual,10.0,1158316
2701,14.7,232,1,BMW,Diesel,Automatic,8.0,1987281
1683,15.8,76,2,Toyota,Petrol,Manual,,640286
3061,10.8,115,10,Hyundai,Petrol,Manual,8.0,922946
2478,22.8,285,16,Hyundai,Petrol,Manual,10.0,740804
3223,25.1,105,15,Audi,Diesel,Manual,4.0,1381738
3060,26.8,126,15,Suzuki,Petrol,Manual,5.0,944700
2926,17.8,256,14,Toyota,Petrol,Manual,7.0,985079
2549,22.0,201,14,Audi,CNG,Manual,,1317385
3475,25.1,82,6,Toyota,CNG,Manual,9.0,988268
3451,16.4,153,14,Hyundai,Petrol,Manual,4.0,683546
1581,14.2,301,17,Toyota,Diesel,Manual,7.0,801300
2905,26.7,296,18,Toyota,Petrol,Manual,8.0,1172153
1680,18.3,113,20,Toyota,Petrol,Manual,9.0,462501
1246,17.9,197,19,Kia,Petrol,Manual,8.0,346270
2913,11.6,331,17,Honda,Petrol,Automatic,10.0,997056
2583,10.2,100,16,Honda,Petrol,Manual,5.0,627309
2077,24.8,157,8,Suzuki,Petrol,Automatic,10.0,647919
2791,20.3,242,7,Suzuki,Petrol,Automatic,10.0,1226455
1867,14.5,187,20,Tata,Diesel,Automatic,10.0,747963
2377,11.8,288,12,Hyundai,Diesel,Automatic,8.0,1233250
1811,19.1,145,9,Toyota,Petrol,Automatic,4.0,711379
3074,19.7,315,14,Hyundai,Petrol,Manual,5.0,700501
1573,12.1,268,20,Honda,Diesel,Manual,7.0,519720
2614,25.0,274,1,Kia,Diesel,Manual,5.0,891619
3448,9.7,159,10,Toyota,Diesel,Manual,7.0,1086811
3226,15.1,108,17,Audi,Petrol,Manual,6.0,1199931
2001,21.6,260,17,Honda,Petrol,Manual,4.0,770497
2250,13.5,317,17,Honda,Diesel,Automatic,4.0,752618
1106,24.6,237,4,Honda,Petrol,Manual,7.0,826811
1578,22.8,304,17,Tata,CNG,Manual,8.0,406252
3351,23.8,182,18,Toyota,Diesel,Manual,9.0,997752
3115,10.4,230,20,Suzuki,Petrol,Manual,8.0,739301
807,10.8,195,2,BMW,Petrol,Manual,6.0,1023766
3355,13.7,118,8,Audi,Diesel,Manual,7.0,1714414
1275,18.4,252,13,Audi,Petrol,Manual,,1403803
2120,23.0,327,20,Hyundai,Petrol,Manual,7.0,832400
3011,24.7,319,15,Toyota,Diesel,Manual,,1001860
1284,22.1,154,20,Suzuki,Diesel,Manual,7.0,383395
3414,26.6,184,9,Honda,Petrol,Manual,4.0,908857
1704,22.8,100,3,BMW,Petrol,Manual,6.0,1104633
1358,14.1,313,3,Toyota,CNG,Manual,,859866
2767,13.3,66,2,Toyota,CNG,Manual,7.0,638248
3085,21.9,275,1,Tata,Diesel,Manual,5.0,754491
1927,11.9,128,14,Suzuki,CNG,Manual,5.0,475759
2033,9.9,128,17,BMW,Petrol,Manual,4.0,894922
3401,18.6,140,13,Honda,Petrol,Automatic,8.0,978698
1267,24.4,89,19,Toyota,Petrol,Manual,8.0,264139
3233,10.0,132,15,Audi,Petrol,Automatic,4.0,1358316
1647,23.8,321,14,Kia,Petrol,Manual,,553013
3234,24.2,148,2,Audi,Petrol,Manual,9.0,1633904
1058,17.6,267,7,BMW,Diesel,Automatic,9.0,1940071
1082,9.1,272,17,Kia,Diesel,Automatic,9.0,852744
2449,11.5,325,18,Honda,Diesel,Automatic,10.0,968802
2698,22.1,266,6,BMW,Petrol,Manual,10.0,1544890
839,22.2,136,8,Toyota,Petrol,Manual,9.0,668890
3333,26.0,347,2,Tata,Petrol,Automatic,7.0,999341
3067,19.7,106,1,Tata,Diesel,Manual,5.0,595295
1814,10.5,169,16,Audi,Petrol,Automatic,4.0,1089867
1412,10.4,259,7,Tata,Petrol,Manual,7.0,746808
2715,22.4,269,11,Hyundai,Petrol,Automatic,9.0,1122703
1487,11.7,213,15,BMW,Diesel,Automatic,4.0,1239411
1412,14.6,69,13,Tata,Diesel,Manual,5.0,461853
3107,17.7,216,2,Hyundai,Diesel,Manual,8.0,1050809
3213,8.5,320,14,Hyundai,Petrol,Manual,7.0,1018545
2581,13.0,136,6,Suzuki,Petrol,Manual,5.0,905400
2610,16.2,316,9,Audi,Petrol,Manual,4.0,1339045
3391,13.6,190,7,BMW,Petrol,Manual,6.0,1459904
3496,10.7,126,18,Hyundai,Petrol,Automatic,7.0,691850
2347,22.6,287,9,Toyota,Petrol,Automatic,10.0,1000824
2730,24.3,222,4,Tata,Petrol,Manual,4.0,830337
1952,13.1,74,9,Suzuki,Petrol,Manual,4.0,200000
1374,23.5,291,4,Honda,Petrol,Automatic,10.0,1196520
2710,15.7,254,12,Tata,Diesel,Automatic,5.0,1021393
1812,18.1,89,4,Tata,CNG,Automatic,4.0,348349
1469,25.1,279,20,Tata,Diesel,Manual,7.0,434069
1068,23.0,206,14,Suzuki,Petrol,Automatic,9.0,612728
2083,24.1,318,7,Honda,Petrol,Manual,10.0,1032236
1723,10.7,202,13,Audi,Diesel,Automatic,7.0,1447835
1925,9.4,294,8,BMW,Petrol,Automatic,10.0,1780764
2329,25.9,174,5,BMW,Diesel,Automatic,4.0,1874080
2558,15.8,149,12,Honda,Petrol,Manual,5.0,719173
2394,13.8,267,13,Kia,CNG,Automatic,7.0,647404
1046,22.5,223,20,Tata,Diesel,Manual,6.0,302028
2360,24.7,143,14,Toyota,Diesel,Manual,9.0,938262
2978,25.2,136,18,Honda,Diesel,Automatic,10.0,1041039
3200,14.3,220,20,Honda,Petrol,Manual,8.0,948184
3043,25.0,64,4,BMW,Petrol,Manual,5.0,1483116
2739,8.8,137,18,Hyundai,Petrol,Automatic,5.0,412925
1729,9.0,150,7,Toyota,Petrol,Automatic,8.0,723317
3492,20.5,146,15,BMW,Petrol,Automatic,8.0,1481357
1026,9.3,329,6,Suzuki,Petrol,Manual,7.0,562193
1064,14.5,163,16,Honda,Diesel,Automatic,4.0,547694
2195,21.5,234,20,Kia,Petrol,Manual,,758722
2257,14.7,113,8,Hyundai,Petrol,Automatic,6.0,1004362
1445,11.6,270,16,Toyota,Petrol,Manual,9.0,673926
3058,13.6,154,16,Audi,Petrol,Automatic,10.0,1472271
2218,17.2,282,3,Toyota,Petrol,Manual,4.0,826060
2273,17.5,68,17,Toyota,CNG,Automatic,6.0,596756
2187,23.7,112,9,Tata,Petrol,Manual,6.0,651858
2699,23.0,136,3,Honda,Petrol,Manual,5.0,1046928
3304,17.1,265,20,Honda,Petrol,Manual,5.0,958035
2049,24.9,171,7,Audi,Petrol,Automatic,9.0,1168301
1781,10.3,224,18,Audi,Diesel,Manual,7.0,1074378
1954,13.1,338,12,Audi,Petrol,Manual,8.0,1580076
1387,24.6,86,19,BMW,Petrol,Manual,8.0,702774
1275,15.6,129,16,BMW,Petrol,Automatic,9.0,1241904
2621,27.6,277,17,Honda,CNG,Manual,6.0,695423
1785,17.3,248,20,Honda,Petrol,Manual,9.0,731131
3003,23.8,183,15,Audi,Diesel,Manual,8.0,1248534
2041,16.0,78,1,BMW,Petrol,Automatic,6.0,1353085
989,16.5,316,2,Hyundai,Petrol,Manual,8.0,972165
2240,15.7,81,8,BMW,Diesel,Automatic,7.0,1668678
1780,22.4,99,2,Honda,Petrol,Automatic,5.0,904057
2498,19.0,97,19,BMW,Petrol,Manual,,809219
2515,26.9,107,9,Honda,Petrol,Manual,6.0,797713
3393,13.0,242,9,Audi,Petrol,Automatic,9.0,2081533
840,10.0,134,13,Tata,Diesel,Automatic,8.0,858699
3154,15.9,268,6,Audi,Petrol,Automatic,4.0,1719676
1742,20.3,242,15,Audi,Diesel,Manual,7.0,941256
1137,25.2,166,19,Hyundai,Petrol,Manual,8.0,609726
2137,14.9,247,15,Tata,Petrol,Manual,10.0,671666
1898,21.1,323,18,Hyundai,Diesel,Manual,4.0,851330
3126,15.0,145,7,Honda,Petrol,Manual,7.0,1016923
1695,20.3,196,11,Toyota,Petrol,Manual,7.0,586938
3120,25.7,154,8,Suzuki,Petrol,Manual,5.0,723111
3467,12.6,304,6,Hyundai,Petrol,Manual,6.0,1258787
2474,16.1,149,8,Honda,Diesel,Manual,8.0,960569
1730,27.9,118,2,Tata,Petrol,Manual,7.0,535476
1088,25.4,87,19,BMW,Petrol,Automatic,8.0,572025
1523,19.3,131,16,Tata,Diesel,Manual,7.0,413896
3119,18.3,329,7,Audi,Petrol,Manual,,1625440
2753,13.7,83,10,Audi,Petrol,Manual,5.0,1260146
1889,18.3,171,12,Audi,Petrol,Manual,6.0,891533
1282,25.0,115,17,Honda,Diesel,Manual,4.0,723047
1735,21.7,282,7,Audi,CNG,Manual,4.0,911660
3095,13.8,179,8,Hyundai,Diesel,Manual,9.0,1385411
955,12.0,238,7,BMW,Petrol,Automatic,10.0,1755437
1870,13.3,347,4,Audi,Diesel,Manual,5.0,1637509
2758,11.4,340,3,Honda,Petrol,Manual,7.0,927294
3301,9.9,248,19,BMW,Petrol,Automatic,5.0,1510176
3048,16.4,125,15,Audi,CNG,Manual,6.0,984760
2483,10.3,308,4,Toyota,Petrol,Automatic,4.0,932442
923,11.4,135,9,Kia,Petrol,Manual,8.0,610711
2848,18.9,196,13,Audi,Diesel,Manual,4.0,1191269
1767,11.3,223,18,Suzuki,Diesel,Manual,10.0,530116
1654,9.3,292,16,Tata,Petrol,Automatic,10.0,752147
1439,14.3,314,1,Hyundai,Petrol,Manual,10.0,891030
3038,12.4,229,4,BMW,Petrol,Manual,10.0,2130731
2402,18.3,233,18,Hyundai,Petrol,Manual,6.0,596357
3363,10.0,77,8,Toyota,Petrol,Manual,7.0,956208
1241,23.0,129,20,Toyota,Petrol,Automatic,5.0,489397
2744,26.1,175,16,Suzuki,CNG,Manual,4.0,559348
2638,22.9,139,11,Hyundai,Petrol,Automatic,10.0,1006587
2629,18.7,74,20,BMW,Petrol,Manual,4.0,985998
2990,25.2,235,19,Toyota,Petrol,Automatic,10.0,1024389
1332,21.9,328,19,Kia,Petrol,Manual,,629024
3074,8.2,178,18,Toyota,Petrol,Automatic,5.0,851489
2136,15.9,247,19,Audi,CNG,Manual,8.0,973691
1748,25.0,116,11,Suzuki,Diesel,Automatic,8.0,562337
2819,14.9,258,3,Tata,Petrol,Manual,10.0,961038
1259,8.7,76,8,Honda,Diesel,Manual,7.0,740200
1350,22.9,347,20,Tata,Petrol,Automatic,,712711
1192,24.0,114,19,Kia,Diesel,Manual,9.0,517906
2587,11.2,328,10,Tata,Petrol,Automatic,5.0,889573
1644,18.7,146,16,Kia,Diesel,Manual,7.0,578541
3057,11.8,88,5,Toyota,Petrol,Manual,9.0,868827
1938,22.4,81,20,BMW,Petrol,Automatic,7.0,989164
1445,13.4,344,9,BMW,Diesel,Manual,10.0,1621912
3066,14.3,107,8,Audi,Petrol,Manual,10.0,1481213
3254,24.9,64,11,Kia,Petrol,Automatic,7.0,993334
2266,17.5,309,16,BMW,Petrol,Manual,6.0,1188462
2177,21.4,222,7,Audi,Diesel,Manual,6.0,1533406
3405,16.0,261,15,Toyota,Petrol,Manual,7.0,943721
3397,14.0,160,20,Toyota,Petrol,Automatic,6.0,1160393
941,20.5,130,17,Tata,CNG,Automatic,,381178
3459,11.1,222,6,Toyota,Petrol,Automatic,,1326429
1300,15.5,232,15,Toyota,Petrol,Manual,9.0,681938
1639,12.2,200,8,Kia,Diesel,Manual,10.0,627292
2482,21.9,197,7,Honda,Diesel,Manual,5.0,894036
2365,26.9,125,2,Suzuki,CNG,Manual,4.0,739044
2846,27.9,257,13,Tata,Petrol,Manual,6.0,682907
2330,17.0,287,6,Tata,Petrol,Manual,9.0,540676
1395,13.1,340,5,Suzuki,Diesel,Automatic,,936658
2704,16.9,231,20,Honda,Diesel,Automatic,8.0,839679
1080,24.9,99,1,Toyota,Diesel,Manual,10.0,879296
1223,12.1,66,18,BMW,Petrol,Automatic,7.0,1045167
1069,27.0,233,15,Audi,Petrol,Automatic,,1181245
953,14.8,210,10,Tata,Petrol,Manual,4.0,737760
3461,27.7,270,3,Suzuki,CNG,Manual,4.0,710763
2550,24.8,145,5,Hyundai,Petrol,Manual,8.0,843305
1461,24.2,312,13,Audi,Petrol,Manual,8.0,1044928
2767,14.4,80,8,Hyundai,Petrol,Manual,7.0,672125
882,8.2,316,2,Hyundai,Petrol,Manual,6.0,673184
2249,15.6,92,9,Kia,Petrol,Automatic,,574123
2098,14.0,319,17,Tata,Diesel,Manual,5.0,909166
3131,8.7,293,18,Toyota,Petrol,Manual,5.0,527452
1779,18.1,62,13,Kia,Petrol,Manual,5.0,693550
3020,16.1,286,1,Hyundai,Petrol,Manual,6.0,1254916
2459,20.7,343,12,Toyota,Diesel,Manual,10.0,1173806
2198,20.4,129,20,Honda,CNG,Manual,10.0,439085
1432,10.4,313,20,BMW,Diesel,Automatic,7.0,1097086
2331,27.5,203,5,Hyundai,Diesel,Manual,5.0,821376
1586,11.7,83,8,Tata,Petrol,Automatic,4.0,683576
1197,16.9,293,15,BMW,Diesel,Manual,4.0,1096567
1943,17.8,234,3,Toyota,CNG,Manual,4.0,611180
1733,24.3,218,6,Hyundai,Petrol,Manual,,958901
2260,10.0,345,13,Audi,Petrol,Automatic,8.0,1887428
2652,16.6,77,12,Kia,CNG,Automatic,6.0,628969
3312,20.6,103,19,Tata,Diesel,Manual,5.0,657549
1085,12.3,214,18,Honda,Petrol,Manual,,342060
1064,20.5,290,1,Suzuki,CNG,Manual,,588620
3167,26.5,284,7,Honda,Petrol,Automatic,8.0,1369957
2936,28.0,276,12,Kia,Petrol,Manual,10.0,961348
2477,8.6,115,10,Hyundai,Diesel,Manual,4.0,667600
2026,12.7,90,12,Kia,Petrol,Manual,5.0,516633
1620,14.2,118,11,Tata,Diesel,Manual,10.0,607674
2562,16.0,294,4,Honda,Petrol,Automatic,6.0,1179744
3181,12.8,166,19,Suzuki,Petrol,Manual,,686393
3069,12.1,250,6,Audi,Petrol,Manual,7.0,1304960
840,27.1,77,9,BMW,Petrol,Manual,,857977
2531,26.4,285,20,Kia,Petrol,Manual,4.0,680016
867,8.9,226,10,Audi,CNG,Manual,8.0,862093
1787,14.8,130,5,Honda,Petrol,Automatic,8.0,886965
2599,16.1,113,13,Suzuki,Petrol,Manual,4.0,479847
3361,12.8,304,9,BMW,Petrol,Manual,5.0,1609558
2421,20.6,135,2,Tata,Diesel,Manual,10.0,928027
2455,20.8,94,18,Suzuki,Petrol,Automatic,4.0,535194
2078,25.0,326,1,Audi,Petrol,Manual,5.0,1234744
1494,22.8,180,12,Toyota,Petrol,Automatic,6.0,832745
3324,18.9,84,10,Toyota,Petrol,Manual,6.0,787693
1885,21.1,219,2,BMW,Petrol,Automatic,10.0,2131933
3279,13.5,143,9,Kia,Diesel,Manual,4.0,673895
2493,19.9,173,2,BMW,CNG,Manual,6.0,1241411
3115,17.8,282,14,BMW,Petrol,Manual,8.0,1534663
1858,10.7,225,11,Toyota,Diesel,Automatic,5.0,982614
1578,12.9,250,11,Audi,CNG,Automatic,7.0,916003
1293,13.8,234,17,Kia,CNG,Automatic,7.0,444326
2385,26.5,60,4,BMW,CNG,Automatic,6.0,1411334
2292,12.6,288,13,Toyota,Diesel,Manual,5.0,744880
2590,13.8,145,7,BMW,Petrol,Manual,8.0,1652523
1460,15.4,121,16,BMW,Petrol,Automatic,7.0,953048
2148,21.3,265,1,Kia,Petrol,Automatic,8.0,938170
2127,10.4,164,13,Kia,Diesel,Manual,8.0,834300
2099,27.1,350,1,Suzuki,Petrol,Manual,7.0,1116239
2786,25.3,309,11,BMW,Petrol,Manual,7.0,1633625
2844,19.5,72,6,Toyota,Petrol,Manual,6.0,1012007
2728,21.5,222,20,Audi,Diesel,Manual,10.0,1603898
2147,8.3,102,3,Toyota,Diesel,Manual,5.0,731820
1858,14.8,170,12,Toyota,Petrol,Manual,4.0,779374
1776,23.9,264,5,BMW,Petrol,Automatic,5.0,1357865
1281,9.5,315,9,Suzuki,Diesel,Automatic,,900498
1527,13.6,203,12,Hyundai,Petrol,Automatic,7.0,747419
3327,19.7,205,10,Tata,Petrol,Automatic,8.0,1161378
1831,13.1,223,19,Hyundai,Petrol,Manual,5.0,738186
1142,26.7,228,5,Hyundai,CNG,Automatic,8.0,868025
2247,10.6,292,5,Toyota,Petrol,Manual,5.0,981898
3179,23.9,330,9,BMW,Petrol,Automatic,10.0,2203242
3285,18.2,119,20,Kia,Diesel,Manual,9.0,767495
3021,23.0,294,17,Tata,Petrol,Automatic,5.0,821360
3406,14.2,224,10,Hyundai,Petrol,Manual,8.0,1182197
1326,18.3,253,1,Honda,Petrol,Manual,9.0,1207758
2696,25.1,293,16,Honda,CNG,Manual,6.0,759524
1458,17.3,242,15,Honda,Petrol,Manual,10.0,799141
2873,15.2,291,17,Audi,Diesel,Manual,7.0,1478253
1619,18.7,166,20,BMW,CNG,Manual,6.0,514347
3452,22.3,282,13,Toyota,Diesel,Automatic,6.0,1177797
1205,16.9,139,1,Toyota,Diesel,Manual,5.0,1040189
3079,26.8,293,8,BMW,Diesel,Manual,7.0,1747704
3380,13.9,243,5,Suzuki,CNG,Manual,,1116692
2373,17.5,244,6,Kia,CNG,Manual,9.0,977007
2611,23.1,193,20,Tata,CNG,Manual,5.0,560545
1304,21.8,279,14,Suzuki,Diesel,Manual,4.0,646228
978,25.3,347,11,Kia,Petrol,Automatic,5.0,605675
931,27.9,261,6,Audi,Petrol,Manual,9.0,1193684
2646,16.5,205,11,BMW,Petrol,Automatic,8.0,1866558
2278,10.2,186,13,Suzuki,CNG,Automatic,10.0,607432
3195,8.6,194,12,Tata,Diesel,Automatic,10.0,1220675
3387,22.5,173,2,Audi,Petrol,Manual,5.0,1378846
1571,25.5,323,3,Hyundai,Petrol,Manual,4.0,658354
2229,12.4,123,4,Hyundai,Petrol,Manual,5.0,1050321
2923,11.2,194,17,Audi,Petrol,Automatic,9.0,1472998
1378,9.2,100,6,Kia,Diesel,Manual,10.0,666961
2315,24.5,62,7,BMW,Petrol,Automatic,4.0,1486051
993,14.2,253,15,Hyundai,Petrol,Manual,7.0,773256
2807,16.0,169,11,BMW,Petrol,Manual,9.0,1592585
1985,18.1,280,3,Suzuki,Petrol,Manual,10.0,757950
3194,24.8,63,6,Hyundai,CNG,Manual,5.0,675426
2184,21.0,303,2,Tata,Petrol,Automatic,10.0,1131574
2592,20.3,225,14,Tata,CNG,Manual,4.0,685465
1910,11.5,85,9,Suzuki,Petrol,Manual,9.0,522632
3061,18.3,76,18,Tata,Petrol,Manual,7.0,612682
2736,22.3,275,19,BMW,Diesel,Manual,8.0,1507625
3420,27.5,151,12,Kia,Diesel,Manual,6.0,1058110
1579,12.0,90,13,BMW,Petrol,Manual,4.0,958233
1061,8.2,264,12,Kia,Petrol,Manual,8.0,417399
1529,9.5,266,12,Tata,Petrol,Manual,7.0,614458
1082,15.5,166,18,Honda,Diesel,Manual,8.0,460153
2290,24.4,205,9,Audi,Petrol,Manual,5.0,1310233
1161,8.1,160,17,Kia,Petrol,Manual,6.0,595743
1240,17.1,300,16,Toyota,Diesel,Automatic,4.0,779514
2940,14.6,306,17,Audi,Petrol,Automatic,9.0,1610387
2444,9.0,222,8,Tata,Petrol,Automatic,10.0,966728
1666,17.0,232,11,BMW,Petrol,Automatic,7.0,1441049
2247,13.1,94,2,Kia,CNG,Manual,6.0,585546
941,15.0,343,8,BMW,Petrol,Manual,7.0,1129069
2114,22.1,80,12,Audi,CNG,Manual,10.0,695593
2255,18.4,222,1,Kia,Petrol,Manual,8.0,1103077
2675,10.5,156,13,BMW,Diesel,Manual,7.0,1489263
2647,27.2,114,17,Suzuki,Petrol,Automatic,7.0,684940
2512,20.7,186,14,Hyundai,Petrol,Manual,8.0,944614
3500,23.3,252,14,BMW,Diesel,Manual,,1532200
1500,9.6,302,16,Kia,Diesel,Manual,10.0,516035
1797,8.9,147,17,Tata,Diesel,Manual,6.0,603950
