Advertising_Spend,Social_Media_Spend,Store_Size,Footfall,Monthly_Sales
2185.43,2015.12,2066.63,1033,33439.09
4778.21,682.68,516.09,1561,40982.04
3793.97,2642.7,954.29,1606,49003.86
3193.96,1916.73,2388.93,688,30331.27
1202.08,640.17,1727.45,334,8028.67
1201.98,2894.55,2805.52,1706,42270.74
761.38,1651.42,1457.63,685,15745.61
4397.79,404.12,2648.49,1992,57859.15
3205.02,1955.13,1512.18,594,23199.12
3686.33,908.96,2943.97,441,23244.64
592.63,2450.34,2891.55,1243,25982.03
4864.59,2489.9,1188.67,126,21813.07
4245.99,2941.05,2691.99,346,31666.61
1455.53,1605.23,2588.55,379,12152.81
1318.21,1473.88,868.84,1136,25883.74
1325.32,2309.73,1985.58,319,20423.67
1869.09,570.92,496.24,265,10592.66
2861.4,1731.36,2559.12,1263,25864.0
2443.75,1729.49,771.27,1148,38211.03
1810.53,450.52,491.2,1759,35905.67
3253.34,1370.36,1380.59,559,26658.28
1127.72,2589.2,1857.69,628,21685.69
1814.65,2597.23,2608.28,1166,38297.92
2148.63,477.87,2930.45,1126,33954.76
2552.31,454.02,1486.63,545,25353.15
4033.29,935.55,463.21,997,33590.52
1398.53,2649.34,2322.61,143,10365.26
2814.05,560.93,1825.97,674,25746.81
3165.87,2215.99,1509.31,278,24603.65
709.03,483.26,1135.03,299,6938.52
3233.95,1944.79,1656.48,1464,36702.73
1267.36,1196.99,1214.43,770,23509.84
792.73,2408.96,2343.93,1029,27388.18
4769.98,854.33,1768.51,231,22723.66
4845.34,1989.77,2667.49,316,38833.06
4137.79,859.91,1767.57,1053,38163.81
1870.76,2198.25,943.31,330,20957.41
939.52,2646.3,2597.95,1011,35072.66
3579.05,555.05,1804.49,716,28638.1
2480.69,2626.47,858.47,1156,30886.17
1049.17,1862.01,1983.47,1259,28202.92
2728.3,555.91,1265.84,1934,45294.32
654.75,1397.12,2579.9,1724,38283.64
4591.94,650.41,1523.91,1640,46553.2
1664.51,2160.97,2261.39,580,17601.66
3481.35,2324.83,557.95,1421,44745.57
1902.7,496.23,1369.27,472,16446.95
2840.31,1617.19,2954.75,1030,36464.63
2960.2,2480.95,2482.84,1931,45100.95
1331.85,2821.26,731.84,503,30814.38
4863.13,1637.85,1049.96,316,28844.37
3988.1,2860.78,1190.5,556,29649.4
4727.75,1699.93,2055.99,1215,45230.05
4526.72,1303.73,2343.89,365,32071.92
3190.55,2574.97,2323.72,1749,50570.69
4648.43,1580.35,1676.66,813,29927.46
898.22,1521.33,2489.22,1305,35678.9
1381.92,1572.87,1480.11,1370,29842.59
703.52,2571.0,634.48,947,24547.02
1963.99,2529.44,1823.99,1002,20131.42
2249.05,1329.86,2871.21,924,26580.48
1721.07,1133.24,2441.08,1645,34449.37
4229.32,1577.4,1862.49,965,38182.37
2105.39,1803.76,2046.38,71,13315.07
1764.21,867.34,2812.52,433,10365.3
2942.13,2423.07,1456.53,1199,38034.11
1134.16,1562.15,1194.76,152,10805.15
4109.89,1135.33,2938.55,949,31682.05
835.48,499.1,2631.3,782,19646.85
4940.99,868.77,1172.22,159,14618.98
3975.1,2857.99,1552.21,1643,51525.17
1394.22,1054.28,1420.71,1545,31797.59
524.85,672.81,702.56,1138,20297.41
4169.58,1489.88,2886.11,1545,50167.53
3680.86,1059.85,1391.64,1643,39486.45
3780.53,298.45,2663.39,719,29341.86
3970.72,1104.81,811.26,1149,34551.92
833.2,1723.5,1779.25,1092,42336.84
2113.1,1744.79,364.7,433,21655.9
1021.41,1198.36,2363.4,239,7644.14
4383.97,1452.45,1868.47,811,42578.97
3304.84,2903.45,1989.09,409,33433.48
1989.04,1256.58,439.65,924,25092.45
786.01,923.04,869.8,935,18217.67
1899.42,881.71,500.69,1525,25960.7
1963.32,1481.74,1080.07,128,16389.27
3783.23,2326.66,1994.09,645,28448.08
3369.01,776.77,1828.7,1245,30436.09
4492.46,2186.03,1952.8,1285,47339.9
2624.97,259.22,1782.98,935,33802.31
1038.17,1373.01,1037.18,1064,22301.27
3709.6,2372.42,960.17,1518,47578.05
3923.53,1148.45,670.06,198,21783.18
3025.75,1778.46,2592.49,59,21359.94
3969.35,773.94,1964.49,1615,38549.04
2722.08,2277.59,803.58,841,28422.08
2852.3,346.38,778.47,1128,23323.89
2423.93,2587.12,2657.2,921,26618.34
614.39,754.95,2305.37,1712,35302.05
985.51,2648.31,2080.38,229,14174.56
641.43,1187.08,1398.53,793,14566.65
3363.85,2223.51,1007.33,430,19610.55
1914.6,1093.83,2944.52,1495,28153.56
2788.57,2736.55,2452.55,500,18083.36
4584.05,554.58,1114.8,1166,36979.48
1621.82,699.86,2588.42,1593,21499.96
2346.72,1580.48,2349.12,1486,40104.4
3899.98,429.43,1102.12,1832,45976.25
1529.59,748.74,1451.69,443,15341.44
846.41,2842.55,802.07,1014,27464.73
1803.88,2934.17,599.84,1404,34882.26
1225.5,1253.53,2251.46,1781,38341.85
4683.64,2785.2,1022.28,482,33715.87
4136.54,1725.51,2514.16,1003,43878.87
3350.32,955.28,2988.14,1236,44190.82
4421.57,2166.72,506.87,995,44586.53
4116.52,2044.93,1577.19,1113,34732.58
1339.57,2969.55,2465.57,815,31975.54
4516.52,942.13,2430.17,957,38247.31
2927.04,2081.77,2351.99,134,17661.21
4133.48,345.67,1242.29,833,24989.04
4532.41,518.21,1525.4,1663,42206.4
1931.02,210.97,1906.41,1798,31302.56
995.23,2998.49,2929.64,865,21423.24
1525.71,2446.37,1184.38,1840,43697.99
2421.99,2402.82,2792.49,1164,36179.51
4181.07,1627.23,1027.26,1557,43915.63
4373.29,1040.19,2970.5,1458,48287.13
531.28,623.54,2109.71,1266,24147.67
2798.36,997.09,1551.48,1326,38489.72
2378.35,1252.72,1956.15,1863,38429.34
1499.49,2317.67,1035.83,1728,35174.6
1039.39,1711.05,1040.27,1317,29502.07
2019.27,416.95,606.6,1797,46524.4
4743.09,250.48,607.94,756,35798.7
1954.41,486.53,1238.71,319,19964.29
2834.56,1349.4,2359.71,890,23021.23
3663.59,2812.94,1941.52,1092,40134.14
2136.33,1984.73,576.98,1113,34527.31
4873.02,2445.11,2601.04,1683,62694.77
4831.01,1505.85,1923.69,565,23489.7
1633.02,1212.67,2894.31,1106,32829.01
2737.62,503.52,2109.5,1884,47104.79
1853.95,2652.61,772.97,1750,43352.41
1781.78,2392.85,1579.22,499,15564.68
665.99,670.73,2050.94,1612,32116.43
3243.04,1634.33,376.31,734,29532.45
2762.06,1564.65,340.26,1922,44175.46
731.65,1950.26,649.39,674,15485.94
1753.91,2849.32,979.49,934,25257.94
4587.2,1823.36,1459.78,1965,54668.17
1578.03,1712.61,1616.09,1680,34075.89
1152.03,340.9,672.67,368,8046.08
2702.54,376.14,2118.16,1818,39625.66
4935.43,724.57,1909.57,1719,48178.14
1589.25,290.92,1095.05,1197,30839.68
3524.61,2281.39,336.88,1445,34822.99
3927.29,2225.32,509.65,1424,35473.66
1569.37,580.96,1357.58,1396,27778.11
3776.97,2541.02,715.73,537,20247.21
2155.02,633.4,1317.41,500,21329.78
3345.38,1043.29,1996.09,402,13087.46
3350.88,897.14,1777.54,1189,37744.99
2910.99,1242.46,924.17,1004,35381.39
906.3,913.06,1228.32,1086,24791.14
4258.86,1569.06,1957.88,1990,42212.24
1943.51,1340.74,2624.31,369,19771.15
1339.33,2962.39,2333.68,1238,30369.06
683.49,356.59,1794.18,1793,26428.67
3159.02,598.11,1278.19,134,19172.27
3549.04,347.91,1285.64,297,23227.86
574.65,1952.36,2674.43,1505,39690.66
2804.42,352.63,405.96,617,19121.03
1519.23,2542.03,2967.55,733,27850.76
3403.28,1633.43,2093.81,1726,53214.45
1284.65,1675.62,2139.07,693,32626.34
3609.22,1772.46,402.59,528,31400.12
2240.31,678.28,1934.93,762,21742.39
4715.28,753.53,1608.9,417,26835.32
1118.84,1092.69,585.6,1874,34897.21
2034.8,1861.79,1050.39,1894,45533.44
1010.63,788.33,2703.85,406,10980.87
4661.12,525.73,1784.97,457,28389.59
4448.03,2916.33,1416.22,1418,48335.18
1660.74,261.55,496.24,228,12479.17
3469.93,2447.55,2228.13,1498,39029.67
4177.5,2406.5,2197.7,1614,49442.71
2998.4,1032.2,1957.92,1516,47320.55
2883.43,579.75,1677.71,1892,39823.79
1588.34,607.76,1471.22,1379,31010.07
918.96,2152.81,1901.83,416,8556.26
4537.47,1999.86,930.17,1109,40496.43
4551.88,2391.69,2841.4,512,34800.84
3348.96,2824.95,1889.75,1694,47891.29
2025.63,2137.4,1140.22,877,31249.51
2071.44,636.38,1514.14,1219,27738.69
3766.8,881.64,2475.35,1861,52419.82
4537.0,2558.14,736.36,1974,49120.27
4491.89,786.06,1090.66,195,29372.79
4009.44,403.06,2134.67,429,25221.49
3389.14,2169.18,1151.82,217,22214.68
878.63,1327.07,2439.75,1842,30189.7
1227.33,2776.11,652.22,1348,27522.93
4543.49,2020.71,2359.25,136,28185.5
3228.93,453.17,484.55,203,12612.55
541.39,2854.0,334.0,546,23452.13
956.62,923.96,2725.2,1870,38692.68
3485.76,1144.19,1869.62,364,15982.36
522.78,1326.33,1249.93,1904,39408.8
1223.64,343.43,928.01,1683,30790.9
2969.3,1590.24,1965.59,772,28555.13
3613.53,545.29,1674.31,1633,45901.27
3433.83,1322.72,2977.31,1903,40868.29
1509.21,1181.99,2954.68,1347,26719.25
3704.81,2363.95,2014.57,1779,50316.28
1567.62,2448.88,1495.75,813,17839.59
1964.3,629.56,1626.08,1868,35573.38
3859.21,1226.34,2142.69,311,29069.51
3423.35,1245.39,574.25,536,23654.27
4321.51,623.95,1186.55,503,18969.05
3459.26,2435.67,503.24,492,27856.66
3057.39,2180.24,498.07,1335,35403.8
921.54,733.07,828.77,592,11641.06
2154.72,1226.82,1610.18,1178,48361.12
1693.41,496.25,2418.89,399,19078.24
1597.95,1958.98,1610.84,873,24688.67
4878.55,539.84,1205.79,487,31829.95
2268.94,2960.62,522.35,218,18672.91
4514.21,2385.91,1785.8,1821,49347.56
3340.12,1292.67,1032.43,1859,45931.04
4076.65,1819.98,1960.32,1416,45500.05
2761.87,2751.76,2938.41,1303,45071.29
3096.07,1751.48,600.55,72,24659.38
2716.33,688.6,872.74,1037,33975.05
1378.59,1260.37,1577.36,725,25404.78
3751.03,2560.81,2915.26,330,33543.52
1763.48,2003.8,2383.89,1592,44446.99
609.42,2022.03,2725.22,771,26179.05
3404.63,2627.1,1201.03,302,17316.32
1297.0,2703.12,2978.5,453,24965.66
4732.06,2775.42,577.65,182,34641.45
4792.68,465.58,443.03,1347,34800.54
4616.89,1723.55,2610.13,667,32161.94
2165.71,2273.43,2803.62,281,21224.42
569.55,2319.4,544.58,594,19001.76
4677.43,1898.81,606.25,128,21559.67
2426.83,667.0,389.57,1108,27735.3
4849.95,2432.78,582.17,544,35211.47
4836.29,2216.31,865.43,1183,31864.83
4338.54,441.18,2919.21,1394,41207.13
1825.02,1498.67,2103.22,1648,35914.82
2232.94,687.14,2402.09,377,9742.39
4330.12,1144.94,2395.58,1016,39296.95
1926.15,250.63,1744.7,1882,39323.39
1262.72,1320.92,2453.22,739,22971.61
3005.61,1739.66,1908.68,433,27228.53
4712.7,1934.83,1149.27,1437,46452.35
3632.13,2057.77,1815.0,1305,36537.72
3065.28,2541.62,1740.47,1689,48883.49
937.29,803.3,2523.32,1487,35333.93
3267.53,537.35,2950.66,1367,31557.69
4955.24,2584.3,1409.81,596,39613.72
1130.38,638.52,2361.15,1779,33844.87
2832.48,2929.33,569.36,1247,40568.14
4448.18,2559.11,2397.44,441,32985.83
3833.46,1602.45,1302.83,1175,36232.25
3636.57,2947.98,406.35,1909,52801.01
3661.18,472.65,1280.76,1366,34498.79
2117.71,1048.58,1948.74,1158,35457.96
1821.16,1987.03,621.98,958,33277.78
4142.13,1180.02,2794.89,1274,37530.01
4145.51,2799.44,509.72,734,33133.24
4401.83,383.75,2811.02,590,26833.41
4609.58,1738.35,2209.27,346,30718.31
2801.04,1854.43,1190.22,105,24549.59
2756.82,2027.64,1355.03,1545,31789.45
4092.33,915.87,2300.19,1089,28891.3
3424.84,1220.79,1923.97,1725,43171.29
3658.85,2562.31,2113.44,115,25171.22
4081.07,745.84,1350.74,1007,28391.52
4505.02,2515.23,1617.1,1732,51634.44
2020.98,1775.44,2972.64,1743,38052.05
2190.12,2334.13,877.59,1985,42795.2
922.92,2198.1,1428.21,1545,40621.9
3102.26,781.03,1087.92,1982,42364.63
661.74,1792.68,2365.8,1654,33180.93
2595.19,2629.62,2362.83,1096,36380.31
2941.9,1409.93,1089.6,751,32278.43
1789.44,2906.45,519.75,809,26944.69
3158.75,1466.2,330.87,535,20791.82
637.25,599.8,1454.12,1488,30870.39
668.07,1290.42,1407.91,870,24754.59
4201.7,2864.77,2968.65,937,46067.99
2120.86,1095.22,1568.47,1730,38143.48
1071.77,2630.67,992.33,1969,44218.74
2850.09,2667.5,2706.32,1378,45313.86
3964.97,1180.52,1625.88,226,23433.22
1471.19,433.12,1917.77,244,18920.43
3303.01,2228.76,558.31,1995,51652.96
884.06,1072.23,1333.87,1086,33401.43
732.57,2392.19,2849.4,925,31144.96
2891.1,1439.43,1891.66,215,10010.7
2932.86,1558.75,1230.16,1223,32458.84
3368.43,2378.15,1989.3,1414,33956.26
3767.41,1270.62,2758.11,1998,46829.3
4891.33,1440.76,1039.77,606,29634.7
2823.35,1253.33,1663.82,1247,38436.26
1953.3,1228.55,2888.46,216,14784.36
4078.34,1672.65,765.47,758,38217.22
1718.75,2464.64,2243.09,767,23770.67
2475.37,1212.95,1959.1,1667,37973.58
853.05,1667.91,2135.12,1653,28814.42
614.08,2078.04,1248.29,146,18878.48
4831.92,954.43,1147.47,728,39772.77
4261.91,977.06,2147.37,453,26363.67
3631.88,2813.56,881.97,1150,31494.58
2340.29,2225.9,1433.07,1310,34752.28
1279.82,1816.12,808.07,1781,38409.96
1203.97,2013.62,322.42,340,12164.62
1626.09,282.04,2919.15,185,24513.27
2971.52,1930.69,1465.6,1893,55086.68
3715.68,1626.62,2917.24,1881,40531.0
3470.89,1728.1,678.87,938,26102.42
1759.7,1206.39,1885.89,930,28043.52
4796.89,428.13,842.63,416,19879.64
3820.54,741.35,2433.2,597,28237.04
2994.59,2862.09,2416.0,951,35712.64
3252.74,1344.36,604.04,297,20130.81
2388.2,1506.71,2762.57,815,33211.57
1614.79,347.59,825.5,1287,35957.71
2101.88,305.19,1955.04,1837,40092.55
3910.31,2208.11,2961.21,119,19146.85
564.77,1706.67,2682.47,795,22618.76
1022.33,1624.38,2882.72,1045,24339.93
707.01,880.75,1225.02,378,22042.03
683.28,2285.3,585.05,1089,29293.19
4349.57,671.06,808.54,1560,43485.31
3666.46,731.82,1651.34,1247,38816.34
2633.78,1489.99,2441.72,748,27348.45
940.25,1001.58,705.41,855,26027.07
2712.27,892.9,2081.28,1810,38786.16
2630.62,2006.67,1173.66,323,25879.43
1279.41,2022.72,1221.25,573,28162.06
2452.33,2508.65,2087.18,1895,42467.25
2293.27,1369.58,1560.9,268,19442.63
3271.33,404.64,2492.49,1073,33751.4
3357.92,966.27,720.98,562,18380.88
703.87,2944.02,2432.86,1472,28861.33
2185.76,1869.52,473.44,1184,26632.95
3316.37,2187.26,823.95,513,26154.99
2764.11,220.6,2071.6,1862,42802.32
4354.2,1650.98,2608.3,1714,46854.3
3464.12,305.08,982.23,1166,41300.53
1233.2,1793.84,1183.42,500,23389.94
817.56,2778.16,1750.23,1469,37038.98
3390.89,2911.57,871.25,1965,48388.77
619.3,1713.55,2490.12,973,24897.79
3135.99,1482.97,2388.82,1624,47862.64
4731.04,2846.05,692.29,982,44688.4
3089.63,2086.11,1552.34,528,30983.61
2246.76,381.72,2392.03,365,15759.58
3394.8,1504.03,1210.79,720,25731.56
2562.14,872.69,2009.39,747,17890.42
2955.28,1515.45,435.58,1042,33382.16
4736.59,1475.3,1943.46,1426,36838.44
2237.46,1830.01,712.16,817,25987.18
4825.36,1198.96,2542.57,1312,40875.62
4574.08,659.96,1259.71,1177,38136.14
1381.06,1610.41,1060.2,956,30782.87
812.13,2524.57,2570.4,927,33668.98
953.5,2059.23,435.39,1102,29667.49
582.0,1147.43,1370.84,138,5143.54
924.99,2819.46,1299.01,424,18939.1
3573.53,2754.18,1068.96,1470,39182.99
820.35,786.18,2761.74,1636,29655.56
1935.39,310.37,2327.51,413,19043.0
4301.94,2275.66,472.59,196,20064.7
604.72,2517.31,2229.66,363,15013.55
4165.11,2910.02,1723.71,597,28400.46
1768.35,2691.54,2732.34,845,32970.83
1031.74,1881.5,1144.95,1525,31325.48
3635.32,1684.15,1850.24,948,22797.78
3330.24,277.95,1652.04,1579,46269.75
4448.62,890.64,1621.81,1559,48462.02
3807.82,1486.92,1531.48,150,11502.0
4115.66,1959.81,855.2,156,26932.67
1769.16,1760.31,2340.42,906,35132.92
1298.48,2279.38,1518.61,986,26606.98
3877.77,983.35,2887.99,340,25636.32
4130.76,1781.87,1004.18,1422,40388.33
4957.27,446.8,2143.41,666,33762.27
2356.78,1358.26,2839.94,1806,47715.65
2174.08,2300.45,2091.34,637,20159.68
3993.86,2141.52,2652.44,1300,39126.88
2033.62,2973.8,2534.2,645,28668.59
4688.41,978.1,1272.32,1026,37615.99
4362.86,1594.93,1920.33,1661,48992.49
2430.47,1122.69,721.91,1834,39063.87
3878.92,1433.69,1745.92,1840,42875.36
3895.44,2599.46,922.14,1123,43790.41
964.06,2115.79,2308.09,917,19714.89
4561.49,2670.84,1725.76,1019,38338.1
2773.64,769.83,1410.31,771,25209.7
4219.06,2645.41,1025.75,207,28935.45
1940.22,367.33,2996.49,377,15610.73
4529.85,2688.08,493.62,1818,55008.82
2251.41,1121.41,417.61,1956,47114.96
548.77,1080.85,886.59,1150,20146.85
4574.22,1633.85,2921.9,784,37808.69
910.79,2833.93,2943.94,682,26116.35
1936.91,333.79,2068.3,1527,31395.75
4775.28,1186.25,2676.29,1383,34460.42
4777.73,2598.4,877.7,376,32461.76
3080.47,1308.95,2924.51,557,28631.44
3343.27,757.64,685.52,1926,48971.87
2518.0,1389.42,573.04,919,25500.83
1819.45,1279.55,602.97,1180,25039.05
1978.99,2763.17,1847.45,290,16657.46
3526.33,2333.42,2408.63,484,14035.05
3885.69,1614.32,1290.0,1101,34159.43
4062.11,2967.44,2940.32,753,51182.09
4053.28,1502.78,1472.93,1322,46346.49
910.43,363.07,706.21,1437,21644.63
2724.89,934.37,1558.11,1798,38419.66
759.01,1421.0,2133.4,1606,30680.27
2972.88,639.33,2547.01,1545,45419.28
2486.89,2853.18,1538.67,1740,55762.09
4494.67,2347.18,1902.74,1612,49215.72
2079.12,951.2,1021.83,638,22054.82
1026.8,1854.25,2043.97,1891,42205.43
1143.46,2220.06,2962.12,462,20623.55
3926.8,2835.58,432.44,618,32882.27
3281.98,2668.58,2693.63,1704,47992.18
955.05,1642.54,1818.16,1238,31083.43
878.48,2369.03,980.67,1038,16446.09
3654.36,1774.01,2878.2,1649,43548.93
827.43,1747.57,1605.06,1121,20613.3
4198.37,521.28,1195.56,1735,47064.02
3678.09,553.19,790.04,533,19437.26
866.07,1682.69,960.02,1231,19535.33
881.77,952.81,2548.69,717,10625.55
4939.88,258.9,1958.91,200,25612.08
2184.22,2223.95,2765.76,274,16656.96
2167.89,290.96,926.31,1333,28817.97
4157.6,1866.78,627.07,1460,50345.47
4762.62,1709.74,316.44,305,28287.08
4937.0,2912.68,1671.23,110,26539.85
3890.2,1555.8,2995.43,1937,44745.65
2193.17,378.08,2176.41,1845,41196.27
875.75,1744.73,1132.67,1906,37254.06
3997.16,2555.07,2667.52,445,33913.21
3012.82,2991.18,2410.65,1470,31944.85
2409.0,1404.96,341.62,1235,36987.6
4578.59,1096.84,2505.52,429,19973.8
1000.39,2738.63,1111.42,1516,32822.43
2716.81,735.48,704.12,398,25333.05
551.09,1923.2,911.09,80,-1560.94
2608.97,1336.0,1565.17,120,16116.38
753.36,315.03,1447.14,446,10571.6
1034.68,1172.41,1080.0,1511,30721.33
1028.87,942.64,764.99,51,9704.43
3421.45,2121.06,2358.02,978,35489.05
3857.2,2856.61,2973.3,611,27531.65
3125.16,950.53,2400.04,1208,35086.12
4829.78,2472.1,1099.03,195,27978.41
2186.92,355.01,960.98,228,12920.35
1785.7,1706.74,887.7,313,27219.09
4408.7,397.54,669.08,1384,44793.59
1506.18,2815.29,1788.59,253,28231.53
4834.5,2345.78,1934.58,1884,55790.9
554.7,2042.26,2204.86,748,30452.31
4864.45,2506.91,2136.58,1103,38873.81
694.22,2013.06,1089.3,108,9197.32
4510.14,2913.04,1191.84,1082,38701.48
2874.65,2199.08,2140.09,1037,31862.32
4968.34,2789.04,1243.51,1397,47852.22
832.08,1647.97,874.08,216,12835.32
2992.34,527.78,1310.71,1410,36828.78
4861.86,1678.9,1034.63,956,46022.26
2853.94,555.24,538.44,1452,26346.43
3332.29,1858.98,2541.38,947,28096.58
3630.87,1550.98,2603.4,840,20565.29
2545.43,1943.21,893.33,1776,37852.11
3324.01,228.13,474.88,291,14986.82
3129.41,745.55,2294.83,1863,40247.16
4555.21,1575.73,871.13,1739,41790.89
704.51,2861.41,1362.28,957,26912.84
1764.33,1274.11,473.17,1233,26872.04
4776.85,1388.24,910.93,826,29665.49
4506.19,2201.15,2440.84,1308,45239.17
2550.46,1890.62,2471.87,1526,37210.61
3290.6,1036.99,859.13,1931,50199.27
1748.22,1350.29,1206.97,248,14249.81
1346.55,809.56,662.44,1550,29274.8
2586.64,2904.86,500.27,1106,35684.88
2090.09,565.78,2978.86,457,9300.1
3126.45,1241.14,2070.1,1162,40399.65
849.81,272.35,1763.66,1680,34977.81
4884.78,820.98,2366.85,270,22320.35
4937.95,2385.32,2568.21,1142,38520.29
3641.73,763.29,2478.13,1367,33312.04
2912.43,424.18,344.66,1310,24395.07
1892.87,1528.47,804.38,1980,33086.34
4162.08,227.91,2068.24,1233,28970.28
3581.29,437.35,1314.55,1905,30675.99
1231.78,2461.35,2952.7,889,26263.2
4599.17,2360.13,2096.59,837,37093.58
4201.42,2762.39,2882.68,1363,52749.26
4774.1,2592.64,843.91,1952,59196.86
3765.74,2112.89,2632.68,603,27630.43
3260.37,346.53,1167.65,1977,42199.48
2382.09,2391.98,2971.82,627,33521.5
4697.28,2567.43,725.76,582,30987.68
4397.29,2437.43,1694.12,384,30861.2
703.48,1623.74,2440.68,1070,22957.75
618.65,852.13,1468.13,1655,31334.19
2194.09,2566.92,1563.83,1846,44851.74
4147.49,2236.06,2963.16,1575,46213.37
4942.74,2946.13,1448.33,295,37041.3
1176.88,635.94,1930.99,1396,24835.36
3173.59,831.86,447.26,1820,41850.18
2214.01,793.03,2573.97,1857,49830.78
4864.61,2419.11,2050.05,660,37716.2
4289.54,723.34,1390.85,378,20395.16
4272.48,386.65,343.66,596,27126.27
2609.12,2995.97,1897.51,388,37777.78
2366.69,269.49,334.18,1244,28295.14
1730.33,2538.68,303.25,1183,35241.46
753.69,1223.03,1963.47,1043,24089.48
4391.25,2556.52,810.35,856,37717.31
4158.05,1752.94,818.1,1083,36296.85
4998.73,2724.57,2063.83,1275,41635.72
4984.87,2793.34,444.98,1989,57507.16
2999.44,225.47,1146.2,1330,26339.72
3960.44,411.15,703.47,1335,34319.72
4751.45,901.0,1866.48,742,42081.15
4323.41,2074.08,2086.77,479,30268.65
1613.07,2687.16,2247.07,1580,34950.07
2527.45,1487.84,989.12,1139,32488.4
1081.22,1899.52,540.97,855,19809.18
4793.23,727.8,512.45,1746,46162.14
3227.79,2453.91,1450.61,1652,38806.21
1528.89,2908.52,2853.78,661,30732.88
3522.65,952.08,887.87,1662,41613.74
3281.58,1585.51,993.2,84,13367.3
2111.73,441.13,572.4,606,20201.71
1011.01,1765.58,1935.04,1735,46505.09
3522.08,1607.79,2135.66,540,23512.51
2841.38,604.42,2035.91,1653,42663.44
3975.43,1437.79,2625.05,303,27724.55
2840.74,1135.49,1613.35,66,18064.48
4334.82,1661.13,663.03,310,29769.97
2983.58,1839.83,1081.39,1798,42476.72
3024.22,223.79,2088.56,1898,42949.33
4444.94,2330.82,1955.43,1329,44856.4
2315.67,2196.44,1733.71,777,23711.67
1103.07,1225.6,2144.0,1936,41199.21
629.52,348.22,2020.96,1497,26246.28
3898.12,2313.81,2679.58,550,40738.68
3291.39,2874.49,1882.24,1065,35262.83
3668.36,872.42,2402.22,335,16588.16
1458.34,1105.87,971.51,56,15808.52
1113.67,714.68,2131.09,1570,28285.03
565.45,1815.42,2735.92,1965,33753.9
2077.64,633.56,1341.48,1272,31673.12
3154.63,1197.34,2403.58,1676,49080.52
2265.1,2151.64,2256.93,708,30967.5
2468.64,1768.32,460.72,986,26075.67
4568.71,1282.1,1870.07,1491,44832.24
2067.15,1376.7,651.51,1735,36459.74
2812.95,1773.91,2911.76,101,28125.66
4026.44,216.42,2490.8,292,19880.94
2284.44,419.83,596.25,1292,29761.55
3299.39,2667.52,628.73,567,29122.64
4380.64,418.06,1905.08,1019,28272.82
4772.84,2179.05,1231.2,158,25689.13
1161.83,2776.11,394.25,1424,32789.6
4669.64,957.91,1762.43,970,42574.99
2714.52,1237.38,1347.18,115,17282.8
1662.1,1792.98,572.91,1083,25878.57
2566.11,2668.79,2465.19,251,22451.63
4910.15,2837.34,2770.71,1867,56125.13
2716.78,2270.78,2342.8,950,32733.71
1979.38,442.54,2520.54,263,19773.74
3350.3,2073.63,884.52,117,25242.17
1580.66,1348.85,1011.65,808,17689.56
841.38,1517.96,863.02,915,27295.54
1079.96,337.62,2365.67,376,16960.74
1076.21,734.97,2859.38,1123,25837.28
1183.56,2413.44,2235.46,1090,22562.82
1124.72,1471.08,2679.96,572,20914.71
3383.94,1044.65,2024.49,1894,43838.49
1318.46,1275.25,1346.68,1379,33260.74
2055.5,2592.32,1449.56,1465,41400.23
4535.55,2297.2,503.37,1037,45061.01
2632.83,962.48,384.93,1197,25020.83
3504.01,529.01,2177.78,1053,42845.44
1275.44,905.6,1483.76,553,21551.67
1365.3,2778.12,1790.98,1298,37747.72
683.91,1828.45,1805.69,805,31337.22
1260.21,1693.74,1048.91,1391,32866.09
1753.66,1869.9,1584.91,522,26273.66
1296.55,1224.88,1571.05,1917,39456.71
899.16,2459.9,1348.75,1964,45317.37
1042.86,1665.2,2515.82,907,30744.59
2573.5,526.89,1518.14,590,26448.95
1428.5,561.38,1929.84,1431,22792.5
2139.21,1703.21,2717.9,1556,36788.61
2765.38,2822.4,2638.83,918,40377.16
3606.78,1063.39,2704.14,927,35241.87
676.9,2634.72,1029.01,989,25569.03
4097.35,2339.47,394.45,926,37792.83
3325.55,893.87,1004.88,1502,32359.64
867.92,301.75,1052.51,846,21768.02
4431.1,485.17,2755.27,1570,45580.95
4643.93,2239.78,2052.96,521,33229.94
774.85,759.08,520.6,1644,29227.56
1745.95,1239.56,665.52,1728,37455.51
4127.91,1604.76,720.33,887,31739.04
3867.17,2231.31,2002.14,1937,49620.92
1330.34,517.05,2285.62,1373,38386.01
1442.07,1337.83,2621.04,1811,31170.78
2167.12,1558.2,2839.72,1749,33760.7
2680.35,1714.32,844.6,133,21097.43
3282.15,2491.41,1136.39,426,20118.46
2160.11,680.7,948.87,1386,21377.34
2581.41,2461.93,1268.66,1702,48052.07
3863.62,2140.06,2769.6,1393,50033.7
665.07,1756.44,1852.8,253,6723.96
1635.97,2158.68,2293.12,1428,26965.3
3710.07,1353.65,1623.32,1058,28499.57
4528.43,587.51,377.92,1367,34953.49
2802.55,2064.14,473.33,553,34021.08
2894.51,1669.08,1752.39,1218,33028.34
982.27,1990.25,2240.73,588,24678.81
2513.36,1146.4,881.39,66,17663.18
2896.78,2739.23,2249.16,624,36479.67
1591.12,1844.64,2488.8,1852,38370.57
1711.59,439.13,1412.12,625,18238.7
2197.78,1459.45,2315.33,1064,29421.09
590.32,2317.8,1390.88,1112,29594.99
1949.36,2423.58,2131.55,179,24931.06
1451.52,1584.87,2362.79,164,25705.39
1973.74,2705.29,2978.2,1523,38948.6
1038.93,949.47,1232.57,999,23465.76
4507.37,1349.68,1409.81,1998,55550.26
3171.17,2716.07,747.17,1118,39429.54
3555.96,2709.52,851.0,265,33604.16
4051.27,2120.0,2172.17,1673,47277.74
2742.99,2605.15,2776.02,897,31693.92
891.14,448.57,1365.43,1488,35214.98
2916.98,2621.99,785.58,738,31078.95
3140.79,1097.74,1069.77,1052,33831.36
3854.48,699.33,1528.64,314,21629.76
2442.47,870.24,1084.76,1996,46862.52
1074.11,1370.31,930.66,1513,27082.66
1776.99,903.34,2287.16,666,19192.04
2133.87,1097.59,321.18,1454,19496.03
3406.63,577.94,1755.92,1919,41295.68
3068.5,1029.29,2443.17,350,26461.46
2102.44,1802.39,1018.82,1034,29369.9
4939.32,1437.19,1928.89,1244,37666.83
3225.99,1170.81,2106.03,1693,49638.79
1567.52,2290.07,2068.57,455,21898.35
958.02,2701.83,1503.79,1428,42611.5
1187.87,2319.01,1235.76,210,19567.12
1606.81,1129.6,2556.99,1868,40816.11
1223.07,2284.44,2347.8,1625,47044.56
1339.55,625.54,1167.39,75,7092.5
1782.93,564.89,578.15,132,5021.28
1280.18,1167.76,493.88,222,19669.77
4535.44,2461.57,554.55,1048,42174.55
861.05,889.78,1873.75,1758,41092.57
2860.3,377.11,439.49,843,28646.17
2346.79,568.79,1209.7,1143,36620.4
4920.7,2604.49,2333.64,884,38017.78
1004.18,1974.59,1094.74,55,10239.0
2290.35,908.96,2360.93,845,25073.58
4862.62,1754.83,2312.76,1268,42799.58
4394.78,1677.22,963.73,574,22009.19
4176.82,2035.22,2267.82,112,25536.06
1660.56,852.93,2319.0,1086,31228.34
1268.99,2620.33,1373.13,810,22173.55
3508.89,1066.23,868.14,254,15549.98
4682.19,2143.57,1707.43,946,37948.84
3005.43,245.15,2787.77,1838,46043.47
3072.26,1243.44,2026.97,89,12623.45
1759.91,1184.79,766.89,1238,40643.75
3962.72,1721.76,2143.44,1104,31326.85
1341.7,403.66,1453.45,1602,28746.8
1956.56,2412.37,1897.13,1722,47379.55
2414.46,809.79,2281.97,926,32184.05
2784.25,2095.71,1690.36,1905,50616.23
1590.84,2448.99,2497.76,874,25105.25
1016.77,1773.26,2249.82,958,23115.3
3247.79,2274.47,1960.7,1750,42056.52
1798.84,2053.21,707.14,447,17997.53
3115.57,1195.48,2557.06,1532,42214.04
1194.63,2464.8,2826.95,1866,38158.62
2665.13,1025.16,669.81,1296,23701.24
2896.65,1799.4,1618.25,683,33209.59
733.21,2287.11,999.0,1151,26533.11
2014.72,1261.08,2337.21,1898,45597.63
1104.87,1047.75,2248.4,888,21273.11
785.19,1486.17,680.39,649,20174.89
4954.82,2490.3,2667.97,674,49257.22
1950.59,2803.78,788.63,1685,35182.57
4144.44,1726.23,2452.6,987,33197.49
1645.88,2052.11,1533.85,1888,37163.42
3566.76,2729.17,1186.34,933,46064.84
3921.03,475.93,727.25,1501,38353.53
3180.37,849.82,752.56,474,25961.25
2622.09,2184.92,2087.1,436,11120.48
2353.28,2506.48,1786.16,1312,38950.31
2069.91,2599.68,629.63,1053,29270.29
4682.88,1362.3,604.28,907,41477.7
4237.79,450.15,495.24,672,30060.78
4842.62,1425.79,2308.17,139,23697.63
1059.34,846.06,2222.08,434,23152.25
3788.9,1015.35,457.76,1212,43191.58
4722.53,2362.35,1812.73,1046,48537.16
1315.55,411.48,528.63,696,20643.39
799.23,2517.23,2740.11,1597,35702.26
3835.04,1397.47,2749.22,1317,41550.0
3085.13,1868.98,2185.23,1578,40239.8
4288.23,451.03,2800.71,471,27804.07
1128.98,1144.61,2490.92,1255,25997.29
4078.7,451.16,2537.05,1268,36754.76
1407.32,2892.32,1838.21,923,39792.71
1236.45,2460.33,1126.36,1707,39727.83
1239.2,1486.97,888.06,102,8947.02
4165.59,826.09,1183.44,1035,28336.49
3493.39,2813.67,1996.94,1063,37947.44
2853.79,1164.87,766.17,1941,47011.1
2114.74,650.76,998.33,734,22115.24
4447.4,1776.86,1563.76,228,25567.81
2266.0,2842.57,929.24,342,24263.11
4174.7,210.72,1889.34,424,25800.12
2476.11,866.75,2792.58,1132,34950.8
2196.25,2827.65,2319.84,1127,38952.73
2582.06,679.04,2099.35,1987,42819.89
1856.2,517.08,1873.35,1842,37129.57
3864.24,1796.52,1617.46,1318,40270.15
2762.24,2613.16,803.72,1222,39080.5
1544.96,1535.91,2715.72,845,31247.55
4548.09,2984.78,971.05,1441,45371.59
2227.51,2101.68,546.53,65,14493.19
2945.99,407.41,2325.04,225,13549.49
4579.12,2979.93,774.16,1613,42018.44
3309.07,1342.1,1304.12,1479,32900.4
1026.04,1004.73,376.37,1540,24937.43
4729.24,1762.06,670.08,1953,48256.36
3324.69,1052.06,767.65,178,20472.77
2007.08,442.08,446.91,1296,22882.2
1126.72,204.0,2072.97,933,21085.7
4073.11,1458.83,2559.92,1317,45356.72
3290.33,2543.22,1307.95,475,23182.43
2900.57,1802.48,2661.36,403,21978.17
4522.52,2997.78,876.04,799,30658.56
4048.69,1003.17,1178.55,793,25525.96
1182.54,985.27,706.99,1399,35580.72
1902.75,647.3,1975.51,1677,38522.64
1618.2,659.38,1433.65,1076,36118.12
3847.76,998.52,1955.87,528,22845.05
650.9,2419.95,2356.52,1025,34798.95
3064.5,2736.12,1773.4,1154,34180.85
3931.06,2930.24,1994.6,93,23246.03
4445.45,850.41,2825.18,204,38001.99
2039.37,2667.63,1107.47,996,26700.84
4195.66,1119.11,1269.74,1609,51410.35
997.84,515.95,2237.8,1989,37297.5
4309.04,2636.07,1950.52,977,34073.56
1073.7,1981.1,782.04,148,5309.98
2287.79,661.25,1315.6,1470,34013.4
4087.83,1403.53,1563.16,1953,43790.53
1174.63,1004.32,1432.35,220,10464.4
1531.63,2263.02,781.34,197,6067.15
3750.14,1469.57,2795.96,172,24947.5
3740.16,2969.98,2358.26,161,18939.19
3385.16,353.29,1599.66,1072,30536.44
3622.77,1194.04,2136.16,1061,27582.43
2942.26,1549.32,2722.66,1203,42077.59
1633.1,1608.77,667.67,117,2227.07
2055.63,1084.62,976.01,1932,38968.13
1317.19,2241.87,1765.29,877,28957.79
4588.03,2649.29,2457.33,1802,55249.34
3125.26,2828.41,397.89,1973,42696.27
2303.83,2454.26,2956.85,941,23899.83
2579.03,2581.62,1528.25,1681,47211.0
4762.78,1741.53,1269.92,1730,48401.56
1190.08,2512.49,1090.36,1970,36700.09
3138.03,1049.81,770.76,1618,43206.47
2776.5,1315.74,2437.25,1359,33898.01
3251.54,1087.36,2879.62,1078,30763.63
581.5,1508.68,1416.84,1191,21491.37
4424.56,999.62,2871.54,1725,43808.46
4694.53,2892.51,2524.25,279,27766.49
3043.1,1075.96,1598.84,209,20358.68
3634.93,474.52,2119.87,1367,44852.94
4651.25,1675.09,1474.46,1834,43265.33
3682.57,359.88,1808.55,1858,42231.89
1186.43,509.52,456.73,235,8831.97
3093.3,814.29,2179.91,1063,33990.27
3230.22,1500.18,442.63,926,34869.05
2408.59,1413.1,2506.13,601,23612.29
3814.0,2439.14,2527.36,1297,39480.99
4704.65,2270.53,940.11,1225,45217.24
4665.06,1393.69,1173.89,1213,31633.22
2528.78,1134.37,1599.54,1440,24826.44
1009.57,1086.11,1910.99,1201,39834.66
4931.79,2367.19,1075.85,1424,42501.03
4275.04,345.8,1899.71,196,19081.91
1060.98,235.9,1104.03,1358,28787.87
4643.79,2427.52,449.82,1542,48455.08
4414.53,1536.01,306.82,1291,43911.06
2834.77,566.47,573.11,485,24158.69
3160.74,859.58,2439.08,781,20899.04
2295.51,2811.01,2895.86,1218,43996.55
746.43,2606.61,1452.81,1914,42917.93
2008.39,2187.4,1684.25,1350,37315.26
4112.84,1550.23,696.49,1827,49088.96
520.84,1656.91,1787.78,109,-918.82
2000.75,2930.68,690.57,1683,40232.6
2291.76,2904.16,1950.28,892,27040.27
2918.28,802.75,2819.8,1448,32012.37
4639.35,2471.09,828.39,453,28506.46
2058.56,752.28,2364.32,930,30225.79
2061.29,797.9,363.46,1766,37810.75
3818.76,2093.06,1313.84,1187,40795.21
2534.98,1334.0,599.02,1568,34614.79
1510.72,2808.32,1251.68,664,26494.32
2535.98,449.23,768.55,385,15835.79
1133.86,1632.27,1307.92,880,28053.99
1293.74,2771.86,1427.31,1642,42110.37
2742.65,2731.52,1111.6,334,24390.54
2385.16,638.28,2072.88,178,11286.23
4616.81,1226.59,2780.9,1965,53770.32
2130.77,1933.54,1381.61,364,21201.8
3112.65,646.31,819.33,1009,29418.81
3345.19,2910.46,1030.95,1671,43780.28
558.93,2761.3,2605.8,1785,36317.15
3485.92,667.46,1843.43,120,19693.58
1301.16,539.24,1528.53,394,9519.69
4824.82,439.14,704.02,1171,35267.43
1168.98,2746.44,1514.26,1373,37127.91
2365.81,742.15,1051.93,225,17203.11
884.07,1365.6,2846.54,1818,31817.44
4985.93,1456.78,2686.99,933,40241.75
2759.88,1877.23,526.54,1148,42927.08
3179.23,400.86,1694.96,192,20541.64
801.84,834.92,907.66,980,19560.47
3874.82,2808.17,1409.1,1096,46093.14
1444.58,2743.55,2667.49,230,30384.9
4541.24,2387.61,1724.29,1118,45735.58
1423.13,254.32,1202.38,1542,21608.12
1358.09,1115.62,861.3,141,14109.68
664.47,1958.28,2460.88,1342,37635.82
2624.3,970.53,1986.2,83,5211.28
3041.79,2746.84,1563.78,727,35804.53
795.69,1974.89,887.21,1655,33188.65
3989.87,401.34,1202.47,1437,44663.45
2539.8,2745.22,2891.58,1781,46405.03
2859.76,2881.75,1704.24,1206,39929.28
2483.43,417.59,1381.89,808,25439.49
2303.43,1690.61,1707.84,431,24880.67
3018.38,1049.42,2403.27,1753,44917.15
1198.58,1299.95,1218.29,1015,20026.35
1318.68,703.02,782.51,1350,26457.23
4378.04,1818.6,1879.33,1229,41072.51
4757.52,2882.34,2096.05,436,39928.92
2179.89,1608.6,2224.34,584,25984.53
1718.35,432.16,2681.37,249,10888.97
3398.0,1936.0,1302.17,324,19137.93
2339.3,1152.62,503.46,550,23542.77
614.24,2596.59,2887.54,508,18131.22
1202.69,1417.1,1474.53,99,15197.7
3721.88,739.95,1982.8,1019,32483.87
3465.16,735.1,2099.02,1771,50570.69
621.93,2352.54,1775.59,1037,22764.5
1498.87,943.65,854.2,581,24822.12
1539.84,2348.25,2338.89,1053,35483.59
3523.52,776.48,2470.13,677,25423.64
588.7,1100.72,1793.03,1165,20377.44
968.49,1503.36,1619.12,1934,48190.51
4099.62,2840.95,607.63,1529,41454.34
1303.45,2808.85,526.67,388,20410.77
3437.36,779.24,1216.83,1126,34289.61
1571.82,1203.01,1139.28,1569,33821.96
947.49,618.32,2874.87,1708,38024.07
1594.27,1627.96,2415.78,1926,37274.32
3750.2,1489.63,2081.8,1923,58305.15
4350.63,2722.13,1697.65,1850,48513.76
4235.99,2804.02,751.89,53,23654.82
2287.33,1273.99,2941.83,1754,34222.14
3506.38,1576.87,1312.61,330,28443.26
1422.43,2709.46,588.7,1363,43156.99
1819.16,2458.78,1633.26,122,27082.27
4533.51,210.24,2659.79,1210,43471.31
558.51,1096.17,2695.69,1923,35248.18
884.79,1380.97,329.61,817,19622.61
1435.49,843.21,2693.0,1020,24302.28
619.39,758.8,1033.01,1726,25356.36
1316.46,305.8,405.23,1047,20177.72
3123.69,2001.44,2589.03,1466,46177.59
2396.41,935.03,2632.44,257,13684.53
4517.02,346.57,1909.82,309,12301.82
4178.5,846.74,1850.97,979,27636.77
2038.18,2445.36,2495.42,312,25746.23
1667.41,2584.17,2423.04,832,19868.24
2208.62,1552.59,2703.28,554,21271.4
3156.33,1365.0,1792.42,1623,39446.95
1706.29,2937.99,2912.65,252,22763.57
3308.67,761.58,2989.6,1809,45608.31
2342.35,803.01,614.67,1420,34485.35
2984.21,1017.23,2593.77,101,17177.11
2462.57,683.72,1649.52,1666,32780.19
1825.1,1262.22,1346.43,1429,37479.79
4768.04,2750.34,1955.3,1796,44856.83
3936.23,1922.97,451.11,1592,47488.74
1130.51,1353.45,1667.45,412,21647.85
4408.11,2816.35,2651.4,94,39589.58
2693.44,335.7,876.35,876,20787.66
4525.49,788.77,1451.25,1451,38753.32
4099.35,1784.49,2836.6,838,35584.86
2413.46,1923.55,1457.12,1485,37750.27
601.11,310.76,1267.59,820,20968.24
1709.05,1328.51,1489.45,191,16966.16
2937.35,2017.63,1702.52,1331,36178.7
3350.65,2154.6,2006.38,846,32367.38
1660.49,1986.79,2461.87,1987,48800.57
1127.1,1097.58,1520.68,86,3801.91
4257.19,461.86,2507.2,94,19443.52
4929.81,1395.91,1741.05,969,40560.76
2865.61,560.51,1213.9,1705,33297.4
1272.56,2853.35,2076.47,1119,14015.3
1725.38,1530.48,2237.85,1725,46117.48
582.76,1088.33,1806.73,614,16362.69
4614.34,2345.65,452.86,350,22223.61
1029.88,1594.26,758.68,337,18636.02
3094.32,1068.1,1070.3,835,26588.62
1733.25,2473.51,1063.09,318,13863.84
2993.8,2628.03,2118.24,1973,51822.32
3431.39,2084.42,349.54,840,31123.45
4233.84,331.5,2340.34,1135,32514.1
1428.9,1785.7,1016.42,1639,31957.75
549.48,2337.23,1137.06,630,14151.2
1115.99,582.21,1725.36,1315,31009.35
4550.08,840.28,883.0,985,27870.88
4432.51,2670.99,2688.07,1855,50055.71
3188.36,256.34,530.5,1837,40574.38
3202.33,2307.64,1499.83,403,32808.76
3492.67,1526.57,2593.44,1869,48310.37
1289.17,1450.96,1962.78,1017,29125.99
4614.85,219.87,1089.29,1936,47625.8
2384.47,2494.32,1436.05,120,23385.19
2224.12,1207.51,2208.07,884,36762.95
2835.13,1714.14,2927.8,462,22977.28
711.35,2096.44,2711.47,661,21598.73
1248.28,2167.36,1224.57,1134,29784.71
3821.15,2876.74,2995.13,664,37632.1
872.59,1687.75,309.46,1525,31688.19
3214.18,1319.21,374.6,1466,34664.23
1604.07,2870.37,2524.37,1704,42205.05
2251.83,1997.91,838.55,578,35310.17
1799.12,1034.82,464.08,1378,31990.73
2100.53,554.1,940.3,240,4077.84
3735.71,2559.15,1450.47,1797,46961.7
1837.05,1214.11,2272.53,127,14528.19
3048.82,2049.32,1985.71,1631,42553.95
2642.23,1518.29,941.58,1678,39456.72
3486.52,757.0,1658.83,938,31814.35
4715.73,1884.72,2800.78,1598,51656.26
3796.57,369.91,2500.52,1813,45813.55
1467.23,1357.36,1172.61,1374,35706.17
640.32,1730.52,2952.11,998,18122.36
1680.19,1420.93,2213.28,66,12241.92
3177.85,2296.28,468.61,864,33245.73
731.42,2518.19,394.93,1647,36070.63
2733.65,2359.48,754.7,483,21063.46
3185.79,308.68,2265.21,1116,28813.35
2004.1,743.56,796.1,1141,22958.03
3969.1,1702.5,1681.01,1453,47354.39
979.69,2817.5,551.8,261,6634.56
838.12,2537.88,2786.39,252,10755.48
3776.85,2559.1,1228.69,775,35577.09
2729.71,1048.98,2751.96,158,20879.36
3597.81,1402.45,2851.16,1017,27273.48
2456.72,1517.98,316.55,333,21355.92
1608.81,640.64,1553.17,990,25040.95
4185.96,286.99,366.57,1679,43657.63
4097.37,2851.33,2753.47,1298,45460.95
3626.13,874.0,1699.7,786,31095.65
1724.65,871.86,502.35,1824,38740.44
3156.04,433.46,597.75,1191,33201.68
2124.38,2799.82,1335.47,981,32812.72
912.12,1823.26,2838.63,652,21056.09
4627.91,2067.7,2170.85,1413,45389.06
1115.68,2752.42,2642.57,1874,44043.57
4776.07,1167.74,1289.43,1354,45970.3
2507.03,1940.22,416.68,540,32630.94
1333.1,308.64,2930.66,68,12709.18
2938.55,722.96,346.37,1248,33331.89
4428.26,2527.49,2858.66,1542,55213.42
3795.01,2346.95,1295.43,1691,48755.81
4129.53,1181.8,327.24,850,25603.53
3464.53,1255.07,2160.72,809,26701.26
3615.24,1693.95,2947.46,1908,58697.95
4321.38,200.67,2907.19,1215,33833.17
1623.51,875.48,734.53,1536,34905.8
2702.41,783.05,789.37,978,22324.69
1495.44,901.35,1826.96,347,21576.64
4944.51,2456.54,2020.72,1543,47453.11
4748.27,983.09,2296.43,754,33851.21
677.42,736.26,788.84,1936,33277.9
3675.09,1611.94,2889.32,864,36327.76
4663.62,2623.81,2024.6,852,39736.58
1312.59,875.78,2587.03,422,21030.51
3055.75,419.9,1758.18,1541,40372.0
4619.7,1197.93,1418.55,977,37289.57
652.76,2293.43,2938.39,1000,30489.27
3638.39,1741.93,1871.73,1511,46024.69
1838.07,2487.02,2640.56,893,27973.28
4659.78,2886.86,2873.89,996,40412.56
4869.76,2419.45,2123.46,1793,61022.25
4749.2,1890.65,1782.13,492,34965.99
2633.96,1581.36,309.48,1529,38975.04
4379.19,312.19,408.05,1321,32497.56
4300.47,2956.1,842.3,191,18263.25
1935.95,1273.75,802.22,451,16606.65
4230.12,626.24,987.85,1969,45016.02
666.53,2066.78,1123.32,872,20996.2
3183.21,996.01,1272.18,271,23785.96
1535.04,1840.18,1435.45,786,31674.73
1042.55,1842.95,566.94,1939,44121.84
846.29,1448.04,414.38,1257,23340.2
3633.3,2541.13,2119.65,1437,46621.16
2029.44,941.91,1750.8,1890,37754.75
3761.45,1456.17,1499.19,1043,25480.82
794.1,1705.54,2012.99,1261,28503.15
1918.81,2058.15,2534.73,162,24253.96
2927.71,2395.12,1454.77,1254,35835.57
4058.25,1305.46,2031.02,1272,43542.51
1934.39,2008.93,2874.65,1975,42141.92
3316.51,621.71,2566.99,1143,37016.45
4486.9,2811.41,1450.2,647,33803.34
3271.38,1272.56,2040.74,953,39373.73
1548.32,2242.66,778.09,534,19075.66
609.8,256.96,1813.41,1472,24397.95
4415.44,774.52,2949.59,1995,58444.64
595.71,1563.83,1699.45,600,14618.86
4436.16,2659.11,2804.62,1716,53141.78
2880.22,1676.31,1399.8,1083,29851.03
4725.8,2803.64,2996.88,52,33387.23
4094.52,1554.63,1863.89,1551,50669.85
4990.7,1573.26,414.13,1887,47301.89
2078.2,535.29,1884.24,711,24430.29
3952.35,2447.44,1041.35,116,26871.46
2308.69,891.5,387.7,754,22982.86
2659.44,2718.91,2516.3,1170,45118.5
3323.77,2750.31,1044.47,1604,52237.56
4431.55,2841.27,2450.68,1391,43008.57
4928.38,1656.65,1078.19,147,31430.07
3957.23,2095.86,824.68,1130,40191.41
2379.95,2379.84,2929.63,1936,48768.97
2396.11,566.84,1276.44,1180,28044.31
3819.12,1882.68,1923.72,137,15590.43
1574.5,296.03,1946.95,1021,25406.08
997.13,1593.19,1813.28,702,22196.16
2095.8,633.56,2769.68,705,32981.55
1792.58,712.18,2120.99,961,21857.73
1833.39,1222.13,1390.08,420,9770.57
1551.23,1410.82,2628.43,424,12997.85
689.42,1944.88,788.87,101,18276.39
580.43,408.4,1769.44,1797,30014.4
4944.75,1610.34,2866.49,90,33424.49
2424.98,711.35,1988.57,865,25871.78
2229.47,1807.13,2505.81,140,13096.65
3558.41,1984.73,2064.61,88,31815.8
1482.14,1758.79,2566.3,1086,36070.55
4774.83,2267.23,2850.12,949,39817.71
4038.55,1139.71,1036.89,1681,48769.37
902.35,2342.3,758.08,670,21291.67
2379.11,1411.75,1606.78,153,18690.86
4456.03,1555.72,2195.03,1939,60482.77
4751.29,2014.69,913.42,792,27648.58
2603.31,251.4,311.07,92,9775.59
3260.35,2031.18,1225.92,258,22585.69
1251.65,1932.04,2915.92,649,24697.06
4960.26,1067.57,2176.41,654,26528.37
1542.52,440.22,1383.58,1759,39261.38
4742.29,454.62,819.96,525,20960.07
3423.41,2785.03,1261.44,1711,40709.73
3234.82,2129.98,758.57,158,19312.17
2807.1,555.89,587.03,1632,46043.29
1538.01,1198.82,2748.2,263,28690.78
1294.38,1858.95,2993.66,1677,40925.39
1492.19,2539.6,743.11,1766,38524.29
1338.97,322.25,447.21,458,13776.91
4008.13,862.57,1190.27,1626,43936.52
2075.56,2691.3,1546.48,820,36287.87
760.29,225.66,853.02,682,8455.74
4860.96,763.92,1113.85,126,28351.28
4477.04,2885.27,842.35,144,19785.53
4674.89,1917.53,2390.5,318,26965.32
4977.09,932.68,2223.96,410,28837.22
1282.53,387.58,2014.37,579,18732.05
2283.09,278.94,1345.49,1878,38538.41
3912.07,885.29,2754.41,732,31331.67
3632.09,2668.16,2917.74,211,27051.65
1192.53,1364.56,768.83,514,9023.48
4171.25,2216.93,902.13,872,37845.01
1509.98,2771.2,1719.2,1637,43718.86
1507.18,1342.51,546.38,597,25358.08
2916.38,735.58,1478.41,1260,42176.38
3168.23,1647.93,1870.84,1955,49327.19
3110.39,2742.63,1709.6,1833,55169.81
911.69,2452.25,1193.45,101,13094.85
4448.57,384.32,1764.6,537,19566.52
1695.2,2139.2,2888.76,1604,44254.9
1082.82,1801.31,856.25,1469,35593.66
4499.37,2740.9,2068.04,141,28022.1
4800.43,542.95,417.17,700,29010.96
4379.57,1695.3,479.32,1889,51375.52
4142.82,2662.5,1789.94,406,28504.97
3448.59,1348.07,583.34,1805,45830.96
2978.86,1549.59,360.34,1684,35846.3
891.44,397.29,763.09,1821,28414.03
2338.04,978.8,1825.09,768,18030.94
2177.1,1108.62,2199.02,1217,42838.1
1668.89,2846.34,846.69,248,18912.31
3755.39,991.47,2104.3,864,37446.42
2731.44,1490.43,792.69,1396,30140.56
864.71,2079.65,1956.34,1872,38368.68
1490.82,654.11,1412.29,1405,32576.62
3574.66,1562.04,2065.26,1337,46774.64
842.59,2267.91,2986.64,266,13860.71
4330.43,2627.19,2832.11,1774,50508.53
2728.16,1953.53,311.56,605,20507.55
2662.64,2073.35,2690.68,1507,40355.37
3165.84,553.59,479.53,852,20886.69
4211.06,2848.17,2873.23,1533,41972.75
2065.14,571.21,1060.93,750,22643.89
3551.07,2369.08,1331.49,552,32292.94
3045.79,941.49,547.42,518,16028.13
1701.63,2814.06,603.14,1779,37871.38
4453.83,2215.89,2262.2,1855,51832.8
4088.42,2310.68,2849.7,415,38957.78
3463.03,813.37,1949.02,1845,30249.01
4327.62,1440.51,2232.8,1986,53874.31
4402.82,1929.88,2357.32,1312,46718.58
3687.63,2355.93,1009.6,673,27249.14
4266.56,491.09,422.12,1654,39878.41
3638.62,2894.62,305.06,969,37406.13
3560.63,2692.62,1246.75,610,30499.47
3283.75,956.98,951.95,872,36890.31
3887.22,2503.73,468.26,1016,36930.85
1213.72,1651.31,784.73,712,24799.48
4463.92,1493.06,636.15,800,34818.96
4423.3,1080.42,2770.17,1922,54131.52
631.61,1826.71,678.72,1469,26287.94
4216.18,2243.69,1751.65,1468,46166.89
1079.91,1350.61,1901.39,1700,35015.24
2008.03,1961.81,1767.42,1148,28280.95
3845.79,2158.08,567.45,1171,42373.92
1223.42,2191.14,1160.76,432,8213.07
4180.85,345.51,438.43,1696,48301.29
4244.6,2607.29,1368.31,1942,41834.71
2783.6,1483.11,809.22,1443,35742.74
528.74,934.77,1816.41,1358,31723.45
1791.67,876.94,2170.58,1329,25324.06
3276.17,1552.44,1736.72,1903,48561.19
4915.34,2683.13,1472.44,358,33431.49
3343.16,1259.37,1345.8,1702,44005.42
1669.12,2299.23,2572.57,225,16998.34
3353.03,471.09,892.29,277,15953.91
2929.93,1532.96,2282.39,396,15375.28
4009.3,2976.72,2345.2,1691,50026.69
981.41,2357.23,1431.84,1415,37565.94
3924.63,789.48,1102.71,1969,44524.5
2935.7,1604.04,1570.46,1312,34299.69
4833.46,854.15,551.68,1685,53194.05
2038.42,1346.77,424.01,1070,26646.74
3346.8,2384.24,601.33,1761,47287.07
4694.13,2359.43,805.29,399,32665.8
961.29,838.68,1661.28,504,14445.6
4717.53,2782.23,2592.67,490,38169.08
3595.49,1859.19,936.23,810,36010.43
805.27,1263.79,2824.94,1661,39179.84
1854.34,1605.42,2878.25,564,27976.17
3686.77,1894.2,2889.04,1154,28570.72
803.08,1767.69,2561.42,1434,26484.41
3119.77,1561.93,1282.33,337,19314.0
2056.47,1613.81,496.25,57,9187.04
3294.12,693.95,1835.81,136,14114.94
705.84,2475.65,1808.44,1047,31725.21
4421.92,1716.93,2594.93,335,28957.61
4880.7,567.02,2989.18,1472,43652.86
4859.95,2345.24,1672.02,123,26300.11
3873.43,2810.84,1232.05,1512,43585.13
1085.39,2852.46,801.93,1196,29478.4
3912.18,1233.25,312.96,1450,46209.23
610.64,579.45,1674.61,855,9773.12
599.56,1651.52,1799.9,1216,33494.84
1956.25,515.31,2527.33,207,25895.92
2698.89,2815.16,1662.36,479,32842.61
3966.83,714.02,2774.46,1521,37077.85
3574.83,907.74,1995.83,1483,37260.92
2506.56,1338.58,2568.91,1444,42430.17
1731.32,1272.86,700.41,1182,26950.84
4987.06,2425.06,2609.41,895,38271.12
2417.82,1477.69,2122.89,1780,41342.47
2531.24,678.15,759.63,85,7335.46
1236.31,948.19,812.36,1163,24750.56
4076.64,1625.52,2801.55,1070,32200.48
3621.57,612.87,386.98,1023,33813.28
1493.46,1912.64,1548.84,1488,30539.45
870.71,1784.09,1146.38,1067,25681.11
3562.25,2201.17,2095.71,1369,39458.8
3445.3,2825.57,2567.0,1915,53685.8
1729.67,2754.31,1273.02,762,30835.21
4778.89,2849.01,1452.64,1119,44664.0
1179.76,885.2,2951.18,537,14702.56
2445.51,568.38,2416.57,668,20254.82
4746.27,1046.37,2722.45,219,37893.22
2388.77,2706.24,1484.66,195,25387.33
3373.37,2921.75,932.01,917,33871.82
2289.17,2606.11,1412.03,469,21167.83
1733.97,508.05,2233.45,1763,29421.86
4927.9,2852.8,595.46,622,40921.21
2342.0,1385.4,1030.27,1076,25897.93
4523.45,226.07,425.92,1667,47249.85
1534.8,1438.7,1467.34,1336,35338.29
1458.97,328.99,2534.1,848,28552.5
640.1,1722.86,366.59,370,16848.46
3432.5,1147.95,2123.37,1680,41926.84
2158.37,1525.62,2817.74,1649,40021.86
4389.61,1916.88,939.71,295,26406.23
2629.44,2632.64,2172.81,1662,42768.07
4856.87,2053.32,2932.78,526,26041.59
1334.86,1415.34,2898.15,1332,21317.71
4408.8,2494.4,934.31,1166,44820.44
3994.69,2735.63,570.89,1876,49561.64
3969.15,535.33,700.36,832,33511.58
4301.52,1689.41,2195.5,582,29252.57
3924.61,996.63,2259.55,1647,43937.41
3317.99,331.77,2120.44,1412,40914.09
1090.6,2071.93,1207.41,1997,48799.09
646.37,2615.76,758.4,1333,28910.61
4643.82,656.13,1868.05,286,19621.79
3274.93,2474.76,1605.94,1214,44593.75
4084.42,2589.51,2267.85,1024,38192.09
2666.85,2760.15,1491.67,728,27346.2
1027.89,942.8,1214.33,1553,28990.68
1063.34,2731.07,1092.39,628,18506.38
3585.04,1097.86,870.97,1423,41880.54
2436.38,1746.55,1017.52,1643,32592.55
1402.36,341.42,556.04,1797,33996.74
2712.18,322.87,1236.51,179,15814.02
788.94,2217.04,398.74,1610,30604.76
3118.87,1444.54,803.32,60,24760.4
1710.47,917.62,2316.28,306,20417.19
4089.02,733.16,1178.77,865,28481.3
1896.63,2075.87,2104.24,418,20715.0
2548.49,201.12,2235.59,993,31532.01
552.29,2456.5,1869.2,1467,33459.39
826.01,421.9,2888.48,1666,39536.42
2266.22,736.17,357.89,1871,41318.56
2659.72,1281.46,2294.36,1492,39294.76
3200.09,1557.6,2888.72,931,34214.44
1812.48,1193.99,2628.13,68,29605.09
3627.42,1097.99,753.31,159,13967.0
4370.55,2898.96,1182.41,1510,42010.72
4009.33,1996.42,765.62,554,27644.16
678.28,265.61,1923.53,1107,29054.37
2662.28,1404.49,2222.91,1361,24013.61
972.19,2650.02,1156.1,1917,31445.59
1589.2,1044.08,1756.67,1052,24374.99
4939.98,464.76,2165.49,304,36350.64
1141.23,2323.48,1437.62,687,22657.4
2745.0,1896.84,2605.84,1794,39143.57
3281.7,1796.88,2383.18,183,26232.27
3661.09,350.01,474.6,548,30893.01
3018.42,593.4,1977.04,446,18094.99
543.97,1943.14,935.38,1560,34139.17
1969.08,781.91,1805.3,1671,37096.27
2829.7,1611.4,2883.6,1660,45637.52
895.4,1725.67,2673.47,696,19319.15
2077.82,993.82,1392.19,1886,43158.85
649.41,2855.59,1087.09,734,26775.44
853.6,2558.9,932.9,1286,34133.5
2286.15,2222.65,1737.79,1906,36788.59
1097.22,418.38,608.47,1423,19917.58
3053.93,497.16,1783.04,68,11794.29
3602.59,1579.79,303.6,1060,34634.23
4102.64,650.0,1174.39,168,22904.51
1400.68,2939.14,893.82,1888,37254.12
1253.67,643.86,2922.29,351,16583.59
970.56,1564.91,2263.55,1358,35593.61
3363.94,1219.54,1244.06,276,24161.38
3679.14,1990.28,550.68,1580,40511.43
642.14,561.3,1695.36,1574,27621.46
4712.96,1404.89,876.31,1285,34267.78
733.87,969.17,1748.36,405,22156.87
2935.83,2685.7,2555.48,750,34482.09
3690.77,313.64,1962.64,536,16129.89
4419.36,2758.44,2011.23,1394,52648.1
3713.39,2532.38,1760.78,1736,51533.21
4107.78,1033.2,2803.62,272,30686.01
2027.53,2410.01,2816.14,1713,40125.72
4166.71,287.4,1684.35,1833,42809.3
860.52,2907.22,1125.55,1636,32979.46
4526.67,1674.47,1540.88,1264,51926.82
2964.17,1049.19,803.71,1044,27431.83
4177.84,1215.23,2018.13,549,23905.78
2535.43,385.93,1650.25,1568,32220.14
3396.1,2970.18,578.91,1310,38921.75
2868.81,310.02,833.65,1095,36114.04
3792.15,2033.74,1595.01,1695,47690.2
867.33,1439.66,2696.49,1400,37470.24
771.58,2856.97,1829.25,1618,38591.67
1611.96,888.8,2140.14,1200,27797.49
1217.95,1689.84,1215.38,414,11450.27
4423.03,1550.6,1842.81,1941,59118.8
1486.46,2168.03,1507.93,1117,34792.42
4891.39,390.43,2079.65,568,34638.39
2016.03,742.61,436.55,1201,32300.09
1319.53,800.78,1631.91,1676,30408.26
4053.64,2266.82,1099.18,1203,41223.89
3464.18,729.59,1180.7,578,29688.64
2741.88,1805.78,2894.48,1394,43757.82
2999.14,802.68,793.28,235,18004.39
3736.41,2612.55,1140.36,1695,57060.94
1528.05,2838.12,1676.71,847,30676.85
4983.5,1651.78,2630.17,1031,47298.4
4886.57,1186.46,1425.01,397,29090.82
3426.47,855.36,2308.44,1554,38609.48
1397.94,339.39,2612.21,971,28388.65
3561.03,951.8,1137.04,1748,46380.69
824.89,2031.86,1360.43,1660,36841.16
637.94,1694.13,1262.7,1784,31020.93
1659.57,2843.32,2548.71,1997,51838.05
2581.8,1309.58,419.74,970,23789.5
4407.23,2142.82,1132.74,1006,41761.27
3772.26,1570.1,2134.4,410,20825.54
3842.18,1635.21,1826.7,1360,36383.02
2414.72,949.77,1477.98,231,17809.9
2056.71,1473.86,1757.86,1524,39189.55
2169.67,1518.2,833.48,146,16118.42
4944.42,2178.6,1462.93,612,31705.26
680.49,2833.79,1654.6,363,23312.9
4401.64,1122.1,2733.21,1619,46806.6
3104.04,318.16,1004.25,1004,28986.96
2473.77,1589.63,2643.14,70,16543.36
3763.66,1724.49,2039.45,1769,43370.16
2690.01,671.63,354.92,854,30164.89
4430.4,2329.3,2256.5,625,30897.66
4553.16,2957.8,395.99,1570,56730.15
2397.74,2848.17,2992.93,452,22613.57
1745.73,751.9,2656.12,1197,30972.38
3165.58,2651.02,1102.83,662,30103.52
4605.64,2172.58,995.01,1192,40713.88
1447.98,1470.77,1329.89,1926,43081.57
3303.35,1713.71,1261.65,1663,46768.02
3342.02,2578.88,1305.31,1019,38449.13
3799.01,1544.38,1159.35,742,24822.59
1092.05,1244.98,1977.06,1784,30584.07
3721.21,1581.09,743.51,1550,35436.16
4590.65,1821.56,2584.15,1008,38168.19
1308.57,729.42,2493.49,921,34006.28
1568.94,2722.54,1586.5,1775,41397.33
4871.28,2087.72,2602.37,889,49857.52
1314.4,1973.15,967.29,152,13398.95
4344.73,478.59,347.43,382,23493.46
2715.25,1891.69,1971.86,1951,49410.2
1612.54,538.69,1536.36,1860,35440.76
4418.37,420.35,1831.34,1532,42955.33
2503.87,1676.47,2728.22,1203,26262.27
2816.68,1327.8,2918.8,802,24663.23
2116.55,1848.67,2013.02,183,9335.75
3168.28,449.82,2362.95,1230,37260.22
1235.86,1406.75,526.28,474,9189.23
2259.87,689.4,733.93,1508,40398.94
4862.36,2963.88,2279.65,1462,51762.82
1661.6,1771.22,1464.69,986,32119.69
3455.31,2124.82,1504.11,1391,37479.73
1963.36,1111.17,1133.24,1743,31870.57
3980.63,465.27,1939.86,554,24134.18
1088.93,2932.44,799.95,920,32102.95
4864.19,1001.53,1992.67,239,36380.41
2542.05,1386.66,769.26,661,26159.76
1562.23,2019.62,472.33,1484,27371.2
830.74,269.15,1191.97,101,1747.08
1263.91,2468.73,924.08,1634,29513.4
2838.98,1702.42,2700.28,1519,40082.69
2016.51,979.01,448.37,661,18865.87
4229.98,372.5,776.86,1517,38852.11
2438.99,655.0,1781.54,1455,28966.21
1619.21,2706.09,1598.88,1836,36834.92
3277.15,2120.87,423.8,423,24732.6
3680.5,899.72,319.58,1639,42791.52
1251.69,383.68,2967.78,424,9452.35
1254.29,2133.72,2078.85,438,21797.63
665.02,1802.74,1286.6,1722,39483.01
3813.81,1332.65,1570.17,723,18155.1
3487.12,1218.11,1019.69,1939,53802.67
2635.84,807.08,1231.16,853,29268.68
4298.77,2074.91,2052.42,1552,51378.99
4125.52,2917.87,2683.59,453,27520.26
3134.09,692.0,797.15,642,27429.24
4407.22,1871.93,2568.98,1541,51374.83
1426.29,1387.72,628.2,781,18088.74
1003.64,1450.73,880.48,1670,37580.73
1713.87,911.61,400.37,554,16650.7
756.89,2510.38,680.19,132,9386.87
2890.26,1558.72,2776.72,368,22350.15
4714.73,1721.54,1540.48,1140,41111.81
677.05,1053.33,509.7,463,11362.62
1049.49,709.06,2891.26,502,12699.16
2534.9,440.55,2673.28,795,27203.4
4702.44,2199.53,2337.64,247,31926.28
1922.7,749.46,2820.38,308,17562.5
2782.56,2132.21,894.35,1762,35124.6
687.08,1293.05,2558.2,347,11377.2
1167.54,1364.17,2162.98,1353,26576.19
4939.84,1513.7,2648.35,349,38596.31
4843.03,1229.58,2451.66,178,26594.89
522.23,481.74,1235.54,547,11463.18
4783.15,1066.97,2390.88,1956,49144.01
3376.04,2058.46,1008.63,487,25470.9
4405.63,2064.2,1187.2,1765,52856.77
2546.33,1001.43,591.35,1365,23751.26
2820.18,1488.29,2824.71,256,22418.32
2699.81,741.65,1085.71,343,15450.83
3500.89,789.04,1705.68,1923,47507.59
1128.43,264.53,1356.6,1760,36713.62
634.88,2710.89,2891.81,78,10975.14
1885.68,789.98,1204.63,228,6831.37
3671.06,837.09,2402.07,90,17903.04
1408.34,982.88,2609.62,1543,40393.14
3530.45,556.74,1476.14,1265,38840.1
4864.6,1989.94,1321.06,393,28190.09
922.55,410.4,2318.91,1822,31316.54
3526.71,575.77,2764.82,865,27451.68
2496.88,2005.32,2338.32,786,22461.83
4406.64,1151.05,913.24,675,33790.94
1297.17,2182.25,2698.43,327,23630.59
3616.82,1760.79,1346.47,1428,38689.16
4271.52,916.86,1855.82,578,25911.11
4750.76,2022.32,2544.88,135,23877.64
3574.62,525.57,808.67,1974,42311.34
2737.29,1701.95,2418.18,366,19061.92
3280.31,1424.01,1909.64,1930,45933.86
4410.07,950.05,2712.02,1975,54906.79
3067.74,1891.21,764.32,742,31496.46
636.74,2639.73,1435.84,1410,28299.39
4689.27,2996.93,2548.68,912,42301.31
3602.87,1901.74,351.93,1218,39857.99
3544.31,1333.18,602.94,364,17622.58
1470.54,830.58,2974.53,274,15859.03
3464.98,919.87,1057.06,1496,44479.77
2272.39,1542.47,2933.97,1127,31473.59
3430.55,1228.38,792.84,1967,35813.29
979.67,2758.68,1274.95,1889,28431.94
3460.3,1231.23,2332.75,117,21666.86
4997.36,1245.64,2076.0,1692,49382.33
716.95,1273.9,1869.03,1407,30362.76
4897.28,2542.54,1730.73,1070,44832.91
2331.09,2022.21,2577.29,1150,26766.48
4418.39,1919.67,934.36,1612,42106.61
4020.73,1135.6,1494.67,905,34736.16
3051.57,2490.13,719.72,1228,40615.84
3823.02,307.42,1909.04,1145,32422.77
4453.32,2638.23,976.47,1574,40594.04
2318.63,1635.7,1201.37,1520,38636.63
1971.65,1315.1,1572.38,1765,39200.58
3504.17,1592.07,372.28,1632,36357.88
4135.31,2068.76,548.23,1827,38410.82
3930.28,235.74,2152.01,1432,41334.72
4090.16,2640.35,1458.22,1350,40621.14
2460.12,1450.87,2634.93,932,30748.26
4180.25,1160.31,2175.61,1386,42028.27
1040.94,587.09,321.87,1178,17608.74
2950.2,1430.5,1965.12,1020,34078.56
525.91,1589.7,553.06,1168,20176.58
1960.64,1330.21,2408.52,1292,25380.14
2149.08,2100.25,2977.07,1755,35182.57
2282.78,1378.51,1734.24,1951,43179.46
3629.6,2891.97,2143.5,1868,59363.83
2248.51,1877.98,940.75,1201,32477.14
2519.12,2460.94,1481.51,249,30136.16
1568.95,506.2,2611.46,381,23001.55
2179.63,1312.42,752.04,596,23727.36
1522.71,1143.17,1016.95,1939,46708.16
829.38,1794.55,1502.67,1729,42972.63
3215.52,2611.12,2223.07,1365,47601.62
3506.96,419.35,1314.89,115,7329.76
3287.71,403.21,2804.88,780,26518.11
2585.72,2580.89,555.03,617,22729.06
2209.04,795.98,1301.17,706,27967.44
4385.0,2072.51,2214.18,453,29066.29
2835.87,1720.06,910.16,1798,51565.45
2656.32,2532.1,2072.32,1679,44566.6
615.39,550.25,743.39,667,14451.87
2035.62,563.39,451.15,645,17025.3
2210.88,1759.09,626.74,697,22947.55
2294.7,2849.86,2810.96,195,23652.93
3110.78,1361.99,1789.73,810,28668.59
2901.21,1115.44,2450.13,1603,37938.27
3235.57,1898.73,1198.17,1475,38175.61
3941.97,2805.26,1900.18,174,35646.94
4158.44,2543.4,1636.37,1587,57432.26
3731.55,2987.35,2853.49,1405,43570.21
4799.86,263.19,2318.45,529,32498.43
582.05,516.0,2272.47,1051,17834.89
1381.0,1906.51,425.15,761,20462.76
534.03,2497.61,1784.11,1723,31410.77
3413.64,998.68,1560.88,764,33176.27
4541.14,869.79,2805.17,1471,46183.22
1595.67,2403.53,994.82,1867,44890.75
4671.66,357.87,1028.55,864,35988.39
771.2,1234.27,1410.63,1103,20044.86
4704.96,1616.27,957.1,105,22094.35
2082.3,1768.98,648.8,1704,40805.92
956.39,2240.12,2615.02,181,13744.89
2686.42,1193.57,1807.35,280,19460.41
1655.49,1915.52,2625.68,444,16969.88
1781.93,1839.05,2544.06,1225,39462.62
1882.8,1733.33,1061.51,1575,41034.59
4113.62,1993.35,1778.89,1031,43764.11
2926.23,926.46,524.69,1012,31941.12
1900.88,437.02,2771.18,982,20462.77
3246.5,533.96,1391.51,1579,35815.01
3722.68,828.83,1362.93,1459,35361.96
1726.81,1600.55,1117.44,957,24934.93
2360.97,2553.24,1543.79,582,31283.83
1048.49,2163.62,979.75,1014,18749.75
1315.17,2409.31,1312.1,497,17460.49
3565.03,1182.73,2459.86,1653,41563.65
1316.47,1333.03,2552.49,175,7458.03
2863.24,1302.31,1121.29,604,25097.15
3690.71,737.24,1566.34,743,26296.47
980.95,371.41,2659.31,538,21293.53
3052.9,1854.57,442.22,661,24947.99
1654.53,2969.81,2700.69,940,33741.86
4833.17,667.12,891.8,495,27854.12
2675.96,330.72,2132.06,1543,23587.79
4126.97,2382.69,1872.89,1422,37517.67
2976.02,907.24,1792.94,557,25380.57
695.36,2523.0,2620.27,506,21922.29
3349.18,2171.02,574.24,1035,33671.72
4781.32,2847.89,1236.98,1981,62558.75
3207.25,1345.0,1753.28,1825,47020.18
4186.35,2053.52,2490.48,434,37752.13
4478.93,1501.59,884.4,761,20058.65
1526.36,1965.65,2467.91,978,37148.31
1454.2,1458.88,1379.02,1521,30608.62
3249.41,728.17,810.07,1701,40023.21
2349.63,1622.11,2349.26,1188,39338.58
4279.38,1680.04,545.43,501,17277.63
4550.1,2469.69,1689.87,703,34146.66
2090.4,2259.46,472.46,1192,37133.92
1565.92,2058.62,1262.33,1166,27164.4
4012.36,517.48,1922.91,1983,52113.4
1736.63,2217.73,1801.51,570,26381.57
4201.76,1600.85,1392.57,1658,46575.46
2406.82,2703.48,1458.43,587,29543.23
3503.97,2775.64,912.28,1506,50193.59
929.91,354.44,1530.88,1824,36456.68
3307.37,2497.8,2873.79,1947,55868.83
2532.95,305.55,2596.22,194,11339.86
3139.74,1228.07,692.13,1141,35283.21
1256.06,1718.44,380.41,749,23346.16
3815.93,614.68,2820.52,1951,53345.95
4382.59,2289.68,1722.22,180,20726.85
1475.33,223.39,1752.16,782,24989.79
930.72,672.08,2407.94,1354,23943.05
606.37,1826.23,1149.66,1862,48248.55
3388.87,2200.29,1601.15,1725,41375.88
3231.92,2766.6,2915.39,1639,41307.8
2960.14,2175.39,2114.8,562,25966.82
1543.76,2080.98,715.11,689,27664.86
2259.08,1304.16,659.71,50,14875.32
3175.14,203.6,851.51,1758,47472.39
2735.45,536.45,2370.12,481,19632.8
4945.03,1696.75,1097.52,440,27525.69
1113.98,2090.36,357.75,1339,26593.96
3628.15,1368.86,2849.27,448,24038.92
2319.43,2245.9,758.23,857,21185.33
2426.9,1661.21,325.81,1329,30227.4
3729.19,407.69,940.26,444,15929.6
3615.96,737.65,934.58,1001,34452.63
4960.65,2552.0,1439.41,223,36981.14
1077.77,2229.76,2785.05,1118,31235.78
968.49,2705.33,2673.8,904,24363.7
3759.52,529.16,1533.62,1214,38411.69
3102.74,2972.62,1409.43,588,29497.94
1733.72,786.34,1798.52,794,27412.23
857.39,232.98,957.33,770,11624.87
885.46,2992.78,440.9,99,9112.96
4523.86,987.01,2835.91,1134,42641.03
1363.4,2070.45,804.09,292,15812.73
1955.17,694.71,835.68,1342,34555.48
1519.95,1824.64,1575.64,1213,26221.96
2097.48,2731.3,1627.36,1230,37559.92
812.41,1096.51,349.77,646,18755.82
2835.77,2076.71,699.48,1669,33928.75
804.26,726.13,1321.02,325,11291.19
4101.6,1949.43,2146.07,1104,28868.33
1551.7,1142.06,916.73,57,17933.06
2930.05,791.38,1442.14,1865,35588.6
4460.36,1076.91,1804.83,764,31307.94
3428.95,700.75,2699.2,82,18407.96
2898.31,2725.37,1180.39,859,27265.91
1959.5,1312.12,660.61,1728,46490.94
1998.51,886.78,1621.04,1525,30839.54
3512.69,1455.54,2316.15,1522,40630.34
4973.63,1097.5,596.62,977,32404.16
3478.28,2284.37,1446.65,1980,46516.24
3010.03,2919.42,348.02,911,32247.2
3787.93,1426.49,390.61,86,22525.94
2593.43,2610.89,1603.97,1732,45092.92
770.64,1784.42,1105.13,1813,32422.13
3030.34,640.26,2581.79,83,16710.61
4809.31,2133.74,1925.82,504,25843.01
1288.86,1637.62,1525.62,493,24238.4
3605.02,2021.7,1401.43,1310,37080.23
1404.2,2691.12,1642.56,261,16073.6
2911.22,1433.22,409.18,1894,33372.56
935.04,2723.3,2710.54,1213,29812.04
2526.67,2301.87,2995.42,751,38559.7
3902.73,1568.09,790.02,657,31910.84
2064.07,1889.02,625.03,1779,45493.52
3492.1,1111.63,687.66,1031,32208.16
4079.52,2954.07,2084.77,410,18100.65
4672.3,2068.58,2085.89,353,30291.15
1555.89,322.77,2589.4,345,15637.72
2296.92,1114.54,2329.93,201,21449.04
1185.87,1945.28,1514.16,1296,30670.62
4966.18,357.73,1954.71,1269,35904.97
4671.5,266.88,2158.37,649,28926.56
2929.81,1460.07,1684.39,1372,35232.5
4289.15,1131.53,1584.26,1602,46729.64
2844.31,1427.24,2041.76,1561,39331.62
3306.14,935.54,1805.18,260,15306.52
901.06,661.21,2038.64,281,14500.97
3898.72,2129.6,1954.71,919,32044.76
1074.71,1640.8,2241.83,744,20625.94
4217.3,760.43,2035.57,1747,43217.85
4019.13,1094.85,1703.3,416,26602.61
3689.35,1857.06,2140.85,530,21775.1
662.72,402.24,1513.6,1655,30247.65
1864.08,612.87,952.51,621,24100.52
1684.01,405.09,303.83,1252,26651.74
2120.61,2474.49,1811.9,1557,36542.84
894.39,2306.75,1894.77,1662,34964.73
4716.31,2309.28,2924.53,1568,51481.24
2992.11,2205.71,1275.99,1620,45281.05
1874.86,2074.28,1364.16,979,36211.67
2286.42,1535.58,844.86,1089,21522.21
2512.41,1998.38,490.44,515,24019.62
3202.67,307.41,2386.57,1475,37985.94
2820.56,1940.1,974.14,343,21284.41
4637.26,2378.06,1944.04,220,30299.02
2736.34,1601.0,2156.99,1105,32075.7
4964.71,1201.04,1572.34,312,22312.14
4331.41,976.79,2666.15,1288,41481.96
1438.3,1999.85,1498.25,607,24782.8
4687.68,2139.84,1069.25,238,27014.96
1023.65,2638.71,2719.24,835,32055.96
4178.52,1158.54,2626.22,632,29313.21
2212.8,2355.36,742.91,1051,33299.13
4450.88,1771.8,370.09,1881,41289.51
4406.26,2671.94,542.96,649,44502.05
4126.66,1677.87,1073.68,895,32716.87
4055.14,1649.36,2925.1,1334,39890.39
1871.06,1818.06,1807.99,1255,31305.11
864.14,2298.08,1307.81,1578,29954.57
2313.41,2901.13,2699.53,391,19481.95
1280.86,405.98,1523.47,1003,22698.14
3627.28,349.62,1151.14,71,16691.36
2057.45,2825.14,2841.29,1147,36845.39
4890.25,1683.65,2593.7,1675,49897.82
3384.37,1921.73,2577.9,1920,48704.18
4201.16,1550.79,1683.17,215,18275.7
1096.36,462.24,2431.48,283,9857.46
4379.07,2350.65,784.25,1448,45376.04
4652.41,2292.23,1847.7,1506,44815.21
2691.78,1072.77,2956.38,690,27783.49
3228.14,1057.47,1085.59,1407,35991.07
3941.64,2545.96,2444.75,1877,51298.53
1286.77,402.6,1624.29,656,18456.47
2761.55,2667.09,407.48,589,28882.97
2293.98,918.65,2360.15,1939,46058.44
1158.68,1860.36,755.14,1108,36705.77
2153.9,2820.78,2004.98,1517,44916.72
806.78,2098.74,531.29,1304,21495.53
616.15,1360.4,2856.54,367,9479.18
1108.25,2130.7,1087.65,392,15656.78
4834.02,1163.14,911.45,1503,40000.02
2972.88,976.32,648.67,1949,45104.66
4846.2,2990.71,2854.21,1028,46663.7
2446.24,2302.21,2222.14,686,25547.03
1903.17,2005.22,2302.48,1539,44072.06
2777.64,1194.81,1648.39,128,24236.28
2477.8,337.65,1581.77,942,16586.7
975.49,286.96,597.06,622,7119.79
3383.72,1751.71,1811.57,498,31877.89
1472.17,2333.69,966.67,1802,44226.08
3288.15,1704.66,2938.29,331,27285.78
3425.9,2554.2,2450.77,724,32998.03
1184.11,293.59,1415.08,106,7738.95
776.07,1226.91,708.62,240,13284.93
4013.43,863.8,2420.4,693,30647.51
2569.1,1452.36,629.55,1536,43392.53
761.74,402.65,811.2,91,2725.73
4976.9,2871.57,871.11,1559,49979.86
760.01,825.12,1803.6,1246,30276.37
3627.66,2782.46,2425.05,728,35139.85
4926.56,1392.5,1148.65,1323,45731.14
1576.31,2959.47,528.61,1583,41476.04
1140.12,1751.36,1554.25,551,16900.12
1046.23,2806.33,2319.9,1266,28190.07
1864.74,214.98,898.49,839,17052.81
954.71,2295.07,893.8,1980,35121.41
3614.73,2728.54,2857.51,799,26425.56
780.31,591.22,2876.22,791,25161.77
2792.4,469.15,2974.26,214,8436.02
4985.14,1388.8,2480.68,804,45680.75
4162.87,2814.3,808.1,139,22865.87
3268.49,1718.68,872.35,1764,42367.06
1878.14,1676.88,1218.61,1036,20696.62
3307.53,595.15,1158.96,1131,33521.36
2871.69,202.21,2882.62,1336,32811.79
2417.38,2468.39,2430.5,697,29049.41
1088.2,445.21,2254.82,799,15810.45
4489.72,1974.78,802.1,868,37630.0
2524.03,2760.93,2755.72,292,20131.99
1375.8,784.23,2535.25,712,21127.28
2154.92,2062.76,741.83,907,30123.05
2363.58,420.36,2652.16,1949,49123.68
4223.92,1890.51,1035.07,1832,52828.74
3801.26,659.01,518.35,268,20241.05
3961.87,2260.67,2073.42,58,23514.68
549.64,1043.45,2065.27,479,16075.78
2372.69,1497.49,556.32,1879,45183.53
2666.05,1878.41,1160.9,1952,41542.24
586.37,679.57,2980.6,62,12977.86
1669.16,2276.59,2131.75,1848,37809.64
3921.3,1047.39,2271.2,956,36004.25
1116.99,2054.64,874.88,1019,28704.45
2908.9,643.19,512.71,1298,28709.51
1468.41,2126.73,1047.63,1816,31879.53
554.54,558.93,972.03,739,14434.48
1585.41,1391.0,933.27,1832,24894.3
4891.43,892.18,820.44,1140,36810.82
4106.92,2295.45,1851.84,1882,45012.49
4818.09,933.7,1185.88,1742,62596.99
2695.34,2668.81,2514.93,726,36107.75
993.81,2697.1,796.66,1576,35987.2
2965.82,750.04,1554.49,233,24502.92
2544.7,1918.77,336.88,1054,34018.44
4299.61,445.61,1600.54,257,16254.29
941.37,1296.3,450.76,577,12993.17
2697.09,2197.3,2939.85,1373,44862.41
1175.22,2046.39,2434.6,867,20966.99
1961.04,1949.16,1623.3,1052,32025.84
3818.11,991.11,533.79,1314,39862.83
2642.08,1258.47,1899.6,504,21307.3
2191.5,488.25,2348.66,1815,39842.39
2275.14,2213.26,814.94,951,33562.02
2567.51,1610.89,1834.16,1603,43663.22
4032.57,2184.54,2498.37,1732,51449.64
4514.38,897.04,2374.27,293,25491.39
4799.01,1108.43,2468.08,1636,50338.61
4041.07,1135.8,2674.17,820,22725.31
1919.33,272.08,2831.74,287,22560.47
3596.61,1154.93,1394.91,1319,36618.04
2469.21,2449.25,1835.68,394,19938.11
1646.02,2712.44,2434.78,1557,42629.96
4283.92,1651.01,2182.28,359,30477.43
672.92,1475.4,2987.9,1634,29699.69
4557.93,286.31,336.93,1357,37851.44
2576.65,2661.77,1258.86,87,19473.54
3367.41,236.43,1058.78,1869,41613.89
3467.09,2845.3,1008.25,81,30646.65
4528.03,1569.81,900.83,1316,40963.79
3365.01,1157.42,2214.63,1626,41416.34
3262.7,2787.81,528.85,341,21573.1
799.93,268.29,2302.34,1688,27509.58
2832.84,1827.99,2172.25,341,24715.22
1175.76,1737.01,977.17,1692,33182.29
3818.45,814.1,982.65,807,27988.59
2805.0,1400.88,1997.92,1455,38953.31
3561.03,2026.34,2357.86,1672,46365.24
687.53,2235.97,2666.51,627,21946.69
881.56,202.01,2600.78,1211,25593.61
3723.46,2823.19,2905.18,1911,56211.26
824.38,660.67,1869.74,1273,39279.05
820.66,854.03,2753.37,1408,35834.19
554.49,937.73,2482.99,654,15544.5
4804.26,305.9,2715.6,496,34447.68
3818.79,544.55,331.39,1421,31334.22
2089.63,2961.78,2907.94,327,21169.93
1834.41,1082.61,1578.53,1043,30525.39
2073.66,522.84,2455.09,581,23762.2
3985.94,499.58,643.45,1874,47239.43
3476.17,2214.49,1369.04,1472,39138.53
1333.38,2592.79,1032.94,1464,32208.95
1283.49,919.47,1087.48,1033,24522.46
942.78,258.55,632.79,651,13286.57
3471.36,824.65,2475.56,611,31035.33
3939.68,358.24,324.95,1083,30040.22
1692.71,489.51,1143.76,640,16733.56
594.25,1408.22,770.91,1622,23148.78
869.77,843.77,1890.41,108,13671.89
4855.37,1644.65,986.48,1161,41809.48
1829.5,909.78,999.3,508,6339.78
3961.5,2833.5,1618.51,153,28261.36
3310.99,2736.64,2062.26,880,32919.88
2218.73,1787.06,627.52,838,29972.06
1425.59,1192.39,773.88,153,11026.36
1046.24,1267.21,967.37,1327,24254.0
3267.56,1353.19,2929.12,791,39250.57
3985.85,2237.22,1372.31,1408,50841.3
3397.57,1464.59,1917.27,1536,40404.67
2886.36,2598.84,952.17,1622,44714.81
688.78,2843.47,1624.24,350,15275.4
4858.2,1140.65,500.12,703,22810.22
4094.21,1769.94,393.8,604,35406.62
1817.7,466.16,1565.58,677,15712.19
4909.87,761.31,1376.38,1414,48545.57
3208.47,1357.7,669.58,1565,42795.84
3120.9,777.37,2156.52,1157,34478.41
3866.33,2654.37,2980.84,978,39006.82
4152.96,643.2,1368.25,1332,41465.43
3454.15,1475.85,1986.31,409,20088.43
1076.43,1895.96,2900.04,136,21268.33
2022.2,2137.22,2545.14,477,23987.12
4676.38,1272.59,1551.59,416,35507.61
1510.77,2633.48,2291.22,392,20679.35
2174.75,1791.29,645.96,396,20054.91
2444.35,1430.62,1682.68,1876,44039.64
2477.32,388.27,1053.46,1994,43811.95
3258.23,1501.13,735.14,145,27718.5
4743.84,2498.06,1450.96,1328,43068.82
1583.12,1920.71,653.74,1927,39968.89
1046.76,2530.05,2187.26,1209,31411.34
1388.62,1583.23,1531.85,1321,19369.21
4491.16,531.69,1734.09,1572,40094.17
3406.15,238.19,695.22,933,24968.48
1786.58,1049.01,677.38,535,31218.63
4171.76,2154.37,1875.22,1475,46301.01
4376.16,2412.73,2959.53,653,37886.05
4309.31,1028.11,559.88,461,18204.82
4635.17,1587.83,1071.47,1981,51356.14
1635.08,1379.13,2647.54,497,24896.89
3897.69,1349.46,495.13,296,35037.79
2572.43,847.78,2664.89,819,23438.67
4288.99,581.84,1715.57,748,20841.4
3778.21,750.73,1402.32,470,20181.73
3994.01,354.93,1136.14,173,15074.58
3452.73,754.77,1102.22,1333,31705.69
1298.43,225.76,1125.67,1242,29694.97
2952.62,1956.32,2688.97,990,35602.55
4931.01,1085.85,2254.25,926,31251.92
4718.25,2924.81,2108.25,1184,52074.26
694.28,742.41,2456.62,1363,37366.85
1241.67,1168.32,994.21,1672,25365.15
1092.78,1201.96,1968.72,62,16370.92
3766.91,223.66,1542.18,1336,34850.46
4180.03,2549.78,2412.59,849,32689.53
1460.8,289.58,1134.99,1096,16449.64
2776.34,2832.5,2036.58,994,32738.16
4283.16,2697.81,2681.97,249,26889.01
3797.61,1699.46,1385.81,1315,40175.56
2940.07,1722.07,479.88,1312,46098.11
3156.56,2030.58,1693.34,352,21505.99
2787.62,1283.74,1234.13,1238,26369.28
1838.97,2012.22,2115.01,787,24762.73
3042.6,325.35,2867.79,225,23586.46
3599.98,351.33,1611.14,1102,30808.61
4429.95,1480.25,1558.71,726,35667.36
3363.31,1738.94,2067.38,584,28731.45
3925.05,2685.89,579.44,1367,42764.32
1220.32,493.05,984.47,526,22659.15
2577.01,2503.41,2781.24,432,21005.92
541.99,788.13,2108.85,605,10506.05
1610.05,1303.43,336.3,1846,32834.37
3769.08,1086.49,852.49,1765,45458.55
4963.14,1320.43,2143.66,1369,44442.74
946.3,621.39,2363.88,1724,37299.25
2306.72,1610.0,2567.62,383,21027.43
4100.32,2444.6,1088.88,1321,41339.64
1418.16,1436.3,2813.78,1314,33717.52
2997.88,1573.72,1792.96,1179,43217.84
3798.82,2576.55,2180.66,947,31520.54
3271.93,2176.96,1911.19,980,29939.89
1346.11,1573.27,631.4,734,21089.71
2099.23,921.55,2900.41,610,32720.51
4027.06,2677.79,631.76,172,19572.39
2994.02,1815.66,988.18,1108,33318.76
523.53,819.21,2496.8,667,12740.29
3924.46,953.54,1970.21,1037,36315.67
658.9,2448.77,2563.0,889,15251.99
3855.8,323.61,1692.49,465,18226.54
1411.16,2977.86,1317.88,757,32605.25
4811.33,564.98,2788.98,1694,47224.98
2155.73,2428.99,397.88,686,21386.96
1971.19,1305.37,2611.55,1400,34459.01
1170.0,1578.21,923.21,1368,29825.36
1875.22,2665.82,2591.59,1505,42516.51
4444.93,1356.15,675.83,396,15726.55
4983.5,1704.98,1866.59,86,20562.77
2157.39,338.04,2697.89,1773,33555.47
2518.75,206.57,1578.56,561,22850.4
3749.32,885.44,2315.73,898,31819.18
4487.88,2105.63,2472.61,1973,61368.48
3168.7,539.54,2288.53,584,28253.11
2261.87,518.53,2798.39,959,25381.97
2356.8,1350.69,1506.45,822,25920.74
3630.28,2013.94,767.44,1779,52420.36
514.48,2193.8,429.09,1951,44889.3
3288.15,699.66,965.44,713,24842.7
2099.72,422.85,686.63,1091,20796.77
4073.89,2833.11,1806.46,76,14994.76
918.46,929.87,799.35,585,5046.95
3146.91,2589.37,405.12,1102,37640.98
2664.38,2617.78,397.17,1724,45251.67
3390.46,2363.06,2545.24,1057,34015.48
791.84,672.73,1896.91,707,24043.81
3109.93,2501.04,1266.83,1708,43993.15
3026.68,2353.9,2714.42,689,27834.62
3022.97,1870.82,489.53,1953,51556.94
3215.69,1144.17,2946.87,1190,41037.64
3544.11,935.02,1963.99,1205,35196.25
4122.45,541.29,795.35,1362,39916.26
1714.19,1627.32,2133.49,1791,43199.92
4212.72,1838.73,2361.13,1309,53237.65
2742.15,1206.15,1459.23,91,15435.72
846.76,1531.01,2626.41,1233,22997.82
763.48,1217.84,706.98,1837,37612.9
2004.07,1994.82,1052.86,1764,40634.25
4032.04,2723.53,552.43,1198,40932.53
3684.56,658.98,869.37,1333,35623.23
4048.77,1267.94,944.57,1349,31132.79
2827.71,594.43,2777.61,262,20131.42
2480.9,1949.84,510.9,1546,36150.0
1163.54,2240.84,1454.02,885,23821.23
1976.87,2809.36,1737.48,751,26144.34
2453.09,980.84,2726.47,1643,39052.93
898.7,2860.59,2993.78,1504,38609.89
1492.75,377.14,2334.15,1788,35755.07
3192.01,1888.44,2921.14,129,27674.11
3810.48,359.97,2425.17,1004,36095.64
4992.56,2702.57,2900.65,1301,47671.44
4699.01,1683.47,2209.63,951,32899.93
3391.54,2074.18,515.36,1168,38719.17
2395.62,2528.41,1385.18,473,22646.91
3362.8,620.87,2045.81,968,29629.48
4035.43,308.06,1246.94,565,18364.48
1032.51,2660.87,1038.14,214,17587.84
2344.57,1081.81,1858.98,1499,48917.77
4279.11,561.14,2820.46,1046,33091.2
2227.25,1511.69,394.45,1885,43889.46
3073.43,1875.26,2376.92,1042,40719.33
3144.96,286.72,2251.36,942,26026.92
1330.14,969.71,2902.67,1065,14702.94
2130.06,291.84,2812.92,1115,31850.42
2005.3,1376.94,2358.03,1870,42150.18
617.89,2706.28,1705.1,790,25192.99
608.86,2951.43,851.52,1476,33831.32
4242.64,1983.73,1772.14,804,40389.27
1728.82,652.59,2366.45,1797,37185.25
2831.35,2736.38,2718.31,465,38662.98
1844.27,1645.49,2432.22,1373,38066.23
4733.06,630.5,827.22,1128,41301.2
1666.84,2780.83,1919.15,385,21731.09
2433.46,2320.91,1196.87,1974,47616.13
4427.29,2248.77,324.86,930,27683.73
4288.7,2185.71,840.6,1503,41799.23
1337.46,760.95,605.7,1021,28241.88
4111.89,790.82,2575.34,734,30371.95
2561.84,2127.22,997.97,1862,38425.83
2673.36,815.22,1068.68,1407,30605.75
1100.66,1428.28,2891.83,790,19710.28
862.71,2389.61,1323.53,1479,33289.01
3775.73,2395.07,325.88,79,17326.28
2734.08,1469.13,1066.38,1608,46197.81
2465.83,2418.13,622.11,1590,41038.73
3782.79,2548.14,577.58,624,23450.08
3944.81,2033.37,509.22,270,31842.04
1215.09,839.59,1901.8,876,21796.91
3246.01,967.23,811.24,643,27217.73
1109.09,1081.56,1275.36,1567,33479.32
3881.19,527.05,2627.45,803,32344.96
3456.3,964.85,1445.71,1326,34705.94
4804.77,786.65,2772.37,1637,48554.97
810.31,1474.92,1644.43,1394,29102.99
756.75,2743.63,1376.86,1112,30473.54
1769.84,492.54,2326.05,1070,25486.18
1677.68,2216.75,497.57,1538,34295.66
1611.4,2124.39,541.59,1844,32587.94
4578.15,468.11,2060.33,1912,48460.61
1622.96,2783.2,1614.74,1484,38794.08
1723.77,1791.72,2434.12,1485,45490.33
3917.29,1218.43,2773.93,541,30962.67
2523.83,2318.31,1348.59,487,20624.57
3995.2,920.62,1910.31,528,21699.92
794.15,2141.83,1651.88,832,24576.09
2694.07,311.19,2950.35,998,25086.26
651.26,2550.34,2543.93,1057,25485.69
781.94,1454.88,2761.69,121,8198.85
4578.97,1982.74,986.72,631,30584.2
1126.6,819.47,2385.82,269,16816.21
2895.89,2095.81,1016.78,1077,23429.83
2349.93,2362.27,863.6,1935,51373.68
2063.04,1525.0,2849.52,1052,29669.38
4549.25,1929.64,352.12,1986,48367.5
598.21,1477.71,2906.55,339,19242.98
3487.05,2703.46,703.01,429,26021.72
4835.27,1594.03,2512.48,1975,48792.42
3020.76,2557.06,1044.99,853,24172.25
4715.7,2443.79,1246.9,1428,49741.07
735.16,1349.41,885.25,792,23092.4
2384.57,844.24,1880.89,129,12836.69
1670.71,1337.03,1239.86,115,19410.63
3788.69,2513.41,2074.96,185,25742.07
4915.84,837.37,342.25,448,33320.8
1654.39,1668.42,473.81,1776,32883.67
3443.79,2457.07,569.09,396,20156.99
1391.44,1189.74,1431.28,1921,36165.6
3043.99,1998.19,2499.95,108,18871.02
2587.7,887.77,2698.08,827,32940.84
4874.02,505.98,960.99,568,29615.72
3238.37,2424.28,1850.8,1953,45842.03
2072.78,477.11,2374.59,763,22940.94
1013.43,959.87,1079.84,1917,34145.19
1180.61,2594.31,1404.32,1026,24452.6
1513.93,1170.11,1714.73,1310,29884.03
1629.35,2924.53,664.16,1853,41529.12
4327.77,2943.26,370.15,128,21924.11
3025.5,951.17,712.58,1631,34690.8
2855.26,314.74,1992.5,1828,44758.66
1016.46,2174.18,498.77,1873,40455.92
4370.63,1462.76,812.18,1745,51260.89
3752.66,482.11,1212.21,164,16980.11
804.51,2181.06,510.25,1035,19621.37
3685.26,287.29,817.59,1535,34839.42
2945.92,2636.55,2760.43,1699,51627.15
867.76,588.23,352.11,175,-270.29
2562.35,556.47,2064.27,1675,45352.02
2681.13,691.88,1337.9,622,16705.9
1245.99,2888.75,2116.15,1014,34097.23
4755.64,2140.87,1889.47,549,28039.25
4324.89,2443.84,903.45,878,33258.17
3510.6,1313.38,2587.47,1175,26407.14
2580.33,1141.68,1628.24,675,33575.74
2352.94,856.56,2520.85,1247,35237.83
3429.38,1545.81,1396.23,501,28690.07
2954.44,1745.12,2958.65,1165,33787.92
780.23,1968.97,2380.32,1768,32966.53
2806.26,919.93,2908.07,434,26280.05
4128.82,2856.23,1688.68,1278,37629.11
2566.58,675.32,1578.97,412,18113.06
733.8,2903.83,2339.73,1780,33953.05
4038.25,241.6,2676.79,1890,46992.25
1406.14,1547.15,2903.19,547,11357.77
1663.79,1133.43,1176.29,586,11795.52
1241.18,1457.55,2456.5,1307,26678.97
1985.97,1797.86,868.74,65,17076.16
3905.38,1419.65,1773.05,1030,32564.92
2837.24,1361.57,785.59,1214,37813.44
1421.97,2251.63,1237.97,669,30305.51
4450.24,2120.45,2814.67,1493,45742.49
4458.12,2533.16,694.44,1529,39072.36
4417.6,899.89,2007.48,349,30453.67
1574.58,1906.68,1900.98,388,11243.08
2530.58,1838.55,625.99,352,15519.84
4932.45,1235.27,1180.14,1965,43108.18
3974.06,1560.96,1820.05,641,34894.78
622.25,1078.59,805.38,125,10899.81
793.42,597.16,2461.68,1861,43409.46
2587.69,798.64,2924.82,963,27041.61
4591.49,495.44,879.85,829,26828.39
2924.16,2112.59,804.66,1697,39946.35
2740.16,2050.04,1528.32,970,25050.8
974.63,2861.7,2318.97,1389,42184.99
3455.51,2243.1,1060.32,1573,60125.52
4199.46,345.73,353.68,1148,29691.51
2211.89,2675.89,1761.3,1799,47296.16
3990.25,2615.49,2882.82,415,30196.19
4840.14,1441.3,1356.45,1619,49097.57
1416.95,1840.42,1434.36,702,27662.23
2854.98,2933.02,2916.03,1055,31813.67
1792.12,1690.45,2175.44,1751,37488.26
4067.84,2734.9,2241.76,445,37276.05
3099.17,432.51,1819.3,1304,36345.46
3355.62,734.95,2931.44,853,31751.86
4090.61,1434.11,2159.94,1101,39987.99
2281.87,1837.32,2716.59,1548,42650.41
4617.91,2485.44,2188.32,1368,52056.72
2898.63,2967.13,2284.81,894,38373.81
1210.8,1288.78,1084.11,1500,31393.68
3631.55,332.76,1119.39,921,30565.6
4069.68,2443.28,2414.06,1164,41104.79
1925.43,1892.27,1101.11,164,12087.97
4357.31,755.92,1819.48,1232,37772.4
4577.64,1585.52,973.25,1331,41025.04
1746.07,2278.47,2505.86,422,13337.53
4925.85,2357.15,598.35,899,41918.19
1133.2,1598.93,2539.51,139,18297.93
1409.07,1054.6,1927.37,806,25006.51
1329.01,2926.48,804.66,1371,38799.8
4522.95,2057.42,1763.5,80,24027.76
3444.32,1343.07,1062.75,1902,43050.65
1184.47,985.3,1173.36,407,19162.04
2481.46,2247.09,1249.13,1897,39637.0
3268.84,878.11,470.96,519,16782.6
875.59,680.79,2962.1,1813,37960.99
4470.87,1683.53,385.14,1924,51787.91
4116.22,1011.96,2088.74,1201,42412.11
2773.43,1960.93,1302.31,1855,36033.17
4852.07,530.23,2044.23,319,25216.25
2379.92,2033.84,1261.87,1571,33451.88
4928.5,993.23,2119.13,1486,49140.22
3505.64,200.68,2268.94,258,26093.12
3356.02,555.42,2164.49,739,29506.11
1246.8,2814.12,607.7,1379,30868.34
4468.67,2628.59,2073.61,1264,40705.8
2423.7,854.11,1055.97,1430,31532.48
1230.05,2379.44,377.76,506,14805.3
556.73,1904.0,1420.04,498,15657.6
3018.9,2918.53,1470.57,117,18503.39
2873.3,1246.1,1561.37,1912,37191.03
3737.09,2108.09,2203.03,1852,51309.34
4506.16,377.9,1133.88,1855,48304.46
857.33,1309.49,1151.26,923,30390.84
3791.73,2898.69,463.49,516,27517.61
1343.35,1709.15,2154.42,1433,24116.63
4361.8,1006.06,1833.13,1460,46259.53
4185.79,536.76,1243.45,177,24939.11
2933.57,2169.88,2204.01,1849,52432.98
3696.09,2005.6,1750.87,782,39739.66
1914.58,1247.03,1566.96,1827,46905.72
2620.26,2862.64,1680.58,1558,37689.12
4197.37,262.17,2018.14,1317,45342.03
2566.69,1050.43,2082.01,1978,42452.85
2110.09,2778.99,1080.19,1092,36834.9
2723.96,1098.62,680.01,1469,36758.47
4227.12,906.31,722.91,1740,39436.33
2008.44,1695.82,2026.36,1302,39541.26
1281.93,2506.64,2656.76,417,18667.95
3704.06,488.81,1405.64,107,26918.52
4216.9,2840.46,757.7,1354,40115.46
952.87,2426.2,2342.83,606,17007.55
1579.43,707.5,2547.72,1175,24876.92
1138.87,2193.62,2677.57,97,22272.27
2065.74,1277.88,1938.44,611,14463.28
2526.58,1326.43,2623.97,642,29901.13
3869.72,2393.21,341.62,861,42731.75
3430.16,2895.8,589.54,108,21594.34
3294.18,554.64,549.96,210,14927.14
2085.69,1377.76,2224.03,152,16505.96
4286.51,1546.64,487.87,895,27731.78
2620.79,1253.67,1640.18,461,34807.58
4905.97,1216.93,1576.31,835,38343.92
3353.64,346.35,1138.9,232,11451.62
1068.19,2119.51,2650.09,466,15807.46
3542.8,1421.4,760.17,1189,36022.59
1962.97,745.42,1251.65,1947,33192.43
3588.47,2484.89,2390.26,448,21584.04
813.39,2447.17,382.14,1006,26716.35
1286.97,1561.9,2116.97,828,28868.07
4350.82,1035.66,2504.27,1749,51943.95
1522.31,1986.66,2817.12,704,24532.59
4266.69,1006.83,2666.0,486,26869.19
1756.74,860.82,1162.34,367,15717.04
3392.97,2245.44,1883.18,1889,53718.08
3623.68,312.91,508.69,655,17710.62
2806.95,465.35,996.25,1323,28280.72
1873.9,219.01,554.4,960,20348.33
1456.9,628.24,1151.01,1520,29828.24
649.35,393.17,2663.01,546,14486.86
1867.76,2988.25,1237.35,1416,37504.57
3439.23,1008.67,1817.12,476,27552.25
4722.37,617.95,1470.13,867,24213.63
4420.42,874.79,1539.07,1901,40275.57
3947.29,2821.15,2917.84,1072,37970.17
4048.01,1656.45,1099.62,289,28778.59
3492.43,1221.49,1993.78,1132,31756.46
1671.29,2645.5,1434.17,1600,38772.51
4582.38,1305.97,465.09,846,33583.86
3518.3,1138.02,1621.19,252,22806.42
3021.98,780.39,2496.03,1822,50910.13
999.45,1257.83,566.63,1539,34258.18
2511.75,1086.72,487.9,1369,37941.74
2571.61,2096.45,714.81,336,20134.49
4390.54,1010.83,2363.88,122,30231.39
2959.92,1816.16,2254.79,775,30133.75
2211.8,384.5,1825.55,1596,25171.96
4895.6,735.61,1564.21,386,39153.29
998.24,1340.73,2698.48,1810,37866.97
2401.47,2823.46,2370.08,1391,42668.79
689.11,1256.31,2492.24,252,7357.19
3829.57,2059.41,2495.81,280,37350.41
4631.34,914.24,2035.34,953,31540.7
1760.17,555.69,1536.64,1636,32174.26
4362.54,363.9,2634.63,1130,28753.89
1814.98,1055.16,2800.22,693,24885.03
4598.47,641.45,364.28,1493,39315.26
3892.83,687.23,439.2,964,22818.22
4122.08,2330.13,2888.61,329,29015.12
581.03,244.35,1048.33,858,17319.76
4832.65,1761.87,2658.1,1378,44469.85
3770.02,1262.49,1349.75,515,16970.3
1871.38,1618.34,621.57,786,25071.05
4232.28,1775.92,517.2,1247,32772.99
1766.85,1077.43,722.57,853,27308.95
4427.39,1026.3,974.71,315,21487.1
1006.61,2253.53,1619.0,296,20853.91
3666.59,2639.58,2194.04,127,24832.15
2933.14,739.23,2963.28,1720,42018.74
934.41,473.33,1492.07,1725,38642.73
1588.52,2713.83,1699.1,903,24666.14
555.82,1179.71,1708.9,302,6350.37
2609.46,1743.69,1756.47,524,26761.71
1855.69,1206.72,1697.9,225,8715.97
3192.61,552.25,323.69,1494,31524.97
1837.57,1850.13,304.66,1020,19381.64
1849.64,1670.39,563.7,1645,42261.38
3844.37,768.38,574.2,1534,34292.42
716.64,1465.23,2203.22,1937,35038.35
4563.03,2431.45,853.27,303,21897.33
4335.19,1853.19,2715.73,1593,45588.87
3505.12,471.37,2807.24,952,30521.72
3169.5,1734.46,2934.91,156,25941.52
4515.36,2167.67,2835.52,1244,37326.08
1333.99,2419.57,1034.1,107,11285.07
855.36,1961.53,1676.4,1410,38761.42
1577.8,627.44,773.73,1415,34637.91
4075.6,2188.49,2476.77,991,34840.47
656.02,2096.56,2698.77,1363,31602.6
3122.63,268.4,2598.48,133,26634.08
4979.47,1352.89,1470.09,1190,34860.43
4350.63,1132.26,2348.42,761,23024.33
2846.51,2074.35,563.46,1607,37871.65
786.38,805.18,408.66,1292,24460.34
4241.18,1854.44,2333.74,1811,45991.07
3195.4,2756.98,1448.46,1990,55376.15
1017.2,2433.85,2987.98,1856,42853.83
922.36,2780.08,562.59,950,22915.45
4593.32,2939.82,2610.19,1175,42370.41
3511.4,229.88,1595.95,706,21706.96
4231.79,1943.68,2533.31,505,35017.21
4455.41,1355.95,2506.24,708,30655.41
3072.98,2607.59,2773.18,822,27749.95
2828.51,905.08,1104.2,840,31168.56
2436.92,2946.88,2864.46,900,32335.82
1926.26,1918.38,709.5,575,14790.27
2455.68,2421.9,521.32,315,29290.89
3982.46,439.68,1465.36,1360,40380.88
3208.66,713.68,2536.47,190,19353.62
4516.35,2323.53,1578.24,944,37307.77
2495.21,261.56,2539.07,455,17935.79
3231.9,2487.26,2270.15,342,24626.46
3340.88,239.06,865.46,1979,41718.13
3162.64,2039.93,2861.98,1104,33826.89
3661.85,1222.26,464.11,1244,34938.99
1568.45,1912.19,2725.36,404,17126.75
2805.64,2148.89,1122.0,254,22110.3
969.01,1158.93,1650.4,1551,31764.63
2230.3,502.29,1440.35,1043,23083.51
2694.5,395.01,763.95,340,16119.41
3435.01,1849.02,1267.0,160,23834.89
4777.39,1657.83,820.92,1141,28180.82
3202.93,2278.16,850.49,1768,48020.68
3846.17,1627.26,805.05,422,19182.08
2778.2,1382.85,1620.35,245,16920.68
3353.47,1314.64,2454.41,175,6840.02
819.19,274.05,1836.22,1760,35066.28
1644.76,1139.56,2711.66,311,13165.24
2128.34,2932.86,2018.67,936,29624.55
2626.22,2645.96,2161.22,973,34242.22
705.42,1122.26,2102.54,1871,26345.34
1130.11,1845.83,1513.54,204,14310.25
1745.66,2572.43,2161.21,1654,43957.3
4871.9,1435.57,488.21,157,24883.1
1991.06,250.28,2621.6,1496,31286.16
2669.18,408.63,2400.09,84,14832.17
1382.44,1629.1,962.12,1944,39337.1
3248.51,2914.43,2373.69,1117,42926.3
1763.07,2140.99,334.14,704,29401.54
1431.47,398.57,886.57,772,16715.86
2824.58,730.21,475.87,1047,29364.3
524.78,2359.7,2406.61,465,14968.91
534.49,2556.03,2340.86,1049,29655.17
1485.81,1929.54,2496.82,334,20909.85
665.25,2004.38,312.1,1520,30281.19
986.12,279.34,1653.33,567,17317.65
2024.87,2519.88,2203.06,1803,43847.35
4111.64,2407.17,719.58,76,22893.99
3074.22,925.3,2054.43,276,15554.1
2807.0,2184.29,527.1,1869,45467.85
1820.7,801.59,789.58,1974,36284.82
4692.89,312.92,1584.65,1498,46021.28
2286.57,763.18,2064.63,1641,33016.45
891.92,700.16,693.85,1441,28873.99
3276.8,1145.69,800.1,1383,35078.74
1012.27,1371.66,852.01,897,23192.61
2053.5,1623.91,944.49,1178,30246.08
2783.35,1534.91,911.7,67,12048.5
4434.0,957.89,1366.9,1278,44480.3
2720.96,281.68,2065.23,92,9734.5
3660.16,1894.28,1482.69,138,25176.64
4967.68,1308.09,2395.13,635,24956.79
1091.7,1036.28,2242.02,206,11058.35
1736.29,2627.43,641.62,1339,41934.69
2275.59,2290.88,431.87,183,16265.03
2398.23,2601.74,2670.44,513,27060.57
2349.59,1585.95,515.54,1674,46405.93
4584.25,566.61,700.52,1821,45072.89
3713.15,2149.42,359.76,1205,38816.14
3235.57,777.01,1996.51,790,30769.13
1892.18,1435.44,1872.4,1107,22595.28
4207.06,382.0,2964.64,132,18904.32
4797.77,2510.86,2694.72,978,42375.62
4195.39,552.63,1409.28,1205,28018.08
507.04,2728.67,1303.28,1501,40342.87
3363.81,2619.85,1101.5,915,37937.79
730.11,1500.83,711.5,253,14443.93
1659.23,2284.23,672.83,1872,47690.53
767.86,1934.45,657.17,1409,33643.8
3217.08,2448.61,608.11,1011,32861.17
3589.65,1409.05,949.38,546,17677.15
1015.19,2400.26,1128.01,491,15586.45
2227.27,1494.88,2896.26,877,25350.43
2553.06,2834.7,1861.88,1331,42166.07
2160.74,1561.84,2966.51,1365,36375.03
1044.61,1495.33,1305.66,1198,19552.49
2385.27,2398.2,1535.59,1736,47271.77
3880.3,2500.42,1176.36,920,42440.68
819.53,1752.57,793.8,1832,43585.81
860.81,703.43,686.54,1248,18876.65
2096.47,1509.72,2851.71,1957,45949.76
4737.77,2910.6,2964.39,1565,46732.29
3508.58,2308.36,421.26,918,42714.87
3554.01,2471.26,705.93,1887,48663.57
2128.64,291.91,1443.52,129,10083.88
3171.47,1510.01,803.1,1692,38900.82
545.59,2010.54,1282.48,861,23663.23
3362.43,2524.09,648.56,964,36652.3
4609.79,337.97,1532.58,1378,31349.39
3256.58,2586.83,1033.58,1583,50610.77
4431.64,1735.52,1250.14,1417,45479.93
3757.88,752.48,554.64,619,32154.21
1042.51,1088.31,1455.95,1164,34456.73
4561.04,989.4,2954.8,1720,47582.65
799.0,1686.41,1187.85,911,26893.4
2902.85,344.72,2666.36,218,14715.91
1139.62,643.9,2576.64,1407,27649.97
552.68,2475.54,2870.56,1707,45777.46
2399.15,571.29,2433.3,1061,25136.08
1827.68,853.51,2080.91,285,16541.14
2687.0,1469.44,2612.78,448,18835.48
3097.4,1647.94,504.24,637,22337.19
696.83,2338.11,1549.64,870,21369.58
1053.51,1452.53,2970.99,1062,34485.29
3013.89,2411.62,2377.92,526,30613.5
2044.25,1931.37,2897.6,1608,44369.13
3781.28,516.68,2405.01,894,21943.08
3435.31,637.73,2662.18,634,26687.09
4305.22,1423.69,2207.63,1161,37206.28
3616.22,1311.29,2353.36,664,31574.03
2434.69,2281.92,1712.58,655,38823.52
3528.35,1826.06,2795.44,1010,24013.93
1739.22,1286.77,2527.61,1901,43235.6
1878.41,678.13,2578.49,827,34996.32
4050.43,835.14,2117.12,1326,36396.5
2508.89,1811.4,1122.37,407,22054.07
4092.71,1385.63,396.2,1131,39027.54
4200.9,1641.8,2826.27,1472,33992.26
4359.03,677.9,1882.52,570,29294.67
4624.86,2056.14,1104.99,574,27909.87
2439.43,2587.11,702.66,1992,56743.95
1934.9,922.23,2539.71,1490,33715.19
3119.89,1576.24,2558.6,442,21481.71
2170.28,2931.48,2499.17,1716,48776.29
3204.83,1133.08,2041.72,1295,38704.66
3675.14,1866.13,1288.24,1402,45143.72
3597.82,452.55,1120.99,1445,46431.82
2185.49,1896.84,323.1,1584,34182.05
1250.87,450.97,2550.74,202,20326.83
2437.38,2885.86,536.07,942,40771.76
1141.67,2203.86,2003.04,1952,38007.8
4505.44,2406.85,1661.0,1033,36638.2
2056.45,2171.49,1722.06,529,23515.33
1195.07,1851.24,2802.12,632,21210.37
614.51,1459.76,385.36,906,28835.82
3406.2,2603.45,2388.16,69,18792.53
3366.06,2879.14,440.54,642,31224.74
2032.72,1597.3,403.01,277,12398.14
822.7,2808.3,1460.51,1419,34322.64
2343.33,1833.33,470.3,68,25627.83
1900.48,1707.48,2430.69,493,30859.66
3547.04,1472.55,1729.82,1750,46756.19
3226.01,786.01,378.4,417,23349.79
2140.67,210.42,409.35,948,25150.19
1480.52,876.22,1954.21,1692,33840.26
4946.16,1627.22,2476.5,938,48492.32
2543.01,1263.89,1482.06,1933,49810.65
3597.23,1455.76,1797.37,775,31620.14
1132.49,2945.82,2459.54,1824,41439.23
2685.15,1180.76,1948.37,196,17222.41
623.92,1466.11,906.85,1766,35560.92
2774.55,573.84,1955.24,1577,37143.73
4838.08,334.28,1996.35,479,33147.43
2228.93,2371.15,2282.09,897,33029.12
675.48,1797.91,1976.36,1513,27696.24
639.3,2329.97,2916.95,247,10233.73
2245.94,619.62,832.68,1046,31238.94
1220.11,1801.12,2867.94,1360,27373.36
605.08,910.2,1753.52,614,14237.51
3902.96,838.57,2114.28,418,22617.37
2563.35,232.27,568.55,1313,23806.87
1801.6,564.95,1327.56,851,23796.57
4550.37,1065.95,2377.32,1360,41544.66
1022.63,527.26,2208.66,749,15751.85
4801.63,2960.4,408.38,1468,58030.82
1912.85,1064.17,1775.8,1045,15325.95
4497.82,564.91,538.35,567,22158.31
3213.24,757.43,2988.81,1868,42089.98
4220.18,1845.57,2722.7,824,28773.58
4928.06,379.32,356.92,610,39178.15
1797.82,2614.82,2618.35,1937,57047.67
4825.11,2892.2,2782.46,1785,51677.7
2252.67,890.89,1254.58,109,19863.02
2234.8,1460.27,2242.65,594,26494.44
2031.74,261.98,1493.68,1066,33907.62
2936.33,1993.99,2069.13,352,23087.26
1193.65,1358.99,1218.86,1317,31358.62
2991.7,956.16,1170.91,1757,47921.02
2937.67,779.14,1445.97,1280,39646.58
3928.56,2031.26,693.03,1448,42747.3
4251.42,1365.41,2544.08,332,22023.14
2481.99,703.05,1241.48,527,16233.5
1860.5,2129.51,1380.4,1095,21309.94
1667.01,1782.2,2713.95,608,27137.77
1375.81,2604.28,1640.88,398,21107.19
759.41,528.93,1769.49,1562,31138.65
2041.02,2399.87,2882.54,719,27981.42
1716.11,2085.85,2694.16,307,13968.01
4848.88,522.03,757.56,704,31464.92
3009.69,2145.5,1577.68,1120,38260.79
2062.75,1436.33,2922.5,1100,26907.47
3112.1,2845.96,1305.39,1100,36785.76
1126.39,596.51,1303.25,1470,25984.75
2498.2,1999.93,826.58,194,17167.69
3318.05,1269.54,608.67,636,19761.29
2700.04,2879.08,2298.82,1772,45509.16
2308.0,1123.93,2379.08,571,30781.83
4972.32,2894.12,2916.34,1194,44406.7
4461.42,2724.16,2388.23,850,35453.9
3305.33,957.07,957.05,1535,35331.32
3062.2,2449.92,408.31,1750,43366.37
3292.97,2987.69,2960.68,431,38870.35
1405.9,907.46,1219.22,825,28328.1
2278.12,1422.98,1142.32,722,23441.45
677.57,1656.51,2746.08,1976,36730.92
2639.96,1025.81,1879.77,1491,27927.95
2943.61,242.74,880.15,376,13121.9
1524.87,816.36,2700.56,1464,22950.82
4838.13,989.42,2982.07,1370,47532.9
4592.55,1442.08,534.03,679,37615.37
3749.64,679.09,2628.08,1896,44742.73
2900.24,2645.11,1354.39,1848,48821.89
4414.86,2173.75,1715.0,133,20146.57
1087.94,438.56,2770.0,195,1585.33
4057.29,2020.26,2928.12,1244,42309.36
1061.69,2030.24,1007.84,1407,33631.71
4073.95,2877.42,874.7,473,38980.11
1740.95,208.46,517.39,1382,38343.8
4446.91,894.21,1816.85,1599,42840.35
4748.19,2797.82,336.73,710,40067.21
1169.58,2809.97,1412.13,1954,44541.45
2582.04,2217.64,498.14,812,28035.66
4914.44,2344.14,1394.11,618,34519.68
2675.33,456.15,407.82,396,16345.51
4385.96,1638.85,2555.09,1375,43121.13
3149.29,848.43,866.3,1995,52645.75
2188.98,707.41,1186.43,396,18078.79
1786.03,2468.85,2649.13,457,31907.15
1414.5,578.11,2314.92,182,7585.81
3928.09,1512.22,891.4,1755,31213.55
2239.43,2828.02,494.13,663,23979.94
2800.74,720.33,2232.32,1037,25873.05
2715.46,2938.38,1354.9,155,14214.56
3097.76,2984.01,2368.42,220,31842.74
4395.1,1755.73,1502.3,689,25754.7
4913.33,676.4,1234.21,1323,43330.56
2334.13,1085.09,1518.25,1617,47355.58
4223.84,1388.58,2321.11,1801,42722.22
3940.38,1066.11,2735.99,311,23569.94
3080.88,985.78,434.37,1915,49553.05
4802.21,2922.24,1715.1,543,33116.13
1402.14,629.42,388.66,1317,28553.21
991.69,2253.32,1564.71,1524,37714.33
4342.83,201.15,2690.26,952,34139.41
2476.17,1869.31,1276.29,1870,41240.64
4311.36,2764.64,2817.62,339,27392.49
4518.91,1006.22,2002.64,1336,35602.87
781.06,719.47,2822.22,1922,39947.46
4475.59,2024.7,2344.35,1918,49627.52
2517.44,2195.28,579.27,1387,42437.83
2796.95,2126.49,924.11,134,26808.27
3319.67,1094.09,1364.26,1488,32855.35
4668.72,906.17,759.29,1402,44509.91
586.02,2876.57,1636.26,94,23773.91
2645.8,2785.24,1572.69,864,27629.53
3594.75,1480.49,2881.9,382,31918.49
3752.18,2569.34,1471.07,514,32611.72
3616.4,1466.51,2421.19,249,28206.48
1104.96,1388.29,2843.16,1274,26494.34
1847.28,638.94,2667.87,378,26651.88
2114.22,1393.94,863.4,1753,35285.53
4119.97,1704.77,1639.28,289,28698.61
1754.42,263.01,1238.9,1957,37402.4
1448.17,1443.52,1379.62,847,26154.26
4808.52,2387.8,1274.18,751,31392.58
539.88,2104.13,2531.17,632,14161.73
4990.19,1978.44,1520.78,706,36855.39
3545.7,2746.76,1713.97,1432,41801.38
4228.11,250.49,2952.61,1974,46646.44
1825.79,1759.73,461.94,770,26145.93
564.42,2404.58,1617.49,409,9310.9
3820.41,1715.74,2389.97,1451,48842.89
4253.65,1106.91,708.14,434,25944.46
3832.14,581.5,1951.14,1793,48091.2
1142.83,2685.18,946.55,1538,38361.01
3890.43,1518.13,2641.99,1295,43375.15
3960.15,2658.72,1183.17,848,29452.46
3463.43,1840.39,1188.47,1748,50744.7
3947.52,2087.74,1915.12,414,29534.71
4306.65,2451.93,795.62,121,22333.45
3261.22,2045.64,1069.2,1313,37493.65
898.72,1314.55,1424.91,553,18641.83
2694.33,1638.17,1254.82,1487,38728.96
849.42,2448.53,1717.17,176,17515.67
2333.94,1246.22,1919.03,1560,45627.99
2331.98,1286.74,1830.0,1670,33827.62
797.04,467.93,2066.25,1600,34330.72
2069.69,2760.84,1130.92,1321,35609.88
999.49,454.9,641.35,531,19219.28
4137.06,2014.99,2354.18,1385,51849.94
4764.6,1356.94,2597.11,1517,47327.68
825.42,1335.73,993.92,332,15905.76
4798.02,2102.75,1399.15,1075,46565.07
2851.59,387.86,1646.14,123,19878.14
1848.05,1862.38,1739.98,1137,37109.67
845.88,2361.69,2080.62,822,22909.64
2752.81,2519.0,412.33,396,20538.42
4075.32,677.49,2247.99,373,18772.31
3681.89,2712.77,467.32,288,24386.45
726.02,2037.21,1564.38,1470,31751.68
828.06,2669.19,2534.71,386,18485.59
2312.93,1558.79,1518.28,390,22592.95
1828.81,1717.69,702.54,1352,34924.71
1545.73,2773.31,2959.59,1426,37789.69
1764.52,2719.75,2701.07,995,33691.26
4115.67,1454.85,2382.55,941,39586.21
4681.53,968.36,1411.08,1536,39836.13
2322.96,1300.88,796.38,511,25059.58
4577.5,1285.74,2841.81,1786,46764.67
1946.73,1003.23,1737.35,1366,39392.82
2643.97,952.02,2601.36,847,28577.4
1517.13,2610.98,1223.66,782,26139.6
3382.14,395.61,1205.28,1480,27643.03
4905.42,2097.31,2960.96,211,33049.04
3215.72,683.9,1708.95,1576,39335.97
2110.16,1164.62,679.88,497,19788.09
3415.18,372.32,893.12,1768,40121.97
1053.14,955.93,1601.25,1528,34330.07
4498.97,2351.58,414.67,1958,56325.78
2763.88,2678.04,1548.84,314,26160.82
2522.07,820.28,1431.14,1059,35311.74
3136.39,1497.93,2404.21,181,17175.13
3311.53,1516.91,1258.34,1907,42988.46
822.99,2646.01,2952.88,169,18401.27
3571.78,2335.84,788.08,1965,52771.17
1588.69,1636.62,1895.66,1292,34381.22
3712.79,2078.09,542.19,1490,35376.4
4201.41,2572.59,2281.43,721,29448.34
4117.81,226.71,2985.83,554,26016.19
2986.25,1328.09,2511.67,1373,28833.17
2840.76,2740.28,1800.4,158,23450.41
1142.94,2272.88,1608.8,1311,31585.74
3989.06,1719.96,2554.58,342,22400.78
1721.34,1683.0,2827.13,1037,26925.93
2735.13,1173.76,2970.86,1652,41753.15
1779.23,1657.46,1370.66,877,18200.37
1102.23,2035.07,2975.48,236,13649.58
3333.01,1371.42,721.0,1109,31688.76
744.49,2199.63,984.58,1634,32957.17
3868.9,2611.45,540.34,305,24721.31
1929.14,633.12,1033.69,1508,39180.42
500.61,1464.33,2373.43,1692,38823.15
2800.08,1342.46,2602.9,1081,29681.97
710.83,2124.9,2403.01,797,18090.26
1742.76,899.63,2003.88,1251,27721.53
3681.39,1992.7,1687.71,1315,46350.48
782.1,2656.97,2213.5,90,3546.52
4277.02,1370.77,1355.25,1430,42301.96
517.19,2750.84,2571.53,806,23148.08
1610.71,2980.86,2128.41,162,24959.83
3834.07,497.06,2184.07,1950,51587.64
1923.22,852.55,1747.03,817,16129.16
958.52,2861.06,2690.12,1239,39162.19
2121.05,2883.32,980.44,1577,28659.68
1716.77,473.58,1329.1,903,25536.02
4292.2,242.0,2399.63,127,23995.11
1910.07,651.08,1630.42,768,30410.61
4050.2,2988.84,2700.88,1896,55362.23
4513.42,704.0,1235.28,927,29833.35
2452.18,1607.13,1297.19,1269,28632.41
4594.74,2575.57,2699.59,451,40598.83
2197.93,257.12,1553.8,882,31992.81
4838.35,1892.57,1693.54,113,23718.29
901.8,975.67,1198.46,701,17952.28
3591.59,2614.54,1047.01,935,41989.22
2722.16,993.69,2071.06,1498,41110.51
2244.42,2122.92,623.57,1115,30339.04
3347.2,2087.81,2674.04,422,23301.62
3667.36,820.18,2403.85,355,19135.42
519.63,297.44,815.02,258,12266.34
1251.29,1345.9,2173.85,516,16661.64
3708.71,1009.74,1927.11,981,30802.19
3498.73,2465.14,798.24,1377,43820.35
4847.21,2441.02,1037.65,1658,50318.28
3924.67,1479.67,1404.26,1465,43486.73
4778.48,1898.23,2187.96,1226,41435.11
3661.43,1891.93,2024.55,696,29153.81
1841.23,2516.04,1737.03,411,18066.45
974.14,1390.01,2374.71,1337,33751.01
4018.21,971.25,2346.43,1289,39359.22
3398.67,942.1,1968.22,770,29910.87
716.84,1701.34,2424.87,765,16558.85
2120.23,1457.61,1202.51,1695,41848.66
4805.6,1432.34,2679.37,592,34485.79
2751.81,455.18,1960.26,1597,40864.67
2447.28,2212.09,2520.38,1712,45189.48
2559.65,798.46,1774.95,1898,43224.48
1439.97,751.47,889.78,243,2756.0
2159.18,1355.72,1764.51,701,29674.32
2164.16,837.78,1302.0,1100,21380.46
735.6,1834.8,2183.25,1119,32302.32
3954.05,1240.1,1584.64,696,29288.99
2374.27,1456.95,2557.5,1902,35954.81
4199.81,1704.07,2130.8,1003,36642.03
4326.57,769.9,2148.27,1131,29340.47
1453.97,636.1,886.32,1086,29763.47
3458.09,2665.18,2957.47,998,35506.1
2625.27,1414.43,2572.52,1685,36304.95
4460.71,1353.86,2430.31,1010,40773.91
1470.83,299.71,1191.58,98,8675.24
3550.16,1594.33,1746.21,852,34365.97
3234.88,1751.68,670.18,1167,33966.52
1828.86,1764.75,1753.89,656,29070.24
1114.7,2179.69,693.9,1730,34779.7
3432.38,696.95,1793.2,1657,33092.19
3823.69,906.22,2051.55,1524,35770.67
1920.32,2470.05,1353.53,1452,39217.44
3401.75,2852.08,1646.07,59,19463.25
2278.09,580.61,2664.26,723,30058.06
3709.43,1593.42,593.12,775,23927.93
1396.47,799.69,2437.68,565,23618.1
4505.97,368.2,761.04,273,19644.86
1793.34,1111.41,399.11,1454,38215.24
2155.04,602.33,801.05,1614,36928.58
761.41,2187.81,2365.62,1375,33217.07
1001.8,1694.43,1393.84,252,17025.31
2821.38,602.74,2655.81,991,35747.74
1704.17,225.88,1716.71,638,17973.09
4259.66,2462.84,360.08,620,22151.87
566.12,693.34,2235.13,1006,27695.16
2205.92,1897.41,597.63,245,16069.4
2018.05,1143.38,2431.33,1395,46906.73
586.97,1839.36,753.88,467,12100.8
1059.66,1083.83,1232.71,1692,31698.81
2361.39,443.43,2355.43,1415,37280.21
2717.89,824.26,2876.42,1462,41010.16
2319.3,726.56,1302.87,58,14698.48
2889.22,1398.45,2539.38,581,22990.56
3178.09,2043.19,815.14,198,14991.45
544.66,938.66,2479.39,432,10604.4
2588.43,233.8,2075.23,1602,28651.13
4835.75,1653.02,820.41,1085,49130.3
2835.65,1896.13,1116.76,525,19325.93
3548.94,2896.04,655.78,1667,44851.87
1903.39,1850.52,1334.01,628,26326.38
3982.96,1519.28,849.85,1718,45010.27
3978.15,1805.52,2038.79,1126,35358.85
2845.83,2798.12,2985.16,1509,43269.39
4892.06,2519.46,332.42,255,25357.65
1064.98,1104.34,1760.48,1035,23184.87
576.26,864.31,1848.9,964,23068.39
3965.71,935.37,2768.36,794,26547.62
4132.2,1612.38,1666.21,962,40809.02
1040.93,2283.34,1767.99,103,14066.63
1695.12,1609.01,1573.46,1051,25173.86
578.99,389.83,1026.04,1653,27566.07
1819.89,2226.03,451.28,1563,42426.29
3979.14,2456.72,1403.38,1876,54721.91
2830.82,1010.59,442.0,393,20362.78
2066.43,2059.55,1786.33,1242,30770.49
2172.83,1394.46,1129.69,1982,45436.24
506.09,2689.53,1740.73,1234,29971.67
1849.1,2566.63,662.6,1600,47181.88
3409.06,1671.21,2818.1,752,31085.09
4883.87,2136.22,2715.21,576,43392.3
4311.77,2673.38,812.99,1360,44926.4
606.18,1588.01,1227.3,1948,32076.59
4543.52,1077.1,1956.43,461,44664.5
4024.39,2310.27,558.35,1595,37914.35
4011.69,816.19,1257.33,618,17221.42
2560.98,1287.89,978.0,248,7089.44
2291.02,2624.04,2771.9,1234,50900.57
1863.12,2228.38,2601.78,824,38862.47
795.63,1330.67,1865.55,438,16039.3
1527.06,801.28,1704.94,523,19649.93
1609.72,1196.71,2812.96,1454,35424.97
2678.35,995.49,2817.56,814,18899.39
3863.5,693.05,2917.19,1704,51817.56
2632.14,2281.33,638.52,641,32620.74
760.3,905.8,733.51,1197,17877.04
4810.05,1471.67,2127.19,1898,53606.89
4742.26,1280.41,1761.87,1145,39105.23
4033.35,2949.82,349.86,1031,37205.26
4960.98,1295.06,467.33,1043,33799.91
2950.17,423.95,2697.82,217,17443.42
4832.46,451.51,2645.95,333,23713.75
840.22,1854.11,1264.63,1567,38476.04
2145.56,1878.22,2705.84,1109,32512.28
1514.22,1372.53,1902.92,873,21058.63
1381.25,1409.16,2475.95,1248,30345.1
1133.61,351.01,1454.06,1272,25068.84
3300.86,1646.33,606.18,1189,33808.23
4015.95,1613.27,1471.06,1388,44543.7
3102.34,618.74,1534.71,1293,32444.11
1161.33,490.75,1787.55,940,18828.42
4150.06,546.0,585.07,1651,34720.52
3361.8,482.88,2976.79,1850,44397.54
2246.75,1907.18,959.17,183,23326.5
3533.59,750.15,836.09,1704,40412.25
1669.57,904.0,1722.37,171,10497.54
2053.36,686.0,1750.46,882,20651.93
4628.69,2881.94,1487.52,1972,47015.7
1807.27,2592.93,2384.11,1071,38393.84
2614.95,845.39,1694.97,1494,38386.89
4505.64,1117.19,1946.18,944,39241.44
3684.75,787.7,2254.12,1565,42537.48
779.91,1577.25,367.57,1672,28640.28
1162.86,254.91,1840.74,338,10478.43
535.29,2079.83,2687.33,1722,34249.14
3339.15,1664.84,346.95,1126,31570.62
2514.53,2716.19,1393.99,1278,35195.33
1104.24,660.3,2800.81,1421,35913.53
4810.7,2451.51,1253.52,1124,52174.48
2883.47,2417.49,1538.57,888,27666.03
1588.52,556.11,2950.16,1995,39736.07
2752.72,1315.97,838.17,961,29823.95
3558.29,676.43,476.19,89,11352.18
843.08,913.22,2620.44,299,13401.39
1736.17,937.09,2644.86,267,17637.47
4131.34,1757.46,1574.61,228,24300.05
2568.49,1351.95,1688.36,1624,42296.35
2959.6,2853.65,2556.68,232,24898.48
2447.67,553.84,2294.11,1809,25676.38
697.55,2926.34,1015.9,1237,25606.74
1245.87,845.79,345.61,1819,41590.53
2504.94,2364.05,1595.19,1450,41652.27
1441.33,1149.12,2619.06,754,8459.22
724.91,600.63,2718.75,546,8120.65
4296.42,2602.09,2881.81,646,39080.6
4915.37,1064.81,2674.82,510,28164.27
4069.14,2044.8,1866.12,1828,36115.56
4342.03,1786.04,1500.44,523,35140.5
1588.9,1520.92,2392.09,734,27319.59
4822.82,1588.29,2297.52,1978,49607.54
1386.17,2250.27,1752.99,1110,36131.07
4781.43,445.76,535.78,1672,39749.02
4976.69,2070.91,2800.42,1714,49172.94
3702.75,2708.27,1530.13,1779,46635.46
4915.15,361.81,1281.0,368,15795.93
3062.93,593.83,1999.83,1628,41266.31
1667.94,2206.57,2119.36,1485,39434.94
2466.48,1424.39,868.86,405,17445.97
3171.02,1329.94,2559.73,1744,47585.34
828.87,583.51,1082.83,666,7868.64
3300.54,1618.96,804.05,278,24650.24
4915.3,554.33,1397.28,778,33729.4
1355.48,1534.54,2272.51,1337,28369.46
4066.68,2338.12,2906.74,1560,49738.78
4585.54,923.14,2485.06,610,26358.32
4746.66,1546.2,2838.94,1425,51249.95
4820.61,2977.64,679.64,1515,51385.35
2846.57,2122.62,492.18,684,28575.16
4897.89,2555.8,1805.8,508,31773.95
3907.9,1361.57,1083.8,1888,50986.52
1227.52,2350.01,2535.75,74,21047.8
2646.05,313.43,2114.37,1204,38770.49
3732.49,544.15,2920.97,419,21651.06
1613.03,768.6,987.94,1509,35710.9
3382.77,1325.47,1611.62,1297,43917.16
3499.7,2568.09,1653.35,1061,36123.4
1232.15,1169.54,945.78,660,25649.32
3042.88,2032.94,1893.25,1425,40783.54
3972.32,2186.08,1496.87,1875,44852.12
2745.03,1841.31,1506.15,1558,36390.83
554.46,1200.28,1279.39,1270,18669.59
540.67,1815.75,345.71,158,9566.77
2106.63,1158.34,1709.66,1933,40862.23
4667.87,434.85,1205.17,1293,39338.28
1529.05,2979.85,303.56,1849,48603.04
3354.64,556.11,1131.45,1996,44513.92
1499.34,402.58,1052.3,769,17837.03
1947.51,2659.89,1362.31,1392,35781.22
4316.19,1045.14,656.0,1155,26878.51
3779.88,2020.83,1670.75,1610,48460.13
929.3,1121.22,2169.59,1771,34806.51
2429.16,1296.07,2001.5,481,22149.51
631.26,933.92,2470.14,1970,36334.73
2664.01,1160.52,1520.42,1081,31249.92
3480.95,1349.96,1701.55,685,21721.28
1033.26,2217.16,2488.09,1222,31134.76
1799.98,1632.3,1454.79,1171,27160.96
2290.26,2841.98,2194.32,1801,45796.28
4637.89,317.27,1473.43,1174,31424.27
4969.65,1608.59,1427.89,1803,53049.12
702.1,1835.83,2352.56,416,16767.77
3924.54,2776.55,772.06,1535,38984.31
2172.76,337.64,1214.18,974,29348.75
2266.06,1805.8,905.27,463,18447.07
3894.19,2590.16,1269.6,1332,40592.53
4632.92,877.4,922.01,1976,53409.44
4779.18,2653.62,1864.4,405,37836.45
3097.05,253.32,2455.06,60,13065.65
2107.05,2250.87,2423.86,1489,39478.17
4043.97,2812.72,1284.15,1644,51640.34
1629.51,2040.15,2969.65,1323,41140.59
3038.33,1429.28,1903.41,1725,43238.62
2113.6,325.67,1378.38,1920,41122.21
3454.84,2776.32,2555.96,1623,42708.07
1581.8,1516.83,2270.66,1195,22871.7
1362.17,281.19,2323.04,1993,41012.06
4632.08,2131.5,829.58,114,20851.34
958.12,1549.14,1564.48,1731,30911.6
2776.81,548.17,2626.94,1375,38238.14
1493.84,799.96,1660.9,174,11334.16
675.18,380.57,2145.32,361,12555.96
662.08,1808.02,1887.42,1264,22188.43
1288.5,1941.68,2574.36,824,20840.33
4400.47,1616.08,1068.31,1051,45126.74
1771.15,2487.89,1853.78,922,25929.62
4777.07,2610.82,632.73,1523,46617.85
3117.3,1923.75,2163.57,1881,48295.15
2464.76,235.72,2276.31,743,17813.44
3110.4,2146.64,415.66,1232,42639.78
2825.14,1370.4,2124.64,1426,37702.19
3914.49,1783.56,1419.66,1893,47611.2
1771.23,2017.43,635.06,1039,33535.75
2088.73,1180.66,1433.75,848,29615.9
4523.42,2767.88,824.43,723,45251.3
4759.05,575.13,1422.01,1336,37828.29
4516.51,2080.23,1337.72,1802,61234.08
2387.52,212.21,2293.66,961,29348.6
4011.64,2789.02,2390.38,455,39995.47
2643.51,515.01,1938.98,1045,33625.11
2738.93,465.68,361.25,1766,34603.75
1421.06,1132.42,2813.76,1676,32492.45
3160.09,1245.99,2152.83,1090,24461.87
1337.61,800.04,392.33,686,7629.65
1992.04,1838.34,2510.85,1333,32066.18
4347.64,1440.16,840.72,939,40678.08
1431.84,295.69,1863.9,1428,27005.42
820.21,1095.03,1559.91,538,12496.57
810.53,2469.21,1433.56,1287,34274.1
4733.53,2131.16,2702.23,288,25789.61
2781.14,2229.64,1480.88,229,30391.86
2342.35,2154.73,503.43,1492,35907.25
4148.95,1070.72,2855.92,1757,51954.89
4261.22,479.06,2785.45,1216,36837.84
1994.86,962.91,2147.97,366,17868.61
3621.28,2529.0,1563.31,1317,47022.08
3970.05,2945.32,550.72,281,28164.69
3445.93,1582.77,2435.02,1757,53238.51
1182.18,227.16,503.79,1862,29391.81
4441.47,592.13,485.22,1662,36220.23
2925.93,1101.83,1750.94,1376,27320.38
1771.13,1820.04,732.35,380,24148.72
2413.53,410.26,320.87,610,23639.07
669.07,2841.4,1442.41,998,25670.37
1075.4,1222.23,670.49,297,13939.51
3944.96,2755.24,733.39,332,32729.32
500.05,2385.46,507.66,1360,28487.49
2374.55,2315.22,853.75,989,21852.78
2851.3,1898.81,2231.81,81,10452.86
745.85,1954.99,2484.1,1573,29187.03
4878.85,1986.41,1521.84,1743,51120.15
1517.56,1960.42,1667.7,579,16778.75
1868.89,1750.44,388.17,430,23525.59
1867.74,2961.96,487.15,112,10727.16
1536.87,2250.41,995.43,177,12062.39
506.63,2375.45,1768.53,1601,25454.95
3782.05,2642.9,2296.79,212,24347.48
4850.8,803.79,1933.51,1007,36689.23
1509.32,434.65,1358.75,1324,33378.93
3483.71,1552.1,619.47,1722,43712.15
3838.53,1639.43,2408.09,1903,53164.47
4317.91,2521.71,1282.22,344,33897.7
2401.83,1442.59,2287.35,228,20571.85
1863.19,1798.39,1685.04,278,13265.65
1963.83,1675.8,2294.39,932,30321.93
3706.8,306.97,2749.68,443,31216.95
4175.51,1922.6,2786.78,741,32882.0
1317.26,2518.52,1744.79,1469,38564.27
2169.23,641.0,1681.07,121,15863.56
4558.73,1864.13,1017.33,367,26056.03
4130.12,1862.11,2826.66,1972,57327.97
4931.86,659.72,1536.38,644,28688.92
3894.12,545.7,644.5,428,24616.04
2269.38,2944.15,1468.3,956,31091.54
3157.87,1302.41,643.04,185,18464.08
3474.56,836.78,1656.84,779,32845.02
853.05,679.71,1815.44,1694,22742.55
2950.24,2069.28,1211.94,1451,42424.14
3691.94,1906.45,493.46,1992,52267.84
1252.95,2001.95,2847.46,1192,28413.23
4012.84,446.42,2388.05,955,32328.8
3126.98,2701.9,2564.98,579,25391.7
4785.0,1289.95,1290.54,1917,46667.93
690.9,1077.43,2354.24,984,24374.82
1693.97,1494.61,1610.51,715,35897.11
3206.99,1292.18,842.93,572,27753.91
1834.52,2618.02,635.94,1723,36117.83
3714.91,2801.93,1231.64,436,32744.53
3915.52,1049.67,671.39,623,29698.51
961.32,2619.02,2995.33,632,15137.94
2812.35,2388.26,432.81,622,24800.32
2790.01,2806.26,1491.09,693,29094.13
2161.76,888.1,1520.65,622,21798.03
4698.16,1815.49,1111.71,1977,52358.41
4223.78,968.72,1842.65,919,34230.66
3637.44,2507.46,704.94,1342,36052.13
3714.47,214.91,2416.56,1597,38831.62
2577.72,1781.49,1197.61,596,23058.39
4644.48,1149.77,1896.62,1559,50935.79
3625.68,1103.51,2232.23,487,22275.89
3780.41,2005.74,2700.41,1636,45405.57
4377.61,2584.16,2556.63,604,32905.23
1733.32,1905.75,1942.43,1813,48865.51
4131.82,2588.88,1348.66,160,29054.45
1378.58,940.87,1658.65,1395,25706.36
2054.04,1654.61,2375.58,576,25299.98
2010.25,1461.5,2669.37,226,12663.21
4903.36,232.61,580.21,723,30657.19
4354.42,1759.07,1339.11,1624,52962.95
3655.26,2052.27,2395.51,1611,35797.78
3771.76,1857.36,1465.46,673,25214.25
3029.33,2261.58,1197.01,993,34045.71
4761.91,1799.75,1410.57,522,29248.64
2733.16,386.9,1927.68,1636,38572.31
2212.33,526.05,2999.47,1043,28043.8
1233.66,1870.13,1631.08,928,17027.53
4037.93,969.94,862.94,1461,42909.02
3805.0,423.01,739.69,1171,26280.41
2229.6,1402.89,414.34,1484,35516.5
613.37,1752.1,1808.81,1448,28670.74
4275.49,1120.49,1770.34,219,35516.35
551.38,2217.21,854.13,1063,24503.54
3666.65,2002.56,2177.39,105,24383.31
4866.16,1131.89,2300.99,1806,52821.88
2469.48,2313.64,999.57,374,23618.96
1557.38,2016.35,1229.07,707,23043.09
3671.92,1984.85,2974.27,1006,32115.55
4177.08,1749.6,1310.51,309,25167.23
2958.94,231.89,2354.16,690,14851.15
4851.66,2150.22,1522.36,611,36431.05
732.51,1252.92,2442.03,389,29439.85
2771.58,2839.31,2376.36,1911,50050.68
3733.04,2490.36,2102.94,453,31054.72
4381.88,1845.54,2607.9,581,24589.03
1306.65,906.11,2835.89,1247,25138.65
4100.02,770.41,1865.95,844,35880.54
2987.18,1153.08,941.17,1611,31741.76
2284.49,1534.39,1376.3,1233,28798.66
1092.72,1028.98,2347.43,1083,28606.93
4393.83,1641.8,2057.39,643,36134.88
1207.73,663.04,780.06,1329,26409.32
1894.05,2937.6,438.35,666,25983.97
1805.2,502.19,2144.0,701,21413.98
4421.36,2809.44,977.91,763,29792.84
3527.16,2758.02,1649.11,393,27574.78
4085.07,1671.01,2316.22,1609,47100.51
1627.11,2229.75,1819.2,1446,35369.2
3311.93,1420.94,524.92,1508,29192.48
3072.86,1964.1,801.07,95,26319.0
4247.74,1153.61,892.19,1802,40730.96
4577.39,1043.25,996.23,953,34793.08
554.71,1819.04,1826.59,104,12395.66
3533.09,1594.76,1660.71,1151,33814.89
733.26,1822.7,848.53,1564,33370.75
2969.86,1002.65,482.4,1744,36064.46
1794.35,1227.48,762.87,905,34943.11
1880.49,434.91,2957.83,1345,30221.32
2088.31,346.37,1565.08,709,25287.07
3295.82,909.68,2641.83,1623,36134.53
2003.22,407.89,2591.63,160,17269.71
3797.15,490.57,1681.1,1088,29414.91
2320.37,2476.2,2208.06,127,12643.6
807.59,308.85,820.43,550,7600.44
4026.92,2045.04,2158.67,637,27726.18
1785.91,963.16,1035.44,467,17752.33
2447.45,2640.33,2546.57,1913,62088.83
3584.5,1557.98,526.06,324,36077.74
1996.05,1055.61,2387.47,1567,34702.59
754.64,1649.39,569.83,1270,31790.43
2182.64,1269.48,2679.21,1449,29874.95
4750.02,1780.04,1121.35,1804,39494.49
3387.8,520.69,2066.86,1136,32988.39
3521.66,2991.57,1616.26,1434,46883.17
3345.27,1391.56,1289.02,1022,36397.92
1395.46,1175.05,2042.69,1617,40278.97
2382.5,2188.59,2858.31,1040,31844.55
3879.23,1218.92,411.43,1818,45114.2
956.18,2533.17,2780.9,1183,35627.78
1750.34,1471.96,1944.52,1750,44798.44
1743.44,2214.76,2479.75,243,14388.4
2444.09,500.87,1336.46,1592,36493.89
4911.66,2569.13,1573.98,1724,55380.91
803.76,2260.01,2645.9,1532,36034.03
2834.15,792.81,1420.09,904,24293.28
1307.14,606.8,1743.58,848,21101.79
4868.04,1085.62,354.53,350,28401.96
1009.87,2933.0,728.21,1017,24072.54
2316.2,919.13,2032.55,617,16388.13
3820.48,1477.16,2235.84,721,41303.45
3670.49,284.06,1873.02,1569,40362.36
2402.28,1312.24,686.94,198,20568.33
2059.36,1799.7,1502.59,1872,43177.51
2289.26,2868.75,1258.76,818,35077.01
1689.24,1646.86,1638.29,1534,35895.39
1424.0,2493.5,2649.89,188,20901.24
2673.68,1731.96,2394.83,910,25183.51
1708.4,314.2,526.77,1909,27300.68
1793.58,1082.02,2703.83,341,15284.39
3455.4,1811.54,1573.77,384,17685.77
4858.42,2861.66,2308.43,748,28422.33
3216.37,2605.57,678.11,1908,49495.36
846.41,839.4,2110.94,1257,17854.08
840.13,816.31,938.08,356,16439.3
4781.4,763.28,1483.63,974,42468.37
1837.81,2783.0,345.53,1030,22874.42
914.3,2587.47,709.35,947,26944.51
3195.7,2369.67,548.62,1335,47793.04
3306.42,1299.66,947.31,976,28628.39
3418.27,1612.27,570.05,1383,40961.59
1703.31,1500.13,2168.16,393,30623.26
568.0,909.51,378.41,1497,19057.98
4842.57,1614.08,1967.9,706,29323.48
1629.02,285.39,679.91,1846,37827.01
3542.12,569.07,2851.94,1587,52080.34
3679.83,2682.45,2819.35,1899,48702.4
3245.03,2304.7,908.86,1597,55035.06
1908.08,1384.03,1958.94,310,18214.07
1719.93,1648.02,375.61,1435,22773.66
3189.51,1236.0,2815.83,218,29225.49
4397.43,2274.18,1712.07,709,32130.07
4760.3,2395.72,416.7,249,29846.73
976.58,2337.2,1224.75,1458,25006.04
1196.73,2223.31,507.49,1385,28031.55
4751.31,772.61,1360.95,631,22406.67
3814.41,1146.32,2108.8,1385,31850.72
4473.47,1515.57,1568.7,615,31498.38
1411.85,1126.22,1336.05,444,19192.04
3144.14,2313.83,621.72,1844,43155.49
3655.13,1122.19,961.34,400,15902.93
3560.5,587.05,570.39,77,9564.43
2336.68,1317.31,2480.25,1952,45981.3
569.28,2943.76,665.15,1948,40806.64
3123.17,832.47,1907.51,681,27706.4
1638.96,1914.04,1225.4,1206,38448.18
2526.14,1412.32,910.14,429,23199.9
4809.11,398.87,2026.56,1675,47550.74
2295.66,1566.05,1533.91,577,34759.02
4279.11,2166.06,1380.39,1360,41724.4
1348.43,1637.02,1900.7,1357,43857.38
3526.07,2641.9,1626.42,952,43089.69
4896.53,1009.02,1119.41,1815,47041.78
958.52,441.5,1809.47,1722,36616.58
537.44,2822.38,2107.65,856,24076.88
2451.12,1258.95,372.07,276,9508.49
916.81,1813.94,1557.85,1500,32617.09
3867.73,2417.61,455.74,76,14657.62
4615.47,1108.08,803.29,1405,42460.54
2453.09,2205.26,1813.37,1190,38788.99
1664.2,579.17,2638.71,138,11598.3
2454.81,1015.62,2683.58,668,25830.65
3755.52,605.19,488.85,1806,43587.43
540.74,2471.45,1431.58,1808,41872.29
3152.54,823.42,1874.12,171,18600.79
3259.81,2208.73,697.09,1967,46361.66
3369.6,2841.24,2366.67,915,40308.78
1589.1,1677.76,2309.44,82,15053.7
3713.24,1712.08,2739.02,652,20179.2
911.26,1490.89,322.91,745,17174.96
1396.72,1112.49,885.05,937,20534.7
4448.62,1531.83,2533.4,1843,51281.67
3824.25,1887.86,2110.57,1471,43468.52
561.85,2960.78,2714.85,574,12372.68
1617.69,2825.74,454.39,1097,23115.65
1464.83,2614.03,1911.8,1398,30946.05
1718.63,2689.57,1836.43,83,17316.99
1614.02,1509.98,396.32,296,20161.81
781.37,2040.84,1686.51,1928,31374.74
2565.23,2706.19,1945.7,1092,31909.9
3797.3,1300.26,816.49,1103,34213.7
3230.29,2892.93,1037.99,98,17464.81
3527.92,1364.2,2028.94,961,33454.11
865.17,1883.03,1564.41,229,16814.25
4781.71,2187.45,2616.64,1443,43861.76
4273.21,2861.66,1224.43,1957,55431.12
4122.91,884.93,1019.98,787,29364.37
4203.43,2289.17,2959.14,1468,40947.14
4697.2,1658.28,2760.07,639,33276.06
2949.14,951.96,378.28,545,23899.74
1401.27,2374.5,2380.97,480,28678.92
3275.53,1746.22,597.9,1280,44492.47
3842.97,2050.73,374.21,1108,33423.07
3820.63,1104.12,1038.98,1835,42095.79
2846.52,1547.57,1027.23,1656,40570.64
808.06,1928.59,2512.16,1486,30819.37
2170.01,1333.75,2218.8,413,26252.26
4643.45,755.44,2950.35,359,27796.18
3130.02,2892.59,2221.08,1031,37460.84
2922.49,1632.11,1429.29,1352,40010.31
1709.84,2254.98,2187.1,1225,34097.08
2158.02,1350.93,2998.54,276,20600.15
4529.06,1194.37,2217.38,1316,42912.76
3499.08,1340.06,2356.54,59,18988.61
4043.24,1345.75,2833.59,1902,45337.56
2544.55,1723.7,606.86,1465,45230.63
3336.11,1721.72,2202.92,97,16067.04
1617.73,1592.03,2597.18,1697,46962.51
3674.57,577.4,2876.82,253,23432.11
2424.21,1589.01,869.62,1038,26539.59
2491.45,673.49,1660.61,943,29517.87
3421.95,553.18,2137.5,206,23110.31
4713.26,2811.41,968.16,904,47681.16
788.03,1893.86,1921.28,75,4913.23
4211.34,2046.57,995.46,470,28014.62
1815.72,1325.02,1200.33,1893,46786.52
2497.64,2745.15,1492.1,1751,48216.44
598.61,1986.21,1728.81,810,24311.18
1854.71,2353.68,1513.29,823,34635.18
2761.84,1231.97,1631.63,313,18869.21
752.79,2888.03,1106.19,1602,24088.5
2709.93,2497.29,729.21,637,25074.68
4672.0,2591.06,427.84,1007,49284.16
974.27,682.14,829.14,519,15592.28
3939.98,958.7,1871.25,303,19052.64
2343.52,999.75,2422.51,1791,47444.28
3448.28,958.55,756.97,1619,44170.6
1671.06,2595.14,593.1,1220,32861.88
1217.72,289.28,2323.08,1399,31770.36
1222.08,413.08,1123.93,1411,22861.35
817.21,966.96,2869.05,789,19035.09
1335.41,759.64,2228.66,167,11655.66
3488.99,849.21,1182.24,1238,40073.8
4467.61,2434.24,1081.77,599,29991.9
4163.57,1776.75,1713.99,960,35875.43
3583.1,216.16,513.69,919,34752.48
996.94,1402.1,617.73,857,33633.08
1801.34,1342.08,774.82,1722,32469.1
1894.13,519.05,2391.75,870,24702.68
1624.81,2093.2,1687.41,1831,33497.92
2817.53,2165.87,328.53,1271,35312.52
2909.99,2218.5,2118.49,1447,39193.43
2105.99,2239.72,1443.96,1651,46395.1
2092.05,200.15,1679.3,1665,29008.23
4228.5,2870.98,878.11,613,26537.31
4051.82,2479.78,1789.81,1202,48907.2
1885.08,2731.15,2943.71,463,21556.79
4612.05,243.8,498.3,1453,40204.93
4787.67,2814.8,1066.58,929,41328.4
1970.34,2467.41,956.09,1042,26645.67
2094.91,2544.21,971.08,50,12440.01
2775.35,461.2,1322.51,216,21466.65
4735.04,2268.58,2508.9,65,30295.7
4443.44,2887.77,2764.72,706,37467.02
961.56,2099.93,845.98,161,11991.48
2267.29,1797.57,1765.96,1441,38285.92
2990.17,2847.76,2019.63,1175,40398.88
2764.1,1440.22,1708.93,643,31708.41
1372.38,1878.02,1472.01,1479,33908.92
4364.68,1533.75,818.33,556,31107.78
3546.23,2811.97,1618.19,1684,51078.04
4270.59,413.04,1383.28,720,32242.39
4364.44,1603.14,2448.02,1113,46645.55
3867.6,2123.47,2361.73,1740,48353.45
2476.45,2417.34,661.8,1621,37715.95
3247.46,1832.45,539.0,1454,37163.95
1221.64,2744.97,2752.02,808,30588.21
3531.4,2837.58,1745.87,1589,45694.66
1306.64,380.09,2616.06,546,28400.75
3622.77,1326.64,457.01,1959,46390.64
1533.19,265.69,1721.59,1014,18611.24
1028.98,1122.37,1756.45,330,15415.31
1243.78,1703.23,2623.9,400,25965.02
508.96,2750.23,563.55,383,11824.46
3734.33,2570.35,949.2,1999,47168.07
3795.8,557.0,1397.65,810,27738.0
2817.2,460.49,2637.77,1597,35040.34
1226.13,1849.95,2834.98,1356,26462.2
875.99,1689.93,2980.36,777,15325.1
586.08,945.86,2889.82,1392,30209.62
1245.87,2718.47,316.04,872,29006.72
4508.85,2796.63,428.81,1487,42925.29
1586.92,1327.31,698.54,1667,34761.34
2094.22,2692.85,1241.93,63,18229.88
974.05,1275.06,2540.78,1129,21437.11
1500.63,2263.09,2710.17,1476,41275.36
2836.51,1532.64,804.45,391,22109.02
3234.89,543.23,1973.09,1867,45838.25
1604.09,2798.22,2776.88,248,23901.43
759.79,1471.47,1552.08,1933,49765.69
2259.65,2256.56,579.57,727,20704.64
1553.92,1228.09,1536.1,1365,26731.85
1487.99,252.87,1314.65,707,26513.21
4819.38,481.49,1859.68,1514,46418.76
3273.35,1589.41,1484.38,127,19938.47
3005.95,2131.9,346.83,161,16930.91
2370.99,1137.26,2983.79,584,22663.91
2430.25,2147.37,1767.56,1448,37297.18
2934.07,2156.18,1578.8,1189,28561.22
3633.93,2171.02,2877.47,1215,45341.57
3659.66,1579.06,720.82,1041,23656.88
1272.62,2761.68,810.94,1270,27964.7
2750.51,1569.75,2481.64,839,27426.18
2353.81,1460.74,1004.24,1613,48445.92
4417.37,758.27,2457.91,1372,40609.46
3341.39,1061.43,1033.14,1149,34723.95
2896.27,318.54,389.61,579,15793.94
1019.28,1973.9,1695.94,149,17708.17
3225.37,895.9,831.05,1552,52833.98
1027.42,1051.63,2346.18,1022,27143.46
2017.43,2358.28,2031.24,1541,37539.15
1142.79,1116.22,2793.73,1709,25953.96
3614.33,878.15,2414.07,1950,50724.32
1428.13,673.36,788.1,1365,23374.85
2263.37,2369.6,2460.43,1064,29690.31
4530.54,563.18,2032.69,174,27141.58
1419.42,1470.51,2106.17,1064,25204.65
2785.12,1619.4,2547.11,568,25388.06
2386.72,2124.69,1849.32,72,21350.77
581.56,1973.19,1558.21,211,9064.92
4067.41,2470.02,2018.93,678,27299.92
810.71,325.3,1104.49,555,15720.23
2634.15,1030.03,793.01,931,30791.97
3023.05,984.38,1964.79,1937,41861.86
3327.92,608.85,931.39,1094,27744.51
3598.84,1009.7,515.77,1837,38096.55
1639.73,1067.34,301.5,1911,41321.86
544.9,1661.28,1942.46,1537,41539.18
3755.5,2058.37,1277.8,532,33078.77
2910.45,1267.08,2331.24,1575,39700.95
4262.53,2214.52,1312.98,358,31647.36
4196.25,1141.26,1612.21,1669,40693.02
4294.97,1012.79,1399.13,923,35234.18
2682.93,1715.33,2056.55,1626,35624.7
2001.33,266.41,1261.58,252,12433.57
4062.01,423.41,2902.17,1489,46598.65
2530.82,1370.31,2827.6,689,30483.05
1325.49,2840.16,2589.68,191,21406.66
4347.38,2220.23,2784.81,1929,55790.63
4471.52,446.75,1512.68,1053,30830.82
2598.39,2569.69,1748.36,664,29059.93
840.65,2250.44,2303.65,156,18264.26
2245.22,1910.65,2179.59,578,23277.83
4115.92,2496.82,2704.83,1610,47769.7
4557.98,1331.51,2234.09,625,29385.94
1415.63,820.2,2994.29,1018,24689.67
801.38,1633.67,1240.97,1927,33906.65
4448.08,1736.76,2549.09,1960,53010.47
2252.32,1707.31,2183.61,1822,41012.54
2937.92,1782.21,2166.74,737,21556.77
4856.3,2856.37,1179.76,340,44515.31
799.54,2726.29,2421.12,854,20960.21
3417.43,2652.01,2731.02,1384,42750.39
833.47,2443.97,890.08,1986,40924.2
2189.61,2841.6,1988.84,717,26087.38
4117.17,475.78,1358.76,434,23434.2
2450.63,942.35,2971.78,1126,27579.2
4987.32,1586.16,1592.85,1658,52314.18
3015.77,2570.3,916.46,1256,37580.59
1945.23,1614.46,1331.02,1442,38147.98
1490.5,2294.5,2065.36,750,32719.26
2077.34,589.09,505.44,62,9050.53
2176.4,906.76,1929.73,1632,40819.25
809.21,2248.97,2814.31,1009,35323.25
2163.08,661.26,2595.98,209,15055.15
2589.07,1183.8,482.72,1357,36766.15
3752.32,941.63,2982.15,614,26231.86
3455.28,1179.61,2186.56,1360,44406.32
3689.45,2183.31,738.16,57,18268.14
537.64,1229.97,333.52,121,11056.2
1479.5,1754.74,762.46,941,30097.06
3477.58,479.81,2563.07,147,12900.8
2677.95,2454.05,358.43,136,15380.73
523.91,1235.69,929.5,1915,31598.11
4120.23,2015.9,2344.73,150,30528.67
3977.64,2231.09,1882.5,330,21501.05
2967.89,787.05,2413.39,932,31095.87
799.08,2677.09,2314.61,1362,37132.55
3949.32,1925.43,436.62,798,32554.71
3126.71,1400.43,2709.78,245,28165.09
4018.82,710.54,912.99,440,14128.0
3882.86,2838.44,1794.16,658,36600.21
4113.51,2314.19,2039.58,499,29900.75
2831.04,782.47,755.3,1441,27095.28
1131.46,1145.59,2935.82,1503,27830.26
3520.21,2467.09,1618.02,1169,46530.72
3292.13,2147.9,455.64,1334,41254.45
3840.14,2344.2,2830.61,1585,51185.52
1264.46,1435.36,1882.92,170,18048.94
1377.39,2206.13,2187.82,1439,28424.29
4506.84,1282.18,1717.97,1858,50524.25
3874.9,791.54,2553.79,381,30050.1
4587.03,1971.5,389.46,1125,36904.14
3914.22,2932.84,1024.62,1469,51988.5
3187.2,1069.68,1568.05,367,18473.93
3443.6,1490.71,506.83,724,28318.59
4501.08,2087.2,2205.95,751,37497.75
3104.63,1716.22,1362.89,1350,41330.08
3345.76,2561.6,1036.2,1670,43737.4
1204.15,2332.88,309.12,1267,35183.09
2632.65,363.23,2243.54,742,26193.64
3723.79,2995.58,2551.29,1066,32278.47
1719.24,2306.73,1366.61,70,24348.98
1410.14,2618.93,1823.39,448,16387.24
1912.22,2023.35,914.75,1788,49870.85
1586.75,2597.6,1979.93,251,18179.39
1467.11,514.67,332.77,515,12980.74
2411.83,1173.67,1619.34,1224,34027.08
4585.27,2653.98,2039.35,945,36608.74
2781.77,764.63,2779.12,1232,24262.53
1345.64,419.08,1329.61,359,12317.15
846.37,2406.73,2366.01,553,22710.62
3632.7,2539.36,1913.75,75,30935.01
2222.59,655.43,2802.93,1894,35430.98
4198.24,2592.17,1375.62,115,28228.78
3467.8,2122.95,1161.56,312,23635.93
4083.09,1656.23,2695.28,521,30142.8
1723.76,2524.7,432.96,216,21722.1
3615.62,1373.9,668.24,849,27481.36
1688.28,743.18,522.49,1227,27859.5
4725.81,997.59,2576.4,392,33754.96
3363.68,1614.46,328.64,767,33340.74
1960.3,1687.73,2626.47,462,15567.03
1712.8,2455.63,1518.42,1738,37697.98
1359.17,2415.79,310.87,1257,30030.72
3625.88,1827.83,1384.44,1744,49699.52
1484.22,2386.2,804.36,1267,30590.35
3178.86,736.97,1985.88,1075,32111.27
1690.86,340.18,2134.27,1288,35003.18
3478.86,2646.17,1616.32,736,30871.57
4167.23,411.55,409.4,1660,48494.72
4001.11,890.73,2071.55,846,23646.62
3923.83,2146.89,2573.5,1712,46549.14
1344.75,1346.45,2244.88,532,12324.82
897.73,2653.68,2540.89,1634,38714.92
3645.27,1034.34,841.38,1105,36994.21
2157.56,233.24,2700.0,1743,36783.45
2445.56,1041.84,1169.92,64,11468.36
640.17,1818.61,336.19,1391,21803.03
1668.09,1252.63,2577.16,1919,49629.95
651.54,1697.64,2842.92,1316,30073.23
4456.34,2654.47,2070.01,66,24243.0
1595.29,2754.96,924.88,583,30964.92
3008.02,944.73,979.71,1829,40023.74
675.41,1493.99,1559.8,1999,33852.06
3500.81,1737.6,2724.14,130,18785.68
1953.62,2857.51,703.91,705,21972.19
4540.64,2996.13,2530.13,485,29262.42
4496.53,859.14,1086.52,1081,32195.09
1963.81,2235.54,2483.18,1068,44207.42
4554.32,1258.49,2784.73,728,27976.45
4982.71,222.7,1454.23,1360,32747.36
4214.37,225.91,1285.64,829,30750.76
4301.92,1489.58,2466.0,1874,49916.91
1620.54,1567.34,1729.6,235,18961.17
3095.16,263.2,2148.01,1597,35332.21
802.65,2123.4,1981.64,1866,34780.2
927.13,1023.21,712.8,471,22398.9
4995.02,1767.7,2580.93,1889,45805.8
1969.88,1042.57,828.59,515,20336.08
3866.83,667.98,2817.16,132,24216.36
4129.99,1340.09,976.54,616,32727.58
4361.1,850.37,2281.48,692,29245.76
4989.33,1697.44,1068.57,1710,42906.66
1586.73,756.72,1158.02,1556,39899.57
681.58,1623.54,1137.01,374,11678.13
2350.36,640.66,2319.31,1492,42833.27
1085.36,2078.73,1803.4,100,15123.65
600.92,2311.03,2683.97,1100,25875.25
2121.92,509.1,1129.91,726,23065.31
4026.82,1509.85,2168.38,1030,42127.52
3047.81,398.44,2332.96,1985,44767.96
1907.5,1874.91,709.0,842,21718.89
3444.54,940.33,1381.59,1618,31678.96
1544.08,1677.35,1603.61,1135,26928.91
564.72,1648.89,1260.36,706,22734.05
3939.59,2788.19,1169.7,1244,36607.47
3306.84,1737.43,2153.33,1359,42813.55
3930.36,1832.4,882.84,1882,48317.38
675.22,1324.63,2215.36,166,14948.14
4267.04,2857.42,2824.62,1077,30783.8
3287.87,2376.12,1826.03,1139,30335.24
3035.28,999.13,1950.87,1133,30444.1
3310.76,2563.79,486.12,954,42990.98
4389.95,1410.71,2634.09,551,26969.38
3141.21,2520.27,1070.71,848,31421.93
3114.28,2504.09,1960.64,906,44607.85
4958.06,728.84,2943.6,1302,44599.47
3905.29,2163.2,1907.86,1173,43908.06
2490.32,1013.8,2256.72,1192,28931.2
3683.29,1032.98,1502.36,118,25251.62
2251.54,1029.77,462.99,713,28671.31
1529.94,2231.59,2453.52,841,29670.46
3185.83,843.51,394.5,270,17605.75
4676.82,202.54,2191.78,1059,38248.25
4681.13,2202.66,361.89,272,18937.24
2038.57,679.32,2628.22,726,28524.12
2874.55,492.55,725.62,1577,31720.2
1452.36,865.05,1688.53,260,12038.65
4980.34,1263.72,1912.31,1864,57812.15
4915.03,1532.54,1535.37,980,43523.97
3422.79,324.8,1220.06,1648,30967.64
4119.86,2917.61,1563.1,935,33752.9
3717.95,2204.98,1140.82,931,37721.32
3169.21,1104.94,1482.93,311,11933.55
740.07,1092.35,1269.07,567,22773.44
2546.44,1455.92,1828.75,1321,35588.24
3536.54,1953.49,942.4,1814,53253.13
3548.89,609.84,2969.37,847,26672.48
2179.05,729.0,1652.35,1330,28319.84
4737.61,2606.42,824.24,1136,47079.46
1253.11,917.51,1588.08,1465,29353.75
2751.62,1264.55,2639.32,589,18968.99
3608.98,2639.56,358.88,1930,52210.21
3637.11,2056.81,2134.8,466,20078.85
3418.88,1156.79,1779.51,102,26081.18
1738.8,2114.36,757.81,1837,41391.42
1202.93,255.11,2507.19,87,4789.91
3361.73,2259.8,1295.99,357,30729.62
3196.86,1563.64,1093.27,895,36118.05
1307.1,2476.91,2535.94,1724,40431.99
3673.13,2872.99,2024.02,947,48911.19
2548.27,2792.21,2725.3,102,32799.22
3504.92,2745.94,2000.69,655,33798.42
4268.15,1634.08,2300.21,1679,52786.23
1263.78,1208.4,2558.4,501,24935.86
586.15,1502.1,447.8,510,8770.15
4005.96,2131.71,2395.33,824,36657.63
3243.64,2675.19,1957.01,1559,41167.5
3648.38,779.56,487.67,1908,40042.79
4271.7,2770.94,1673.16,1210,43475.41
4112.65,2482.5,522.64,1445,44631.15
4824.14,2940.8,2287.06,1329,39738.15
2911.71,2664.7,1775.55,444,28161.38
2698.23,983.82,2874.65,1110,31043.34
2308.49,496.68,794.47,1727,43318.38
1191.61,514.28,1936.29,1220,32047.72
3076.73,1015.43,871.27,1081,26592.24
1746.56,1919.71,1957.98,1324,40261.37
4645.88,2452.1,2251.15,696,38947.62
3124.36,2717.9,2250.22,1644,44814.24
3167.78,1946.51,2500.7,1708,42597.4
2097.16,215.77,2604.59,1520,28131.49
733.95,721.69,508.63,312,3789.92
642.85,479.23,1226.82,681,6143.36
2405.01,1217.31,2155.23,1512,37196.69
880.54,1603.78,1646.18,1332,19227.62
3230.81,321.51,814.83,1396,29793.28
4464.38,1175.74,1792.32,579,33037.43
4473.12,701.7,1400.08,350,32017.1
3465.7,2011.8,1353.1,1938,42714.64
1450.54,1499.96,2486.34,534,23318.42
4383.49,1586.89,1400.52,141,22032.71
4487.42,1397.54,371.43,1237,36038.77
1384.94,2876.86,456.77,1729,40158.96
3818.42,801.26,2611.86,1408,36588.0
1789.34,1646.66,2893.62,1998,43894.81
4111.88,2260.85,2158.71,364,29127.09
4987.57,1759.16,1283.79,1987,59530.6
635.12,2801.26,2834.22,994,35264.99
4538.15,1258.31,2089.57,287,23226.55
3301.84,1498.29,2579.7,1759,43882.59
4880.22,447.86,2367.8,132,27177.19
2592.54,1905.2,1323.68,718,25862.05
4313.25,1006.99,1592.5,1182,41128.6
780.77,648.87,802.56,227,13428.6
2008.76,1724.69,1088.44,299,22746.84
801.57,1690.47,2400.94,814,23068.82
4889.04,412.44,2713.74,1640,40305.57
4176.38,2155.0,2256.04,716,33259.0
4336.46,1946.56,1555.97,952,34238.72
4720.84,729.25,533.58,140,25190.83
882.97,1514.42,453.76,388,21322.64
2235.19,2216.9,1310.68,1711,49036.47
819.66,1682.42,1552.32,1922,42700.0
1448.57,1307.37,1944.63,218,9660.28
1532.15,1102.55,317.52,1212,34026.46
2610.98,1909.1,2972.25,1590,44033.22
1708.53,2829.5,1282.63,627,20722.72
954.4,2080.89,2589.86,1696,42024.36
1253.71,409.29,1744.41,1257,25377.05
1162.74,1489.92,652.19,829,11711.32
4878.85,2694.31,2453.43,219,25947.72
3916.82,464.49,2216.53,411,23507.66
4854.93,2968.85,1724.08,293,31245.13
2478.83,2857.39,1689.29,1916,42118.98
1752.66,419.17,536.19,187,14511.78
4092.32,2813.56,2070.79,1101,43799.87
1968.14,1216.77,2760.36,568,14949.06
1847.23,2565.19,551.76,1471,49541.9
1546.28,1371.47,1011.48,382,10122.93
1083.56,1434.39,2736.23,1014,24013.5
1654.08,1975.88,1067.73,1390,35330.04
2098.94,2368.54,2065.65,612,23364.22
3532.97,294.61,1744.01,475,29679.5
781.54,1860.84,1910.08,1209,27496.39
1447.28,722.85,1422.63,1763,30633.02
4140.61,1168.66,1109.98,690,32518.96
1161.15,1174.31,431.04,758,4742.29
2041.9,1513.37,2309.56,1340,36924.65
4390.97,1135.58,2314.45,156,30114.98
1197.16,500.61,2110.96,609,5726.56
872.32,607.76,2037.81,187,7985.21
2680.42,293.63,958.04,1984,32882.39
1860.89,1516.7,360.33,664,21217.91
3035.34,2872.45,2483.53,96,34304.39
4117.12,523.89,1626.07,1738,45044.46
1117.17,2849.54,1128.46,417,18404.98
3113.15,2253.41,575.22,55,4598.97
2774.79,1985.0,469.35,572,18882.37
1148.35,2006.78,1241.94,578,19133.44
3307.99,2514.84,2472.79,1728,47972.66
1731.38,499.38,2780.55,1345,32685.33
2695.25,1613.31,2721.23,1897,49511.59
870.23,2151.86,2784.0,115,9608.47
2568.13,1843.1,2750.86,469,24685.62
1879.09,2531.78,1723.51,1412,34432.47
4200.72,402.36,892.42,983,26953.31
756.4,2133.96,2454.73,547,15413.87
2383.73,1695.28,877.03,1542,39976.62
2562.94,1261.65,1021.46,380,6607.53
3762.53,1152.77,929.79,817,20492.01
3084.29,1938.33,1690.45,1050,49836.83
3502.46,2694.79,1168.93,1712,43564.21
3996.72,1589.29,716.22,1204,44702.32
4379.91,2509.22,1523.57,579,32545.49
1912.44,1326.04,2659.55,1792,37670.05
2921.1,486.7,1840.49,1674,42191.19
4280.49,372.22,2671.51,1511,42297.71
4952.53,343.74,828.85,292,22775.58
4502.84,1264.42,750.83,1536,43021.34
2171.6,1144.27,1854.06,399,20984.6
1378.25,2210.22,1550.99,1090,25782.64
2702.27,2279.9,2082.47,1539,39016.33
3837.39,342.39,2445.49,784,24196.47
2716.56,819.15,2328.53,931,22523.54
2674.31,967.93,2844.11,412,30913.64
4272.04,1733.31,1375.29,1283,36169.49
2126.32,604.64,857.24,1064,31116.78
4369.08,575.04,1787.46,1684,42527.7
2330.62,2842.61,599.01,574,28147.67
1977.05,2451.77,1079.9,880,28270.93
2542.95,705.83,861.3,831,15418.81
3931.01,1338.39,1370.72,1772,45875.63
1067.01,1195.74,600.28,469,17866.57
1383.89,2414.81,385.97,835,19818.34
4781.5,1628.6,2073.34,182,38121.91
1289.71,557.98,1947.67,63,13419.49
3054.77,2269.18,2212.57,1866,51795.33
3106.92,1311.29,2083.04,1117,38436.34
2703.31,936.19,608.6,1450,22893.04
3401.35,1251.4,1085.91,344,25396.06
1534.22,1593.72,649.72,1469,44027.25
2986.98,1160.72,2576.03,1177,38247.75
2174.78,877.34,2316.64,494,18944.27
3477.5,1315.81,844.12,1135,28316.87
1135.51,253.68,1221.53,1638,24661.15
3068.95,2362.99,2909.86,1894,42599.85
1333.72,678.65,1904.23,461,13766.16
1753.89,322.93,2463.12,679,14842.89
1484.19,2030.36,1014.4,370,16887.08
1322.77,2367.02,867.14,1204,31377.61
4215.7,2478.72,2416.58,1884,44256.05
1785.68,1581.83,2151.86,867,22440.79
4672.06,775.03,2138.64,1272,37273.41
4864.67,2264.24,1792.11,954,36790.44
3070.67,2159.2,1821.66,85,20343.67
1143.51,889.56,2286.38,840,22460.62
2185.47,2729.54,1029.01,1289,33740.21
4089.8,492.24,1252.47,635,23358.24
2153.26,2951.53,2653.42,355,24206.73
891.58,2608.69,1133.94,1640,43597.07
3005.53,2126.12,1775.04,1057,27180.26
4303.04,2828.5,2197.13,942,45405.43
4081.67,2222.47,2999.8,61,16855.2
1288.05,733.28,1475.29,132,12120.88
3527.44,1438.04,1455.85,1105,39942.64
1492.27,400.21,2574.99,1481,25031.0
1481.93,1291.04,2474.86,1159,30910.3
4433.32,2276.49,2273.9,1817,46643.22
1623.51,1282.04,1550.72,1484,39244.44
1684.61,1124.82,1174.64,1006,17544.79
502.94,1867.0,1943.57,1860,32757.81
4418.01,2642.17,2665.8,762,38146.97
4066.68,333.23,2686.2,1636,46487.23
3322.98,1279.32,592.95,1905,44962.65
3876.2,643.07,1456.55,1329,39525.86
1184.22,2146.99,1554.75,290,13625.96
2562.46,496.03,2939.56,1790,35279.43
2080.49,2061.46,2130.59,947,37138.57
921.99,1001.31,1399.57,945,24378.94
2687.59,756.97,370.36,956,23871.84
4643.33,2821.79,1826.54,1781,44790.75
680.27,251.87,559.41,1525,32748.34
1811.57,1425.78,2553.01,805,31793.06
1433.93,260.56,2331.8,1905,36034.16
1571.66,1554.06,1543.37,1074,24511.16
4587.96,1602.93,1458.87,650,30750.23
2606.31,1100.65,2722.82,331,19382.35
2598.35,570.05,1078.84,700,26332.66
3922.59,1253.89,972.35,648,22437.48
1195.21,2082.34,2835.83,1587,34303.76
2692.69,2390.71,2484.96,1028,33602.01
2434.93,1686.1,2515.69,1934,46564.12
3186.1,1851.54,827.02,1753,47954.98
4998.01,761.73,686.9,1192,39885.06
3962.52,1004.52,370.28,1061,41801.33
2290.4,653.31,940.01,949,20250.95
4223.99,898.03,2390.31,1578,51145.0
1268.19,829.68,948.1,1153,20425.11
637.09,1654.46,2268.58,1696,33048.08
1420.02,1775.53,980.15,1750,39303.85
2031.85,2845.85,1367.29,943,36754.95
2797.61,747.6,2954.54,1006,28552.09
3268.08,1996.69,960.99,268,24164.77
4597.73,2488.33,1316.2,1590,46910.7
2794.34,1768.68,1112.94,1984,34350.2
2755.74,914.01,595.99,776,24367.33
726.09,935.14,1622.71,1058,16769.31
657.1,309.91,1322.46,1780,37812.0
2980.22,1055.24,2176.2,1539,45473.91
2471.8,2284.89,2507.51,1867,41883.02
4276.31,333.05,1769.47,567,21579.51
1223.06,814.03,386.93,1964,33339.41
612.37,2177.45,1971.09,861,26182.44
2520.67,2391.42,449.55,551,27004.59
1568.65,1474.89,1964.16,107,30622.21
723.26,2154.61,2149.58,1410,30750.42
3760.69,1286.27,833.97,1583,41966.58
1002.17,647.76,2512.23,863,30939.66
3237.44,1314.82,2759.93,663,29701.16
1764.72,1823.91,2495.33,475,15962.49
1280.73,2854.55,1123.79,1633,40028.67
2208.88,392.5,1883.94,1443,36259.88
4106.51,1620.7,2770.0,1484,42786.27
2264.42,1120.98,1165.79,1861,44354.56
3878.46,1623.27,2514.08,932,38648.11
1064.69,267.13,325.58,1748,28792.85
3977.47,1076.47,309.85,1917,53820.6
1566.2,2495.63,2351.22,481,18588.03
3548.27,1751.04,2355.91,1269,41370.51
3046.02,1461.63,2430.24,1450,36409.35
4681.15,999.47,2811.07,997,29046.29
2242.95,1034.52,618.35,1438,34850.86
797.74,1272.68,926.36,1909,45748.87
586.2,2539.6,2740.06,1717,37936.45
4220.86,2908.2,778.54,984,31143.09
2861.31,1428.24,2142.02,454,24504.37
3988.6,1301.39,1732.25,541,23704.28
1554.92,2570.34,524.62,115,20262.68
2052.88,1395.33,1070.21,961,25648.08
635.47,1745.65,1705.0,440,6895.15
4826.72,846.64,2601.35,132,26908.35
3505.41,2281.81,2210.35,1052,38134.81
4699.42,1689.57,1979.08,530,30004.27
1694.73,2465.3,1639.29,826,21997.53
3251.59,2386.05,1106.45,1302,47864.93
3553.25,802.01,621.96,834,25678.81
1928.97,2203.78,1404.51,1804,46152.88
4316.49,2440.15,377.0,1298,39546.23
4762.23,1169.1,869.85,1186,42179.23
4481.85,683.31,1467.71,701,30143.26
3825.8,207.37,1430.23,1258,34697.29
1748.59,1462.53,419.6,1585,30361.3
1767.27,1186.81,1890.46,1246,33107.79
4835.12,1753.75,1784.15,1961,60415.02
546.28,726.52,510.88,572,7967.4
3722.22,2607.06,2846.54,1982,49311.97
3678.11,921.71,568.33,1744,57019.07
3302.1,834.0,2608.05,254,15824.2
4955.49,1546.0,300.84,791,31126.14
1903.46,1596.78,2682.16,1611,45435.19
2029.87,802.24,353.24,368,22363.83
855.23,961.21,2346.09,1232,14839.59
2492.59,675.17,1276.57,327,20878.55
1674.72,2211.69,2293.19,951,28096.06
2045.24,2356.25,1384.71,197,17625.72
4255.57,1494.52,491.45,827,37899.51
4709.68,2199.44,2372.27,1156,41088.16
1335.8,2260.62,492.38,468,16056.14
2176.29,587.17,2789.73,587,19806.1
4678.84,2905.3,437.63,1656,48130.42
778.14,2498.89,1594.18,1622,37700.18
915.62,772.55,2252.19,441,21302.09
1232.56,721.26,1361.77,1206,28195.37
3178.46,551.85,886.53,989,28504.3
1177.13,587.46,2349.55,1711,36981.25
4856.34,2294.85,2417.6,1700,55724.87
2510.22,1515.03,2791.28,1677,44422.44
2756.83,2392.22,1315.65,291,18954.38
1609.96,2289.51,1666.88,1524,39028.77
2619.32,1892.92,1280.45,1048,21126.58
3478.61,2121.83,994.12,1273,46073.81
3880.3,251.4,2327.79,1792,51613.72
3892.41,1072.98,1217.06,1190,40385.26
3100.51,1985.9,1456.0,1292,43769.18
4569.62,226.17,1389.92,1378,38594.04
4178.34,292.34,2224.19,292,18739.34
3906.72,2585.29,2778.05,1365,38451.48
750.22,2115.27,2100.24,1025,31484.5
530.95,943.04,1573.27,1867,30638.69
1456.01,2126.3,2403.85,1374,32675.48
3485.86,2418.88,2030.62,1902,51060.81
2350.39,1059.02,463.65,733,22555.65
2310.83,300.9,558.29,1461,32839.24
4480.64,2811.78,402.38,637,24552.49
4530.03,1166.5,1533.4,1282,39023.9
4591.29,498.15,2529.8,1387,45425.91
1912.45,1577.2,1145.32,666,20315.03
3609.75,2351.71,1337.23,75,17637.77
1722.35,820.61,2755.59,912,30086.61
1357.74,954.57,2559.64,128,10295.2
1330.85,879.6,2095.63,1061,26473.06
2039.48,2976.68,1020.37,177,18300.11
2434.81,752.73,616.01,462,18296.52
4239.27,1811.46,343.36,186,30759.62
1039.51,2790.74,588.93,1407,36123.75
3807.17,611.31,1090.01,597,19190.85
2891.55,2918.39,1789.83,437,25134.3
1795.75,2852.94,472.8,620,22077.65
2717.69,2676.8,667.82,1303,38435.2
1849.74,800.76,788.92,1065,30181.84
3182.37,1975.35,2006.35,470,26286.08
2452.3,2330.5,1962.63,1197,35430.91
1239.82,2960.88,1787.07,1161,21031.55
1024.62,705.19,976.35,1922,42182.55
2960.13,2344.87,1302.02,190,20499.18
4560.86,1148.64,561.06,1989,50980.68
2047.81,691.75,911.44,1858,39349.36
3798.5,1379.86,2723.8,100,18080.78
3463.98,2422.74,2945.17,1036,36762.27
4692.0,1501.58,2048.68,1640,43799.37
4194.41,1705.06,2775.42,978,44371.76
3049.72,2986.45,2035.4,1478,32529.29
3456.64,1317.51,389.63,1410,32638.21
4542.74,1923.12,2991.26,711,33928.49
2297.83,1222.68,567.17,1738,45703.99
1970.58,1299.8,2143.13,1804,43707.31
548.65,2147.79,982.66,1804,27983.08
4219.48,2826.08,1358.35,415,29958.68
4104.41,1718.61,2044.02,957,39592.02
970.05,2351.52,1478.52,1984,52648.17
3095.86,449.78,976.47,1047,27272.92
2587.92,791.24,1203.0,903,20339.6
1034.19,1605.97,1222.18,307,15799.84
4912.56,256.03,2890.17,1461,43077.62
1466.13,907.99,2456.26,94,14347.88
802.55,1648.72,1538.08,318,17493.41
3176.81,241.89,839.52,1384,35163.21
3824.9,940.73,2489.74,721,32464.87
646.0,1639.29,724.39,1068,31918.7
3464.23,1804.82,868.25,1351,37029.91
2895.31,2792.1,1288.24,906,26965.2
964.69,2006.97,2676.94,1548,36998.14
1276.36,1361.26,655.82,1640,27259.11
3055.88,2804.98,630.03,194,16607.6
1833.61,2397.67,1633.73,284,15241.09
4722.42,760.02,1046.31,740,24758.39
4184.33,566.36,1835.57,769,35811.47
4926.05,2092.27,1519.42,1209,43302.39
1668.52,1767.67,1474.39,1518,38862.51
4863.76,2411.09,602.33,402,33078.33
2440.55,2268.65,680.83,1467,36666.39
2063.83,1950.59,2516.91,1043,36152.87
726.57,2961.87,2691.88,324,16513.65
737.44,1694.05,933.65,1457,29459.95
3614.05,516.7,606.34,959,25669.34
2560.68,2519.17,444.23,1396,44490.66
1519.35,905.19,1942.4,1256,28487.46
3262.87,2376.45,2231.45,1646,48431.98
1637.86,2879.9,1306.59,489,19791.83
3099.34,2151.03,2135.12,1136,40707.82
2116.44,1868.88,2224.99,1946,48364.41
4205.99,1489.08,2825.42,1800,41153.49
4193.13,1220.35,475.16,921,32498.75
2648.08,1188.41,819.19,700,24663.36
2078.69,1981.84,485.02,992,26787.98
2131.52,2303.56,2643.58,1719,49791.14
4125.72,2099.85,2439.99,83,18406.35
1976.81,755.55,1851.53,754,20324.8
1440.77,1583.16,525.89,916,19599.92
881.1,2416.59,1037.94,1034,31755.44
2600.12,1531.97,1103.84,881,22786.47
2669.59,1702.55,1814.01,1550,30374.61
4284.09,2359.18,996.72,1160,42353.01
1495.57,2051.54,496.99,1283,30124.34
2214.46,1346.17,2273.06,511,27114.31
4137.83,2707.16,1107.52,130,29403.19
4206.31,655.19,1521.41,371,23734.89
2230.75,2987.45,644.7,464,16690.23
2566.06,532.79,2466.88,1924,36302.77
1864.79,241.86,1826.94,1041,16145.35
4696.5,2692.05,2734.28,239,30150.32
1033.9,885.87,1637.77,1933,33765.9
4701.87,2243.16,2841.85,1306,44834.02
3577.4,2470.84,2708.04,441,30171.72
2892.07,2605.16,1856.44,1242,47765.92
646.97,2976.46,2821.51,1516,39628.63
2640.18,1023.31,1172.34,1836,41409.39
2334.87,2188.68,1287.23,217,11276.04
1225.48,523.12,422.79,1304,25952.32
3453.84,1339.07,1890.84,1223,40861.05
4870.18,2574.32,2249.19,713,39601.95
3029.85,1229.44,2388.5,1623,36018.8
3716.39,1855.07,704.5,1459,39049.71
808.03,1610.57,1499.23,430,15953.64
2379.5,2008.66,777.53,1882,41074.97
1023.61,2924.1,2087.74,1348,31409.87
3257.58,356.06,726.46,1690,27884.24
4723.17,1807.09,2741.24,947,35244.53
3478.0,2616.48,922.71,1933,50857.11
845.61,1547.87,1086.79,913,26668.4
2096.0,419.88,2597.45,111,13674.4
2977.99,1769.51,1537.86,1540,45620.27
2314.43,1129.81,364.79,577,19963.87
4251.4,633.84,1635.38,911,27893.47
4166.02,2577.3,528.27,199,23046.39
3253.24,1660.48,2960.43,1215,40308.27
2180.56,2813.17,1887.9,165,18908.91
1649.01,2456.85,992.64,873,23724.4
976.43,2140.32,1822.04,114,5519.15
2097.04,214.07,507.54,1502,26612.21
2359.28,1397.91,2459.71,359,18522.88
3541.2,752.96,2798.39,755,26279.02
3461.72,2750.23,2661.0,903,31681.87
815.49,688.84,1222.75,1503,36582.15
2278.67,1000.97,1179.57,1073,31290.55
1318.0,1647.14,394.74,1234,39169.36
1205.66,937.42,2058.78,355,6614.09
4222.86,787.62,1744.24,1434,42154.15
688.62,1877.48,1540.24,1351,27607.36
2386.32,449.0,2750.6,1369,33543.31
1256.92,362.87,753.27,1624,39933.05
4456.99,1242.29,326.1,922,24601.73
3006.68,2217.86,497.95,218,17737.36
1541.21,1753.46,903.1,1532,30627.0
2760.92,1384.05,389.87,1653,35951.18
3791.69,1784.1,1657.68,1080,25902.21
4811.53,1223.26,1148.04,1670,53119.98
1492.01,2821.21,787.3,1784,47451.66
4487.82,353.73,2325.23,1205,40472.5
4704.37,2085.5,852.02,637,26190.24
4623.89,2695.59,2156.53,811,39872.31
3359.36,2450.88,1243.02,396,30381.77
3334.19,715.31,1681.93,1004,32692.76
2314.45,1028.59,2821.44,1794,41029.55
3885.79,2207.73,400.85,1669,52350.83
2890.82,435.96,1650.71,784,21533.71
3548.47,2473.21,2606.94,1326,41518.8
2428.06,2212.94,1887.53,459,26972.48
3791.73,2242.9,1047.55,592,31277.44
4210.12,480.68,1373.74,404,26589.63
1158.96,2209.73,2136.72,762,26905.35
4248.18,2103.49,2705.19,1637,51183.96
2931.33,2526.58,410.88,1441,37618.04
4301.0,316.47,493.15,633,22538.87
2440.86,264.71,1177.64,560,19783.06
2205.68,1244.42,928.51,582,28604.41
4617.77,616.61,1015.31,577,27637.77
1630.26,1763.48,897.43,996,29657.56
4298.96,2768.58,828.73,1601,48370.05
2678.09,1296.14,652.68,1475,46079.35
2813.43,2565.86,2821.68,1248,38447.85
1888.11,200.67,689.31,873,24106.62
3078.69,671.84,851.89,1997,40039.39
1963.45,285.19,964.92,1923,32071.31
676.71,1118.81,2819.14,127,10754.61
1723.99,2742.93,2340.43,489,29763.17
528.71,471.47,2432.19,1825,36632.17
4902.6,1897.95,582.85,598,21710.78
4845.86,1464.19,2558.04,1305,47369.19
2278.2,2827.71,1402.12,449,16652.08
3777.67,543.05,1009.62,1286,39443.89
2056.13,793.68,1854.53,1266,33356.24
3519.92,282.72,2519.89,1645,40061.18
4124.44,1415.02,2402.36,750,36166.69
4760.4,977.93,2702.99,1340,41422.53
2300.96,2635.74,2805.96,175,22172.4
4024.84,1893.83,942.93,1788,40150.03
1696.68,1919.45,1444.42,883,25010.15
4956.5,1689.35,339.5,1455,48929.64
615.96,457.18,2674.17,593,8884.17
3215.88,1446.05,717.34,551,28523.45
3467.78,2998.61,2625.98,1476,35730.92
3596.21,2538.64,1189.35,873,28269.17
1041.74,2701.69,1293.96,1334,31199.64
4723.38,2505.03,405.66,436,31340.63
1315.32,488.52,1182.57,461,11442.0
3302.39,836.86,2698.58,1419,35424.83
1502.04,208.74,368.98,1167,29325.19
1882.47,1049.83,1397.08,377,22803.12
2959.06,504.1,384.78,149,12342.95
2377.37,1523.82,1301.49,1870,40228.72
1221.02,2095.96,766.13,510,17276.34
1269.21,2648.61,980.99,1388,44944.26
2381.65,2297.81,2669.52,74,19167.88
3907.77,2828.04,1477.33,1991,61088.59
4540.84,350.92,1039.25,543,29927.7
878.57,234.1,1891.21,402,11505.6
2268.97,2051.75,683.69,918,25039.78
951.11,1010.19,1000.36,1190,29103.8
574.67,909.8,1774.87,248,6477.98
3477.73,1126.48,941.31,1352,34803.21
3211.02,955.43,2133.64,1655,44593.35
1233.59,1632.02,1627.03,896,23076.73
1552.16,1432.42,2384.37,1152,27609.82
606.68,1634.8,2860.26,1497,31048.41
4257.26,2083.6,612.67,1427,39441.18
4886.11,1283.97,1203.6,575,33013.14
1109.57,903.66,1162.78,590,16840.31
1541.64,665.36,708.19,1729,27262.72
4407.84,1178.53,2487.82,526,27165.37
4669.09,2277.06,2351.67,1928,52624.38
2388.32,2318.77,1607.95,59,15796.0
727.8,2067.34,1751.98,1632,37913.69
677.26,855.28,460.77,1576,25447.15
3082.77,1846.64,1799.87,1333,51634.51
2268.03,1797.93,2436.62,573,31419.03
628.94,1555.95,1849.33,859,28565.83
3124.64,1739.94,1016.33,1811,39024.17
550.86,1577.01,2102.38,821,11028.61
4043.17,1783.28,1276.02,1669,44015.16
1878.95,2203.42,1771.16,1933,45333.92
681.16,506.96,1616.43,909,18568.47
3147.58,2298.95,1329.17,1079,32584.48
2289.58,580.48,2240.97,1983,33368.1
4882.1,386.56,2686.47,1832,45512.78
2948.89,2933.02,314.07,1108,34315.05
1738.58,2879.58,2820.76,224,18415.93
3692.47,369.22,1681.09,491,20834.47
1721.71,1441.11,2191.98,1650,33450.03
4569.09,721.49,2610.19,1220,47718.51
2186.25,1558.97,1561.18,1642,42062.64
2974.41,2524.5,2554.43,1266,44314.4
727.58,2861.71,779.57,1086,29148.66
2417.55,1975.91,729.75,1977,37849.18
4245.64,1190.94,2075.17,1603,48421.73
4125.42,1889.31,2649.39,295,34074.42
1509.43,1073.6,2709.55,724,29870.84
1517.36,2747.51,2038.1,1928,47487.7
4177.87,2637.12,1718.82,163,26519.0
4686.79,1763.05,1194.76,1061,38679.56
929.12,1109.44,2946.0,843,25132.48
2525.26,1021.49,1163.18,282,9119.36
2018.54,293.57,2309.3,1751,40115.94
4418.1,2484.3,1736.35,1029,37509.58
875.86,1461.07,1942.98,1395,41460.42
1450.07,1110.37,1362.4,1611,32481.67
3886.11,1519.11,2905.02,175,24938.6
730.82,2492.47,1843.54,1386,33262.63
2716.41,548.92,2832.03,560,19382.16
2489.48,2601.44,320.5,1557,42023.32
2004.81,2713.02,1846.21,330,23489.19
2275.58,2850.78,2236.4,847,36449.42
2884.73,1312.97,2311.72,1027,35554.17
1226.15,807.99,2743.44,952,25061.76
3073.98,1246.19,311.88,1356,30868.62
4124.45,1132.15,300.89,700,24518.09
3920.72,693.23,1575.11,1686,51128.75
1192.55,1900.35,379.09,441,17000.55
1171.62,1534.55,2931.24,1596,46237.69
1706.78,2623.96,899.58,431,16774.02
2124.84,289.91,1576.19,265,25084.17
2338.05,2002.83,465.07,591,18496.62
3558.64,2336.26,1709.53,655,28681.28
755.06,2326.56,1325.88,165,15433.85
656.03,2681.01,420.58,558,23665.32
2263.6,2241.29,1204.84,1573,42629.42
3637.24,2797.87,1356.88,320,17427.08
1370.46,1131.44,2972.79,1513,31364.97
3386.77,1608.99,861.29,1364,32124.8
1669.23,239.42,1770.9,1112,18411.2
4487.39,219.48,2965.75,1097,36253.15
4530.6,872.35,2438.45,825,23042.96
1837.79,482.26,2982.09,1116,33100.64
1534.97,928.59,2914.41,1243,33838.69
2350.87,695.72,1621.76,389,26054.22
1582.39,279.86,2180.21,218,6875.0
3525.73,2746.05,598.2,1888,44225.61
4217.29,223.02,1491.1,1611,46600.11
3528.91,2261.03,2484.35,1765,53777.26
4209.58,626.01,1664.41,1545,48401.94
2286.46,2754.24,2197.29,711,34787.04
1203.43,2699.83,2313.53,1718,41413.49
3820.78,2030.92,984.37,192,20820.23
2122.14,2082.26,2664.39,1749,46365.08
3520.72,214.95,1541.52,1174,30174.95
1717.9,2957.64,867.5,624,25221.46
865.53,2657.93,2636.62,1678,36896.6
4966.62,2706.3,1428.11,1792,54887.71
1202.91,2045.88,2325.84,524,26799.99
4947.89,1165.4,1779.69,360,26369.12
4897.76,2702.22,1331.05,1657,48653.72
4072.18,1016.25,2486.67,1133,36546.45
3467.4,1775.59,1878.07,1102,29996.34
3100.13,479.25,1354.52,580,25838.38
4397.46,2781.48,595.91,1040,40076.94
1802.48,594.16,2717.7,122,12886.62
2604.57,829.71,395.77,1467,35562.37
3287.25,1762.78,2630.61,918,25998.13
2350.36,2339.46,1271.9,443,29951.29
2423.69,1934.18,2026.21,1831,41196.83
1986.28,849.97,2789.94,530,18756.04
3039.04,202.64,709.61,522,24210.75
4327.59,2320.02,1830.77,362,32325.71
1406.88,2958.58,2363.97,1511,48704.18
4704.95,2467.76,2345.48,1001,36380.76
3600.89,1488.58,1719.21,373,19740.95
4204.73,2730.55,1986.8,1062,34696.91
3002.86,1347.57,2345.32,1014,32975.2
4007.83,1669.82,2570.77,136,22474.93
572.9,1535.96,2356.9,408,11777.63
4182.71,1453.35,1255.81,744,31047.47
680.62,2370.53,2991.16,246,11138.34
4504.61,1674.95,1473.16,805,42028.56
4963.83,1086.81,366.05,1913,46054.57
1823.3,922.84,1279.07,1026,23034.66
1446.43,305.69,645.01,1458,16627.95
3944.14,1832.95,627.9,1191,29327.66
1638.62,843.89,1060.14,547,14635.02
4395.03,614.77,444.11,957,30464.42
962.79,2030.72,2158.98,980,29943.46
1066.8,2107.39,499.77,1957,32111.2
4906.18,2306.03,848.88,511,34573.02
3532.28,1610.02,550.83,1569,44187.96
4310.99,2703.35,470.55,1667,51612.24
1959.48,2821.76,1022.93,1019,36449.92
3544.18,2460.64,1844.13,1320,35497.78
3174.09,1979.66,2904.65,283,27089.1
3214.18,1050.42,2664.0,466,33203.41
3571.4,2952.25,2665.02,1540,54065.57
3089.12,967.58,775.38,1555,47236.38
2430.78,767.44,1015.25,1438,34649.88
1741.65,1438.03,506.26,202,10800.51
3958.62,359.15,2401.86,321,9906.0
1518.23,2939.78,488.5,441,14532.7
3615.59,1847.61,1803.08,596,26304.56
1550.0,1759.47,969.26,774,21399.05
3313.99,2036.23,957.3,1796,41430.4
3861.85,1591.67,2974.96,1503,45785.96
1484.21,289.78,2343.31,1724,35652.14
769.74,1914.47,2559.74,238,14901.06
1089.38,2205.29,1844.35,861,29042.33
3226.99,1366.9,2651.74,1980,45655.7
4322.51,2320.43,2042.82,1325,49432.32
702.49,835.6,2854.67,444,8865.07
3803.68,819.57,1059.61,711,26026.31
2035.93,651.97,1907.36,902,26362.82
2653.38,1241.59,2163.35,1292,25145.92
4679.87,2571.63,1360.93,643,32338.85
1993.87,2518.15,2675.21,239,24383.36
2594.02,1271.91,2945.47,283,18283.27
561.57,1849.53,1633.18,1761,26405.93
867.19,2218.29,1354.73,281,10650.34
1663.66,875.38,1574.23,407,9542.35
625.34,670.8,2602.39,527,17575.82
3341.19,2921.87,2042.76,1648,47633.15
2418.79,1929.16,420.89,1502,29095.18
2966.65,2947.96,1763.86,286,16854.35
1285.91,1145.72,346.71,1106,21090.47
1831.69,2168.49,2402.05,262,19451.6
3487.21,823.29,1186.44,1645,37249.84
4843.86,931.36,1574.42,428,29621.75
726.88,1633.33,2456.43,1075,27767.98
4506.73,1094.93,425.41,958,36381.37
3095.97,669.34,728.06,499,14002.05
3037.64,936.07,1374.49,618,22793.02
2751.25,300.1,920.8,1500,39451.78
812.27,2172.39,1212.33,862,19951.11
904.45,1577.93,2995.07,1872,35190.11
3204.1,463.88,2528.62,1723,38950.92
2034.31,680.74,2686.53,328,14602.94
4627.71,487.1,2830.05,263,25509.29
2329.66,1915.26,1220.53,1824,39433.56
1144.77,463.79,1102.11,1358,16898.79
3716.23,2311.99,931.97,1616,50765.31
1820.09,257.43,2541.32,767,24177.81
2864.62,898.25,2134.79,1019,31133.43
3640.25,2693.87,937.66,1347,41143.04
4551.19,2211.89,1317.88,1084,38350.38
4064.86,404.31,1668.12,920,27160.99
3543.62,2499.15,1725.98,1120,28883.55
3558.35,1580.5,2699.56,1588,52076.29
4756.66,2570.99,1327.53,1715,51269.59
1831.21,1882.07,2753.01,487,14232.1
505.0,2109.13,1491.69,1657,29187.32
1723.8,2981.8,2315.21,720,29482.99
1480.51,850.54,2811.69,953,26654.98
3478.26,1947.05,2750.45,1500,39688.65
3351.7,1488.9,453.77,1505,33630.05
3170.58,310.47,855.4,1203,28176.72
573.1,240.52,1587.64,1095,11362.39
3779.5,533.84,1465.2,941,28217.94
1955.89,2017.46,2030.41,438,19175.88
3492.75,1788.06,2850.71,184,31045.28
3004.6,1749.6,603.49,581,22600.74
2042.29,289.2,1520.02,269,15081.04
1105.59,1514.05,819.51,382,22813.75
924.89,2788.94,2714.09,1203,27011.61
4241.83,1313.26,2904.37,1105,35460.32
4632.79,1949.78,1592.49,1675,46013.12
3424.05,2383.49,580.83,1844,38642.04
965.45,2394.99,2420.3,1498,34151.91
2309.12,1653.98,2182.28,1371,41713.76
3780.23,2602.27,1257.61,1577,49909.06
4009.19,1295.86,2696.0,1918,55577.14
1031.98,2688.34,2934.75,1834,39001.98
500.14,872.64,1806.21,1758,27085.42
3704.62,984.61,1827.47,406,35286.3
2104.68,348.74,1103.29,1528,33660.66
1645.17,2427.63,1878.17,450,13497.39
558.04,1367.75,1487.03,945,34544.25
2931.35,841.53,1115.92,1632,37985.21
4330.18,849.01,481.4,1039,18958.71
4809.34,2723.92,982.31,758,44281.08
3045.85,2534.97,834.21,1993,37102.61
2815.08,1749.89,1763.51,1528,41230.77
882.75,1925.11,1924.51,1964,44461.57
2969.93,1528.11,1943.14,1107,37017.2
2209.91,1296.67,1348.09,1839,48348.52
3232.11,2763.34,1437.32,297,30315.15
2249.27,551.72,2552.44,995,36688.37
1581.35,1371.65,1585.83,91,12178.4
927.34,1164.77,2966.99,850,20749.36
1917.13,1594.82,1486.97,172,13806.55
934.9,1481.37,2053.87,76,17892.87
1296.04,1652.89,435.98,1535,29515.51
4943.01,591.77,2064.02,620,34971.34
2498.47,1636.8,2598.85,1220,30446.78
2893.42,878.77,2844.64,545,19966.98
4431.28,716.13,2992.77,1700,52527.39
4980.06,381.54,1061.88,535,29981.11
3122.22,2335.43,1853.5,1533,31887.97
4156.13,1396.84,1516.94,948,30228.86
1971.23,1954.6,1822.31,760,13104.68
1875.85,2237.26,725.12,1201,29837.31
2312.17,2102.09,2611.6,425,22120.24
3526.28,1517.4,2755.84,714,28237.5
3569.86,1286.12,1514.09,1954,53255.02
1918.58,1252.69,1057.16,832,26036.42
1099.44,1992.14,680.25,900,36071.59
3345.78,1585.42,2146.17,1156,38735.4
1077.47,2577.57,1143.03,1608,39242.59
3103.22,2649.17,2755.75,1596,46885.82
3620.4,677.57,2111.73,1772,42337.61
3652.75,581.45,2043.35,1701,39131.46
3890.62,1965.12,1810.39,723,30962.06
4427.87,1043.43,423.6,1176,35622.08
2749.82,252.0,2816.19,1828,40658.36
3786.12,2688.2,1995.43,1592,50232.83
3286.28,835.32,2983.97,411,25087.01
1339.88,2801.99,1750.86,733,23046.54
615.6,2208.82,2217.3,1329,27244.34
1780.44,2335.43,451.77,296,18874.26
2493.65,764.09,2005.69,1265,27615.36
3276.98,855.74,2364.55,1699,40053.56
4324.82,1659.55,2401.99,584,28769.27
1383.11,681.88,2379.3,1943,50880.54
1064.97,1055.21,910.96,363,6849.24
4835.66,1100.09,2933.58,1349,39797.17
986.2,646.96,2986.99,1996,36009.69
2653.21,774.51,504.11,1446,31489.96
3135.04,2407.95,2828.41,493,33503.04
2936.18,668.15,1081.51,1721,37988.32
887.14,279.68,2161.07,918,13630.39
756.62,1962.19,1212.9,1268,35772.35
974.68,2932.75,2912.94,1331,36401.8
3135.14,1127.4,574.06,1863,44866.2
2949.55,532.24,1643.92,631,26505.59
1551.83,1797.08,1455.73,920,19849.9
3369.98,2737.79,1180.26,1433,42337.65
4190.3,2395.37,2042.94,597,36885.85
687.11,1943.04,653.85,1181,23143.67
2741.58,1082.16,2234.99,1097,33295.87
3601.9,1717.26,2947.6,1725,49544.69
1635.4,455.49,2472.31,514,10376.26
1884.97,2101.05,2622.05,1095,26889.56
3261.37,2230.27,1271.02,551,16025.89
4540.71,2902.09,1177.19,900,40064.63
4144.66,929.11,1696.03,1914,57277.9
3124.09,251.68,423.46,765,20161.26
3786.0,1727.7,2852.47,941,34663.09
2141.7,2179.01,688.22,1809,46624.66
3384.34,2413.14,2738.14,550,31467.13
2597.82,742.47,525.67,784,18693.64
1354.71,932.91,2521.09,642,27640.48
3657.82,1635.25,710.3,456,26060.05
3004.09,1125.68,402.96,1403,34033.69
2113.8,2609.43,2242.62,752,27928.64
4601.03,1526.53,1056.72,335,29625.3
594.2,2438.82,2229.14,196,11456.43
1920.98,1825.74,1798.73,843,34497.08
755.97,2364.65,593.78,433,22767.62
3949.37,1131.48,2816.75,60,21313.44
3659.48,2527.97,1521.25,325,26895.04
1991.08,968.8,2283.01,935,22215.82
3540.48,1729.08,1652.76,1641,40644.72
2281.72,799.22,1931.78,1758,33234.99
3903.14,1531.47,1117.49,1013,33464.72
2543.83,1090.89,840.97,352,18558.78
2355.26,946.77,1764.94,253,8856.91
4706.28,2907.56,1488.59,394,35754.02
1628.96,648.21,1353.31,1833,32280.91
1042.01,2404.51,2115.93,875,28102.84
3130.44,2955.66,2164.37,1339,45950.88
4861.95,255.72,423.98,71,25841.89
2200.28,2157.28,1214.61,888,34004.16
779.17,908.15,1411.76,585,24022.24
2026.87,313.37,561.61,1779,39407.86
2776.69,1328.09,936.93,1169,32935.0
1228.65,2818.61,439.43,1030,25806.33
3461.46,232.94,2989.85,1518,38527.97
4989.87,1846.08,2288.7,312,38207.32
2532.83,1603.91,536.12,633,22504.99
2096.28,2645.48,354.67,1062,31074.21
2303.17,435.2,2242.08,1828,46771.27
1018.16,2108.27,1485.82,432,16563.09
4474.73,2104.31,2424.35,1623,44833.82
2366.72,2073.42,2793.39,966,37597.09
2242.73,2838.54,1918.11,441,20576.66
3468.61,2504.65,805.19,938,36208.47
2489.15,317.52,2411.92,1674,38749.53
3417.05,1519.03,2880.69,589,30083.48
776.51,1314.27,1866.62,1165,14013.9
4161.76,1068.41,2141.39,615,33254.71
4732.27,1463.74,1211.18,1232,40297.36
3419.44,1275.74,1330.12,933,34212.67
4795.55,1410.53,2283.57,277,30133.16
1181.45,2941.93,2804.98,522,25148.11
2648.37,448.17,1998.27,421,17251.2
3208.13,2782.25,2432.59,1449,41742.15
3117.81,1544.66,763.41,1626,40272.01
2306.58,1946.48,872.29,86,16717.29
2021.38,2524.51,1736.49,1710,39757.24
1070.71,1209.3,776.7,740,23880.25
2262.84,1405.18,2014.49,893,26027.62
1231.97,1346.65,1087.46,1110,21138.21
3804.65,1249.25,2437.14,150,24964.92
1439.74,2791.48,2481.9,1616,49479.33
763.54,2521.0,1552.23,1263,24701.11
2985.65,505.2,788.19,1585,35958.58
3178.53,502.75,2046.29,707,30912.6
4423.61,1398.03,2980.52,139,27907.93
3096.42,476.24,1981.0,1079,33839.34
2054.66,1933.46,396.59,954,27543.33
4113.55,602.34,346.69,1212,21389.99
2931.26,1662.65,1164.98,144,19762.07
856.76,220.22,828.62,1704,32037.03
3046.33,1086.47,2495.24,1951,51592.76
4586.08,2096.13,2580.98,681,31477.78
2283.41,1555.31,998.27,1459,43843.82
1833.47,2939.15,1179.24,172,17089.62
1145.61,2647.49,937.87,1358,30504.86
1181.5,1205.4,2752.63,415,13434.69
2447.47,327.36,1657.15,1962,46132.98
3180.56,2567.75,2071.57,740,26427.58
862.77,2751.46,1421.8,1563,39034.58
4728.06,2497.76,2003.74,374,27518.6
3898.1,558.26,1341.81,456,23435.86
3139.81,2994.16,1217.13,1045,28885.27
4227.97,924.04,2013.1,568,32247.81
860.84,2227.77,1895.87,945,24950.54
2645.77,2742.5,1092.53,1897,49492.38
3335.42,859.92,703.24,1712,39711.04
4228.94,2743.12,1295.16,126,28564.96
4025.61,1066.55,1421.03,283,22795.66
1746.81,2933.96,1997.45,879,33614.06
4733.96,987.53,2769.23,635,34850.95
1059.56,2869.62,397.7,533,21196.85
4438.1,349.93,957.88,1537,36216.88
4869.23,2185.96,823.03,320,26763.67
1297.19,1689.91,1656.19,1894,35808.28
3749.3,1538.06,1460.19,988,41144.82
681.28,825.78,2268.4,1540,34420.54
2324.4,2175.67,954.52,518,23331.44
2823.27,734.27,1905.15,681,21627.83
3112.9,1747.96,2686.41,596,24004.27
4711.72,909.09,2758.83,768,34479.44
3525.13,2875.74,2888.72,1057,48927.54
2665.75,280.17,2387.81,319,17794.63
4143.54,759.24,2746.17,654,35743.27
4777.4,878.47,933.23,1014,36888.81
599.3,1359.39,833.47,427,16121.88
4921.35,851.64,317.52,226,21000.75
887.59,1575.78,2208.48,323,14028.59
4164.74,2642.9,2831.16,1764,47680.07
1761.51,2193.78,804.73,1714,40506.46
1094.81,1823.89,2019.75,686,20435.31
2479.35,449.21,2315.44,76,15653.47
3397.8,2143.18,2804.56,625,25707.63
2214.28,665.96,2046.52,109,15984.13
745.54,2401.83,2919.79,780,25382.78
3197.58,900.16,1230.62,1290,35223.07
4560.81,1367.74,1244.81,1754,49543.16
2224.47,1181.32,1766.13,710,22674.69
1473.5,2604.68,1335.46,319,37871.49
2491.6,554.32,303.85,1189,30814.54
717.63,1783.81,2275.78,294,15172.87
4192.19,597.77,2329.64,709,33486.86
4218.53,2173.43,2316.83,1677,46179.36
3146.0,2734.22,1231.56,134,19382.83
2088.96,1416.9,1710.18,1672,42412.74
4099.03,1566.66,1271.93,956,39045.28
2996.09,2796.78,343.3,1705,50263.01
4216.7,1658.78,1818.61,1523,37304.52
3341.56,1565.28,634.15,1925,45082.28
4029.82,1819.32,516.11,585,30240.95
3193.53,2129.84,2339.85,1960,52950.3
2363.63,499.27,325.67,138,14764.38
4810.76,2499.11,2889.32,598,32016.96
2935.01,1419.41,1691.19,903,32395.1
3222.9,402.58,2954.14,944,31718.52
1492.19,2401.31,456.59,556,22426.82
3315.43,1255.46,1875.53,457,18742.72
3072.23,481.03,1243.18,1344,29079.18
1331.77,1974.58,2577.4,573,30939.05
768.14,2664.37,1275.3,1567,40114.65
3219.62,2685.71,1003.32,656,29517.79
3936.62,2881.46,2615.39,1052,40535.29
2855.31,2629.58,1311.56,497,37499.44
1520.48,205.99,345.45,592,15419.66
3499.35,1264.68,1353.78,998,31799.41
860.48,2491.92,2067.21,399,14487.66
2488.25,1225.51,986.77,1818,39426.11
1235.15,1884.34,1466.37,901,16459.6
1330.07,1897.69,453.13,377,18771.5
1410.32,1222.07,1887.85,1885,45194.63
2240.18,2732.53,2342.0,1359,45039.1
730.18,1609.04,1415.94,1108,21867.78
2290.07,1501.4,1434.63,1606,26557.28
2802.68,2993.04,538.36,672,30612.3
2674.82,1581.8,845.24,537,29453.73
2222.53,699.52,717.62,1904,31137.96
4276.16,1636.59,1600.56,1933,48596.66
1153.97,2479.25,1728.99,536,22882.66
2775.64,2375.21,2862.14,194,18504.59
779.19,2408.03,497.73,1597,25381.14
820.2,2182.47,1919.64,805,19641.62
3082.4,911.81,1721.55,195,15486.9
3047.08,2613.84,1693.83,1070,26635.32
4451.15,2701.64,2657.53,1824,59050.37
3010.43,743.63,854.95,1576,45054.19
4819.06,565.28,410.09,1677,44244.39
719.13,2931.69,2115.13,877,30066.28
941.03,2631.31,1231.93,1908,33363.64
698.3,2701.06,347.49,676,19856.11
1333.75,2681.85,978.71,1600,34457.23
2935.72,1716.72,1135.18,1345,38676.84
3405.07,2009.92,1965.46,583,15159.0
705.13,1727.02,765.98,679,16887.43
4756.87,343.38,1415.25,930,36400.81
4289.74,2287.41,1602.68,1168,42053.04
1834.76,1614.93,1539.94,1520,39505.93
847.34,2013.59,2929.64,464,16087.43
1264.49,1607.39,422.86,306,-92.75
1071.25,1577.07,2867.61,1916,45840.73
1054.78,681.01,1871.23,1335,31664.76
2833.53,980.4,2448.46,136,25484.41
1606.31,644.79,1462.06,954,23863.25
2111.63,747.87,1525.36,1509,36031.37
4952.77,2924.34,2674.18,1903,68923.1
3579.41,628.72,2719.02,619,17581.12
4770.41,953.96,944.46,791,34589.39
1141.5,1853.65,837.95,157,18634.71
2219.63,1908.5,1639.83,1092,32523.21
2996.29,631.13,2730.75,1438,37432.61
845.41,2422.41,1170.36,1726,29618.25
518.84,2398.57,2060.44,1452,40120.58
3516.95,864.49,2212.01,209,25864.01
3388.19,1008.27,2402.42,149,26212.52
2348.55,2826.37,1822.6,314,22923.11
2703.4,2511.88,1386.63,1823,43900.47
2369.49,2153.83,2910.94,799,29768.54
608.02,430.25,1950.59,1122,31000.09
2009.17,1371.14,2267.13,726,23180.3
1296.87,1766.05,1231.45,848,31091.44
942.91,724.75,2108.86,1488,29444.63
4805.24,1455.03,996.05,1132,34781.39
3197.12,1882.87,961.76,232,10709.85
3778.95,1116.65,2229.75,708,32519.3
1919.14,2386.65,1707.77,1520,42089.54
2269.16,2553.26,2144.85,1971,41477.33
1566.16,1106.11,1027.48,1374,37805.96
936.35,2548.24,1916.55,657,15660.27
1305.64,490.01,1498.62,1628,35702.3
4088.81,2545.64,1911.79,1427,48925.19
3548.96,627.7,1085.38,1842,48477.2
2961.18,432.2,2231.72,1286,23688.37
2637.9,1996.97,2476.01,1262,42059.74
4650.95,1521.42,1001.77,692,31396.21
827.31,2742.09,1111.68,396,16145.65
1762.7,1216.93,2085.12,861,29119.05
2074.72,1004.03,2178.08,1976,47129.93
4020.92,1602.06,2201.07,850,24007.11
4966.32,1476.65,2143.29,1210,35789.75
1583.02,1164.4,1360.58,1103,32974.65
4434.38,2142.48,1366.1,195,28458.54
4237.8,2326.77,988.01,1897,51896.63
1510.96,2588.36,723.45,1541,31590.56
2297.0,2924.0,2169.96,1690,46374.86
2343.53,946.64,551.61,552,25889.54
4901.99,2205.06,2832.04,848,51039.25
1314.01,1303.92,2532.05,1017,24772.54
4096.21,2095.83,2615.27,1264,46688.81
2003.87,1532.75,2748.01,520,31677.26
3788.92,2982.56,1403.23,739,27137.79
2390.05,2240.93,2586.09,1418,48008.73
3102.62,2866.98,726.77,1824,48122.06
4246.75,2537.91,358.43,50,23524.21
4118.75,2728.12,2419.21,159,24633.77
4398.9,2480.37,501.95,1923,49969.05
768.28,1485.65,2969.02,1860,34586.56
3614.23,905.01,2121.95,1956,42305.05
1129.94,1236.9,2334.31,943,26612.39
2371.18,256.66,963.67,1819,43022.62
2968.65,1667.18,2119.44,1137,29417.98
2312.33,1614.16,416.69,805,21711.99
2838.25,1670.7,2562.13,102,20498.12
4984.37,2927.29,757.99,311,25643.79
1108.48,2752.07,2182.87,1602,39455.57
3539.55,652.8,906.1,1375,34580.14
2282.0,1232.87,484.82,935,17856.09
1098.54,1387.08,1600.03,283,16251.9
1214.32,1209.49,757.07,122,7570.08
4771.73,2435.79,2269.5,1430,52819.91
4458.21,1667.31,941.43,1000,35424.44
4581.69,1801.88,1224.68,1676,44134.24
4961.9,2588.44,1832.09,533,34641.57
1437.42,2456.6,1069.41,1079,35587.6
2099.48,570.19,1320.57,1783,46483.51
3511.49,2198.96,2502.18,926,38305.27
2677.11,1419.22,783.87,1781,38054.19
2382.75,1025.02,521.94,1881,40214.04
2110.15,340.05,1186.57,908,22889.46
3172.01,1564.3,1445.82,1907,45070.86
3090.17,1195.22,1765.18,186,17798.48
1226.56,904.24,1305.54,828,15984.34
2622.83,2145.08,2432.76,1477,45138.54
2990.62,2354.56,406.16,677,32006.23
3066.29,885.41,1465.77,604,24145.9
1445.48,338.45,1332.09,792,25779.09
3840.22,2576.51,2048.46,619,35353.4
613.4,227.89,2908.95,1279,19878.56
2096.74,2823.91,1678.01,459,22372.13
4010.96,1957.34,2964.57,1879,58663.25
3037.52,1101.17,1116.07,1679,38435.64
1675.23,890.14,383.34,1109,21984.05
3627.29,225.22,747.29,279,22019.92
3053.26,859.32,1366.84,1300,32831.63
4083.1,585.64,1154.1,1768,46639.49
3807.61,1914.07,562.05,311,23844.91
3245.49,666.33,1468.18,1204,29063.48
2696.8,1680.16,1212.91,1650,36883.18
1099.32,1852.33,631.07,941,15477.68
1676.0,1034.52,1099.52,497,12011.17
2385.95,298.18,2693.38,235,19084.68
3196.85,304.31,1115.53,1702,44938.53
2811.69,273.77,2227.68,1259,29113.56
1796.83,2269.55,1952.53,1347,28316.77
529.09,1090.43,1453.39,1736,38378.27
2733.08,2429.64,945.37,401,29355.36
1785.32,1408.85,1296.34,1486,37653.8
3805.74,1468.39,1898.69,1224,30815.35
607.76,1636.07,1247.03,433,17275.19
3131.73,2196.49,880.22,1109,37560.39
4736.63,965.81,614.45,375,30147.69
1284.84,540.44,2675.37,514,17685.56
2622.42,1756.96,1488.85,515,19858.7
911.4,1115.54,1988.06,1168,24196.38
3315.57,1438.98,1624.11,1207,41572.84
2977.39,2011.45,2655.93,211,24302.75
2333.14,1583.55,1776.72,605,17266.71
2846.2,1936.78,1598.11,349,31069.75
4534.59,1723.76,2796.42,1868,57851.03
1383.32,2271.43,2243.16,405,28280.91
601.54,2176.62,601.18,1313,34287.9
4377.49,1695.73,779.8,613,25558.03
3097.03,2100.93,2425.23,842,33912.51
4507.96,2645.97,2556.8,1072,45352.21
3186.25,1410.36,1772.02,635,20030.79
4145.72,1355.74,1797.03,1880,42800.6
2433.53,2339.89,2006.22,799,33178.5
3874.37,1831.15,1485.61,1240,43183.69
4608.69,398.82,2136.54,189,34487.05
3074.55,2697.91,592.9,1212,35904.62
1313.53,286.19,2895.45,1954,29768.5
1709.59,2295.51,2325.42,284,18705.83
1393.9,2324.62,2004.17,1076,34149.89
1610.86,2868.71,1154.07,305,17809.79
1878.87,351.58,734.58,420,15250.69
2998.1,1871.2,1405.23,327,19113.5
3145.96,1397.95,2086.26,565,31869.11
2419.25,1125.77,2011.02,953,32050.83
3269.39,452.89,1333.13,1855,38035.34
867.09,1775.43,1955.87,1285,27018.44
895.05,1541.31,2497.12,1289,26382.43
1273.23,492.75,370.97,319,1768.06
2831.35,1914.97,1516.68,525,21156.74
1462.98,2266.27,2348.1,1601,29434.39
1774.78,2348.38,1774.59,977,34239.6
2301.41,2735.04,2058.99,113,24943.21
4153.4,1346.52,1695.03,1824,46207.25
562.38,2868.6,2978.06,509,22232.56
3422.2,2623.2,447.48,1089,41549.63
3509.94,1030.2,1625.82,613,30234.24
4093.95,645.99,546.82,1092,43197.27
4697.39,1419.09,731.42,1398,43559.08
590.62,1325.32,1334.2,957,28997.28
1192.03,1812.01,719.96,142,12715.28
4487.77,1833.48,2901.96,822,36055.8
2563.33,2299.96,2856.33,859,35117.56
3040.66,1627.69,1207.5,1090,35759.61
3483.62,493.5,2027.32,1696,38407.65
3555.8,2603.22,1741.13,889,31038.52
4692.83,1067.34,2502.08,1945,51964.83
4986.27,2919.63,1994.1,537,26624.48
3740.71,530.01,300.68,1167,30904.68
1792.5,2883.1,2360.57,1083,28512.42
4458.89,454.83,2316.49,1797,43732.7
721.49,846.9,1676.25,798,14984.37
1539.86,330.42,2737.88,1839,41024.69
4538.24,2174.32,2752.8,577,36163.69
1652.86,2580.84,1714.56,1562,38763.6
1492.93,1415.4,1941.57,1217,27856.38
1121.56,2799.86,2990.61,603,29572.29
4366.0,1852.84,1106.81,564,34760.37
2750.26,1964.02,1176.47,1992,45861.22
3537.02,2567.17,793.49,1543,50438.57
1575.8,1031.04,2718.84,426,17107.1
3911.18,1191.94,2310.12,1741,46937.22
3920.02,2736.67,585.24,1567,42718.94
1906.69,2722.7,2950.77,1758,42241.85
2348.07,2934.15,2273.6,533,24022.1
1443.61,2725.15,2596.41,501,26751.71
4894.52,556.64,430.01,1609,45221.52
3405.21,2506.43,1663.39,836,28208.61
4705.45,1347.55,2186.22,1148,42917.92
1865.23,2974.24,1765.96,1113,42635.08
4018.51,1522.39,2099.95,351,22812.04
3946.36,1750.74,2508.26,1625,42512.95
3612.45,1683.37,1310.71,1135,35995.2
4845.38,1100.86,2591.41,1823,57387.1
2271.0,410.06,739.87,1576,31432.95
1088.23,2707.82,1031.39,1048,37557.62
3522.69,2447.49,417.03,1318,34167.53
3781.89,590.67,1283.95,67,18376.47
3087.77,2374.95,1325.76,1725,36416.67
1430.68,1952.37,2474.23,447,15467.36
2770.05,1345.6,2063.45,1056,30711.99
1904.85,911.26,1479.15,643,21989.45
2423.6,2607.24,2060.71,238,28029.38
3403.48,2160.53,442.52,1693,40391.04
3853.47,1733.67,786.73,1819,48673.72
1545.01,1906.79,1992.76,1853,34237.32
2323.96,454.99,2031.69,153,19190.13
1711.23,1526.98,2390.16,1996,49624.95
1393.84,742.36,1388.1,1719,39595.39
4025.24,783.47,2250.9,1417,45418.46
4591.64,2051.65,2146.75,1444,45594.54
2166.04,2751.52,2901.16,82,21380.35
3880.76,1330.52,880.85,798,29850.24
4536.48,781.7,1789.53,423,26331.33
4307.56,2016.49,1924.76,1921,48129.03
1322.66,2639.32,2996.35,1251,35788.37
4803.31,2295.29,843.2,1085,42614.24
2195.04,2632.52,1712.69,1936,51075.41
2026.58,1702.35,1234.7,790,27151.84
780.94,2305.25,1719.91,1894,44067.28
2687.78,592.18,926.75,1854,36266.06
990.56,1175.17,428.55,939,28473.89
1618.43,1290.74,1845.93,505,17862.43
1926.24,1631.63,1206.81,1943,31659.81
4139.72,2801.41,791.24,1716,47075.01
4439.7,2648.03,1174.63,298,31716.39
1861.1,576.67,433.06,497,16514.22
4364.14,683.81,2866.19,1067,26923.52
4357.54,1201.39,1869.1,1029,37368.98
3940.93,1014.08,2499.88,1643,44911.19
1160.13,1921.36,1442.42,1077,22469.0
3606.45,2727.77,2738.95,1309,46004.64
4752.61,2894.42,1604.96,222,29325.32
3571.43,2030.09,1849.65,1395,31573.43
1992.28,2546.85,1627.84,420,25832.94
2752.61,1670.57,2279.85,1621,42236.64
3405.76,783.32,1829.97,840,36477.22
2797.57,1669.13,1033.32,798,23350.31
1039.79,1754.23,692.96,836,20757.45
1904.29,2278.88,1936.54,1369,41234.69
4110.78,815.67,1620.79,889,27373.45
4376.38,1231.27,559.13,449,31324.59
1117.85,1219.28,1368.17,1131,31217.41
4785.74,2886.43,1689.9,1948,57648.88
1979.7,1443.05,2532.61,1603,37227.98
3480.41,2314.26,505.47,597,24986.49
3883.21,2302.27,1240.94,457,24776.31
4153.76,943.52,2521.17,690,32109.57
4755.87,1801.24,2050.74,1586,33552.59
1908.14,2704.05,1082.89,113,14459.02
4363.28,1530.55,2582.4,623,28526.08
1092.59,2846.33,1631.89,1951,38076.85
3672.68,800.48,1645.55,469,25033.94
3838.9,407.65,2936.79,1916,39492.77
3549.75,2696.07,2857.21,195,32341.13
1635.42,2573.51,1268.04,1345,39194.35
4428.69,2979.25,679.56,66,32445.53
1259.86,2102.3,1179.3,1865,37049.98
741.36,2822.73,382.3,147,14201.16
3728.59,2515.46,356.07,501,32151.49
2639.64,2564.39,1367.91,1812,44586.49
4320.94,1793.6,2840.75,1024,36081.25
2225.29,1270.62,2652.66,947,29332.84
1257.25,2816.76,1680.9,1065,29254.27
4263.99,1409.93,1826.11,1316,35449.69
2970.09,1708.69,316.02,528,11576.97
1351.38,1449.12,881.85,250,8977.79
3741.73,1781.49,366.89,1979,36411.44
2800.01,1517.41,2337.26,1546,35693.55
3219.41,334.31,693.24,228,23551.2
2574.04,2669.73,2646.43,557,18772.52
4229.19,1444.3,2036.98,502,31065.08
4233.03,1849.04,919.43,319,31994.68
3692.25,589.73,725.84,1307,27186.78
974.31,209.49,1994.59,1697,40816.81
4274.84,886.81,2732.26,535,28366.37
3519.56,2172.84,2239.57,627,37285.66
3636.61,477.74,1241.08,387,22714.31
2133.42,2744.88,1885.94,910,28762.5
4456.76,802.06,1139.06,806,16764.12
3764.17,772.86,2997.7,806,25451.83
1006.66,708.22,2321.87,1521,34506.32
2335.0,239.15,1958.83,633,28374.13
4488.71,2361.06,1442.8,1430,38479.55
712.39,2650.1,1969.01,1122,28808.12
4826.37,1919.66,1222.36,1569,45039.21
3556.23,726.96,377.94,395,22949.9
3341.19,998.78,1366.74,751,27837.68
1717.52,1532.59,2812.3,342,16948.93
1619.56,2872.17,1991.01,1762,45725.29
4739.26,892.58,526.68,1746,42451.0
1842.23,2248.61,2689.48,1223,34372.49
3989.77,1430.46,1025.96,1655,47876.17
2269.05,1033.97,958.18,1618,32624.76
1126.64,1476.56,1102.15,845,20280.41
548.22,399.38,1858.45,1929,31412.08
2949.16,2436.32,1770.66,1071,37594.39
4891.0,881.25,1626.82,1333,43280.97
2161.11,2231.15,2237.35,1395,34830.2
2107.37,391.38,1154.65,126,13451.6
2048.41,2874.28,2411.57,1183,21795.98
2842.45,740.44,773.37,866,30116.21
2482.99,2671.68,2413.08,945,37720.37
4459.62,2466.52,2092.29,700,32993.77
2774.84,2910.01,2144.66,596,25846.98
2784.91,1538.09,1600.19,1496,38126.45
1122.67,2236.71,2100.9,443,14807.85
4922.33,1237.99,515.45,1308,37159.79
1624.88,716.23,2599.19,1403,33395.82
830.14,1440.61,449.98,1785,38299.48
3484.16,664.1,701.6,374,22095.32
3179.15,2949.72,1857.33,200,39046.68
2368.16,469.49,2296.41,1619,42886.76
2399.87,1849.79,505.88,1709,43497.89
4032.79,1954.1,2786.06,928,40345.46
1380.71,1706.62,2928.74,1105,30134.3
4191.14,2054.12,1936.07,321,30082.08
3419.36,525.31,1599.36,885,29620.84
2385.36,1754.05,2301.77,1895,49701.42
2561.13,1004.2,1186.56,1709,37438.89
1654.91,2832.49,1631.81,1997,43973.43
3884.51,2333.8,2773.61,417,35604.1
2807.94,2923.04,2880.27,1565,42643.67
1943.85,305.16,2803.09,1389,27131.99
3182.23,998.37,1008.61,639,20987.93
4980.81,747.18,927.67,637,33936.23
2458.68,231.23,1103.69,621,33251.68
4643.11,878.51,1491.54,1670,41112.11
2052.58,2100.57,1148.25,1441,39284.27
746.3,847.05,1310.37,129,9260.11
1419.09,1625.21,1975.72,1959,46914.21
2384.13,2685.89,2358.82,1245,40552.43
1488.36,2142.52,2286.01,307,24507.47
501.02,1304.96,2498.94,328,14786.86
4617.51,1242.91,386.9,553,24226.84
4297.46,1476.06,428.88,1806,43378.66
3840.32,695.72,2431.33,607,28471.63
1255.17,1975.2,1739.31,540,22446.24
1041.64,1219.63,1860.98,1658,32242.82
804.22,2586.62,441.98,615,29887.98
3758.13,2318.35,989.35,1912,54218.16
4679.64,1909.44,2023.56,1806,40823.91
2437.41,1219.77,2619.79,1966,43965.53
1036.13,787.81,2775.86,1410,25164.77
2805.77,2373.23,1651.13,570,36528.01
2069.74,1561.95,1772.78,375,8273.18
2186.71,829.3,2549.23,1245,33803.31
3295.99,746.49,1751.59,133,18339.67
3734.23,663.12,1695.52,1915,49755.7
997.72,2376.05,2743.73,890,28401.24
660.16,841.16,2432.82,1597,41886.82
4974.49,1674.6,2754.5,1554,53304.65
1547.28,1464.33,889.27,1617,25647.26
742.24,1822.91,1715.81,1491,39147.04
1354.44,2656.03,2574.67,1412,37462.79
675.31,2629.69,600.1,1874,45586.4
2263.15,1463.01,2445.59,369,18901.76
4110.81,243.03,794.03,353,16004.51
2035.6,1394.04,2481.92,1345,27924.33
2498.83,1897.34,1952.4,739,32793.32
3540.14,1761.74,821.74,1187,40100.34
2790.02,2023.74,1578.06,456,21205.48
4376.51,631.41,2141.14,1099,22789.6
4397.16,2010.3,2011.4,1310,48580.95
544.6,711.42,1453.57,1383,16199.74
4001.21,2301.47,2728.29,733,45586.85
2573.3,1149.45,1702.01,282,11270.35
4949.78,2187.71,1665.84,1071,41584.21
2674.54,334.02,468.08,598,20977.93
4941.03,1342.01,2789.73,1338,46293.17
3895.56,2174.1,778.21,1086,38567.21
1618.72,835.24,1726.53,545,18903.23
2922.78,2426.8,2469.63,1389,38652.96
4964.61,1966.18,881.72,667,32827.27
4358.89,1845.17,1723.91,1711,44897.19
938.15,1189.94,949.85,897,21789.56
3678.67,1550.86,2351.18,1055,27094.74
2055.11,1872.58,1823.72,433,22696.88
531.42,1522.89,2611.13,1066,24754.06
2315.66,2155.28,2715.31,691,31970.13
1556.39,1414.35,2051.58,365,15826.12
4184.91,766.36,2258.56,305,27089.41
2017.99,799.01,1782.89,490,21549.79
4223.86,216.25,1337.96,1188,34119.24
502.69,1042.68,2049.92,348,14123.23
1885.19,2296.97,2752.38,964,24079.21
1585.24,2423.66,1425.04,1197,38707.46
1551.05,766.91,1148.91,305,10801.98
806.84,2885.32,1348.78,700,22129.79
1342.06,1606.73,1475.57,1791,32567.56
2999.97,2767.54,498.61,96,16446.28
1811.12,2178.94,1645.79,1802,49662.59
2378.28,2222.81,1634.65,1904,45758.88
2195.9,438.12,1888.8,952,23975.02
4441.57,815.98,1279.61,512,25533.99
4573.85,224.68,1955.39,1423,40338.94
2718.31,2205.16,2671.18,1196,40446.24
1985.7,1164.43,2879.77,80,15835.27
980.6,2402.63,1875.75,104,15046.34
4790.31,1149.02,415.0,202,18895.48
771.02,2494.13,2916.94,505,19288.47
1839.43,565.96,2205.83,335,16477.29
1841.3,685.44,1207.1,85,10931.35
1941.81,1154.45,697.33,867,21791.22
1239.29,1343.76,687.23,1983,36132.2
4024.23,1176.37,752.91,1870,48509.96
1051.24,2338.21,423.05,1996,42974.97
3357.08,471.46,2735.82,1958,50669.92
1057.31,1183.41,1760.07,305,14680.14
817.41,2544.27,2189.89,227,5636.69
4592.43,387.03,2535.89,1621,56306.71
1355.58,2838.56,2437.16,1327,35478.08
4195.63,2961.69,2683.04,557,32501.97
2950.84,447.99,2911.59,1747,40990.42
850.35,1015.56,1485.49,70,6671.91
4799.52,1242.72,2865.91,1879,47808.51
1611.33,2373.9,2252.88,124,19922.8
4368.4,1868.6,490.8,768,31887.71
1259.65,2004.22,2140.81,509,19777.37
4342.74,2321.03,2154.13,1251,30534.39
559.53,530.34,2745.82,1455,27430.85
2803.01,2532.99,1306.92,1110,29738.17
3962.49,2175.74,1879.26,1193,37498.72
4706.58,1816.56,332.91,1988,52960.29
4591.41,2691.26,1196.6,679,32158.83
4188.31,2160.86,468.06,50,19643.46
4496.86,764.76,1709.06,1794,47324.1
1396.49,1403.29,2507.11,985,24067.89
1778.83,1583.32,857.4,360,11811.52
1800.36,354.61,1724.09,1281,19970.55
2196.74,2872.99,850.82,1227,36841.82
2269.94,560.02,625.86,811,19846.36
2950.5,2152.89,1679.69,732,21022.86
1219.46,1617.45,513.7,364,21101.72
3610.61,271.77,1885.86,356,22691.25
1254.05,2789.29,384.61,1577,30375.97
1896.39,2585.14,588.13,668,21078.33
2765.05,1667.92,1784.99,1728,47641.9
4083.98,841.04,1896.8,1593,41942.86
3827.61,540.54,378.26,1679,38457.21
3404.9,1217.5,1848.12,1983,51042.27
1200.98,915.2,2563.96,1170,26553.66
2961.7,1618.74,2250.25,1563,47192.07
893.51,2905.95,654.2,56,10825.48
2198.13,1809.87,1899.68,1859,40073.86
2360.82,2691.81,2115.08,1085,34695.99
679.15,2022.46,400.52,563,21788.92
1732.95,1530.69,2609.44,398,20700.15
4800.42,2592.9,2746.92,966,42365.62
4791.35,1519.83,2596.22,1080,36303.78
2085.47,2632.16,2526.5,549,21164.41
693.95,1016.41,2311.41,524,20737.34
1305.93,560.68,2010.27,573,22502.19
2264.98,2594.88,2132.29,1925,51819.82
4765.01,1844.76,2477.27,1130,45720.84
1135.4,2689.46,2088.75,639,25828.47
3935.82,2825.92,1184.86,1659,50150.83
989.07,350.16,1315.09,282,10918.27
4915.66,1602.71,2722.06,840,40369.23
2217.27,1249.9,346.23,1103,28012.19
3988.56,1952.4,2186.82,416,31087.22
2041.66,2422.06,2877.9,1899,50453.86
3324.51,985.65,2206.82,1680,35954.97
1364.07,1759.04,2983.56,1893,47156.4
1157.09,2184.44,2156.37,105,14039.83
4721.29,576.41,392.78,59,26785.8
4629.41,2479.39,2532.93,1988,62357.07
4493.61,1897.11,1068.5,196,20107.98
3314.45,2858.7,1504.35,413,27608.33
4137.21,1150.68,1142.65,1672,34824.15
810.67,502.81,1025.1,302,8074.95
2006.55,1618.2,1464.8,1772,41670.34
1911.66,440.27,1322.63,989,28580.49
3360.4,2914.67,2010.01,1818,49950.67
2101.81,308.32,2495.51,1326,33318.04
1168.28,2309.81,1102.14,1516,31106.83
3184.1,1670.29,877.05,785,28553.53
4164.73,1232.14,2100.62,389,23431.5
2219.56,384.36,2109.86,1589,36624.29
1095.21,1942.07,2733.05,1426,40889.33
1385.1,1838.62,343.05,673,20217.96
1568.67,986.47,2603.21,754,15830.84
1849.54,2748.62,1706.71,1726,43088.96
3392.58,1051.51,1977.52,372,26298.46
3204.25,1459.23,546.7,1213,29561.63
3632.36,1722.53,1468.06,910,39157.22
2131.26,480.65,913.72,1518,29690.0
4207.99,2810.05,986.41,144,22138.62
1418.39,1248.7,1661.06,602,10580.9
2610.68,426.18,2493.63,1493,37062.04
4104.22,1284.42,2308.21,1587,53615.96
1310.71,1880.57,1895.7,839,26546.67
994.38,1638.23,1756.43,1223,24849.17
4476.58,2144.72,1453.73,602,35013.81
2043.18,355.36,2926.32,1424,37019.49
3577.42,996.71,1812.52,165,25765.11
614.07,2493.85,985.71,681,14354.99
3605.21,423.7,921.25,1310,42325.39
1922.46,2595.36,1950.65,319,22188.63
750.83,457.31,1711.63,910,28378.3
3244.16,2536.47,320.78,340,24719.55
1583.62,1210.21,2541.18,1507,37469.49
2240.63,1914.19,2201.13,58,11970.15
862.61,628.08,2086.94,1824,39566.29
1162.23,385.27,485.71,679,10529.85
1840.9,804.63,1277.55,913,25268.07
903.92,557.99,2825.53,1900,34464.03
4598.72,1074.74,2628.99,1897,50274.06
527.21,1640.27,1070.97,524,21009.28
2677.37,1848.53,724.06,1595,37565.44
1054.61,2411.63,1512.54,586,26577.12
1884.56,2037.47,1260.74,734,22788.95
4667.27,1904.52,2142.01,1810,52043.04
1227.63,1352.99,2909.37,1084,38585.41
4846.25,1526.66,1280.1,662,33311.25
1426.07,1360.66,468.01,826,21373.39
3837.05,2558.06,2723.56,1976,54200.25
2960.05,844.0,402.46,1400,32555.08
4480.15,216.02,2872.47,644,24385.57
2992.97,2023.7,2094.36,325,33825.73
2905.52,766.89,2842.56,419,19981.06
1379.56,2692.32,839.08,1563,29206.46
1248.03,2605.33,409.89,394,17287.86
4624.2,414.84,1618.17,1846,48762.42
1975.27,497.89,1516.68,417,15343.57
2174.37,1586.48,1195.03,1806,40332.75
3919.21,1905.82,2885.67,1384,42456.82
2024.71,969.74,2520.98,780,26654.62
4784.28,2207.03,2086.27,1674,54633.08
3820.67,1865.76,739.72,1558,41891.82
3188.43,1109.51,2282.67,64,30913.57
4464.03,271.04,2262.93,807,36407.99
723.23,2300.42,1447.68,737,21737.41
1656.78,801.31,2796.92,53,5601.53
2592.66,2536.53,750.84,1919,46433.97
1521.4,1376.81,1021.81,1449,36210.57
3847.57,1815.82,470.71,1442,44853.39
4636.44,2644.26,2447.72,1538,40375.43
2406.97,2618.14,1978.75,582,27436.49
2039.6,1240.25,1150.34,1793,36483.77
4826.98,784.89,742.3,1035,42993.86
2501.84,2370.41,408.4,1210,34652.06
2700.72,1412.62,750.21,883,16132.06
2082.42,737.72,1523.87,412,19204.36
4592.97,2732.39,967.38,1289,34472.54
3060.3,754.69,999.25,1441,37888.86
3929.79,272.26,2664.06,166,33139.46
4153.13,256.78,1690.87,1252,42865.71
2038.32,1942.48,2268.98,1319,36374.98
2451.62,2052.69,396.42,177,14161.6
4318.12,1070.92,1285.94,1431,47490.95
2134.65,1096.03,1593.76,127,17537.12
4072.71,1150.58,803.33,790,28955.9
4734.47,2104.44,624.52,1366,41008.7
3304.45,362.77,2649.82,823,23572.42
3837.32,2801.53,2836.47,131,28517.09
4122.94,823.06,512.78,391,21131.38
4302.68,2999.08,1242.35,1411,46951.86
2277.74,680.26,2887.37,868,31000.5
730.69,2360.33,524.54,627,16992.25
2308.44,825.56,2037.83,145,18237.0
3531.9,426.37,2925.0,1218,41447.13
2526.58,2649.81,2941.2,626,31157.84
3870.33,2604.5,1572.3,570,34773.35
2106.42,1330.0,739.42,1470,36046.97
3356.35,2166.71,845.63,1045,34585.08
1338.89,1759.78,2701.92,406,23131.49
3872.16,2588.28,2761.54,235,35684.66
2955.63,1082.16,1941.28,1743,46124.25
1418.29,1666.28,2368.68,592,20383.92
1813.6,1559.04,2297.81,200,15632.97
3868.74,1190.94,2086.92,1392,39609.25
2671.71,2696.07,2533.65,1827,52082.5
1472.14,664.46,2150.6,1741,33077.5
4852.72,618.62,1741.81,1132,32664.97
3718.06,1815.35,939.78,59,22453.54
4807.11,2040.98,2308.5,906,39008.04
2421.97,744.93,1578.28,1197,37818.22
2637.95,1294.01,1095.94,405,8962.97
4540.8,2850.38,2465.25,1419,49157.59
2862.72,890.53,2181.13,843,25756.72
3682.76,2071.41,2830.82,286,30427.99
1634.78,2272.42,746.69,382,17310.57
2510.27,1454.76,2052.81,66,13432.39
1055.52,2825.07,959.45,1497,39890.26
1426.91,2262.64,2739.67,373,26607.11
504.25,1482.19,568.65,72,7188.98
676.69,1794.14,2071.64,980,24185.48
4897.78,2139.32,2435.93,508,40028.35
1590.59,1858.13,1258.28,1533,41068.98
3484.9,2660.35,2876.17,570,36804.66
4275.95,1199.29,2596.97,768,30946.55
2977.97,1039.68,1095.47,606,20446.22
1189.15,798.75,320.36,1494,37376.18
3776.52,305.79,1100.97,452,25223.75
3201.13,320.44,1059.54,1404,30725.24
3790.63,2636.15,2702.9,506,30950.12
3963.86,2099.5,2911.23,1556,47010.45
4889.35,2049.49,490.19,1571,46476.3
3081.03,1921.0,1572.5,1100,33088.11
2037.39,2577.81,1780.5,446,29328.34
3418.09,1544.75,550.86,1261,38506.67
807.98,2637.15,1319.24,189,25896.6
4538.29,1206.45,1156.12,570,35626.34
1037.21,2794.78,1747.35,795,26159.0
1975.29,2156.24,2085.22,141,24653.79
4170.85,920.1,2199.41,126,23467.68
3187.91,1779.44,669.24,901,42549.66
2271.36,1692.49,2494.96,1317,33862.97
2630.46,586.12,2132.06,894,29081.44
4345.46,1855.48,2700.5,716,31381.53
2030.02,1081.4,1513.21,1803,37088.53
4413.42,346.58,2713.5,1008,33086.62
896.6,2856.24,2637.59,1038,36051.86
3995.59,1996.17,1483.71,846,35084.45
4313.96,2655.37,1329.09,1735,37859.03
1318.18,2092.96,2818.59,1914,43034.52
2436.56,1199.55,2230.94,137,11749.41
1244.75,1635.53,2806.26,1691,35465.28
3679.72,2092.09,2451.83,964,41892.19
2909.06,2888.71,1945.1,1367,34391.93
3358.96,910.27,612.8,144,11059.71
1384.19,2649.94,1087.0,1326,25156.54
1452.86,2787.42,2915.87,600,23451.72
686.74,2077.16,1162.44,448,7886.53
1949.3,2807.55,551.79,816,19557.25
3018.85,1314.06,2210.39,1127,32653.82
4360.71,2868.45,2281.81,292,31980.87
3501.17,2167.79,1070.74,1183,32798.17
2459.28,317.62,1103.71,1839,40211.79
4789.04,2739.24,1566.01,673,36959.08
3736.6,1556.52,358.83,1759,46952.71
4685.74,1488.92,2431.17,750,29533.16
2874.15,1786.11,1156.14,1294,45777.77
1665.07,618.28,2605.16,1834,32498.38
737.72,1513.66,2467.1,613,15848.74
3767.38,2527.16,2085.79,211,28504.7
1045.86,243.35,1177.16,84,7603.52
1862.49,964.17,1694.05,1015,30710.85
2896.12,206.87,1501.04,86,12257.33
3039.87,1363.99,1214.98,895,23207.7
3202.62,2239.28,2589.97,878,26131.82
1248.15,2436.56,1605.47,672,32095.51
2208.82,2846.53,2548.35,1443,38889.21
3277.37,1903.81,584.09,1250,35415.39
4864.18,912.96,680.77,570,37954.8
3774.34,2787.61,2938.76,1348,42301.55
4651.72,2370.88,1886.97,1706,50895.06
3929.95,1808.4,1676.38,154,17977.26
3162.73,2147.79,1712.52,205,15651.84
1364.11,2788.09,881.23,385,28862.4
3500.09,2194.7,2240.5,1099,47087.25
3305.21,1231.45,528.91,345,25931.22
3211.11,2196.48,1847.97,1610,48694.16
2704.04,312.78,1841.08,1428,37741.06
2878.95,1281.96,2768.31,935,27316.3
2004.99,1337.7,1720.69,118,16051.5
2836.91,667.15,670.07,1400,31082.39
1389.0,264.64,1846.43,200,-2130.55
4123.28,573.47,546.58,906,35879.44
1336.0,2032.94,850.24,626,23551.77
882.35,2446.41,383.99,711,14477.86
2463.11,2966.97,1685.89,1393,38045.03
3462.38,1169.82,528.24,806,33378.67
2469.73,1878.26,1567.36,501,23958.72
1745.39,2824.01,2818.95,619,18189.94
3011.77,667.72,2243.36,1741,35151.9
2061.51,2209.41,509.01,1185,41073.87
4697.9,2313.94,905.37,684,34597.43
4651.9,449.13,2118.89,1535,48399.46
2760.67,2611.5,2715.7,1938,58495.08
1975.48,2476.69,388.88,411,18186.29
3817.1,293.53,2493.62,252,22714.34
665.21,455.04,1816.9,536,3989.43
2636.46,337.56,1774.45,1553,32561.82
2013.46,1137.28,2886.1,53,17368.56
4642.41,1626.01,2318.64,1202,40653.2
554.01,1690.57,2595.32,1099,28531.42
2987.67,949.47,1255.79,850,32021.69
3832.99,2752.47,1796.78,1026,41469.82
2682.58,1231.14,1961.6,76,17984.26
884.31,327.54,1168.28,1115,23093.43
4876.08,1040.64,1839.67,1014,34556.65
2831.05,1687.11,938.97,1656,35980.84
3263.84,1343.02,687.11,113,24481.5
1564.74,966.76,1309.72,1098,30187.25
2675.74,567.71,2296.08,121,11579.26
2431.17,2493.66,2773.71,1555,42465.26
837.03,2989.21,1535.83,1946,35372.93
977.72,1122.72,2035.62,949,20853.91
4268.63,1268.54,578.2,317,26619.47
1579.19,1930.51,2742.05,1899,44009.07
1377.31,2211.64,1835.23,144,15954.32
2772.1,1297.68,2406.91,444,18466.06
3959.36,2733.8,2444.99,918,32784.14
778.76,1768.01,992.5,413,19812.02
3095.64,1461.09,1728.77,1388,46288.35
1036.45,2010.68,2893.3,166,17969.24
664.07,2867.85,542.01,213,13338.13
737.35,2424.75,2144.23,926,31958.27
4253.74,312.04,2898.11,839,27613.75
1030.88,1130.47,1111.56,626,22762.58
703.18,1517.53,2625.91,355,12203.21
2470.55,1080.65,2820.88,821,24635.2
4297.97,2160.53,2317.13,1813,49403.98
1680.84,2513.55,924.59,249,17259.42
2397.71,2247.77,1201.8,1805,47777.59
679.65,2970.13,396.69,229,8084.51
2520.85,963.13,2544.92,407,17656.58
3099.26,2649.97,2593.95,789,34263.31
3069.08,2346.54,2008.32,1325,42386.2
1995.92,1214.1,1251.83,1372,23943.18
1919.9,2255.55,507.39,1946,38882.06
979.81,491.41,2333.26,479,6046.56
2150.59,2410.13,2261.62,1077,29647.07
947.73,1690.53,2764.03,702,19710.69
3949.68,1018.41,2272.44,727,32821.11
4848.23,2036.18,2537.48,303,18805.18
4865.34,1996.54,2314.08,990,43512.24
4392.82,786.56,2002.86,1738,43503.89
3203.56,285.11,1452.81,1652,36829.65
3653.9,1414.14,2735.72,1640,49487.58
1783.43,1794.63,2057.62,1169,37995.55
3338.47,2654.49,1375.56,216,20732.31
2550.42,2799.01,525.37,1906,42674.87
2669.08,1680.65,1084.9,1404,34638.37
3909.99,2310.65,1768.06,1971,48507.56
1768.63,1430.05,1044.22,1014,19481.96
1931.18,2289.03,897.34,1961,43503.11
4660.89,773.44,1723.96,903,30792.61
753.01,1238.98,758.51,1135,24529.17
2685.35,1975.84,2461.11,223,29772.87
4607.6,250.84,1607.79,1326,38120.05
3246.63,2222.89,1849.43,1534,39038.1
2958.83,2539.5,697.93,673,27037.9
1623.85,1317.6,1176.36,1288,30747.84
2044.74,1454.24,1407.24,1312,31769.83
4334.22,2583.59,2482.17,464,29528.28
3016.48,2371.83,2379.43,788,23590.43
2816.34,1006.82,902.04,1815,44152.07
948.11,1107.13,1963.68,1818,31578.6
572.13,2100.86,957.33,724,27206.04
4836.58,1776.95,2968.27,175,26245.75
2196.44,654.24,2870.73,990,25231.69
3214.46,1067.8,1820.81,302,18597.97
858.72,2719.95,2187.04,1918,42766.78
3574.01,2126.89,2463.86,1784,43848.85
4696.55,2960.73,2246.7,246,27738.03
3090.49,2347.64,2189.54,1707,48734.33
1067.52,2837.53,2888.1,462,16988.54
3117.75,805.33,1910.43,1529,41135.7
3948.56,2360.16,2018.02,825,39362.35
2328.87,256.61,2593.03,1127,32224.39
4459.27,2078.13,2108.71,1720,50924.79
3419.07,1513.99,2278.92,1412,31099.76
4546.62,1170.93,932.26,1432,35736.91
3305.77,2614.73,1302.42,1224,32037.46
1090.8,2591.95,697.71,1173,27615.62
1893.61,262.44,1665.57,283,13762.36
1408.08,1906.61,1530.46,1617,30402.93
4589.72,1229.93,2992.34,1135,39260.25
3921.8,1363.85,1950.26,245,26981.41
3543.79,2529.71,2423.4,591,26265.9
1854.35,1067.55,1201.84,1828,34249.28
1328.2,2840.54,2545.17,1179,39246.21
3904.03,702.97,1960.73,344,18508.8
2633.71,2055.62,2181.88,694,29713.35
1516.05,2081.89,1094.96,1524,41505.7
3274.8,906.15,1781.32,1607,34334.13
681.5,1109.3,2011.9,205,5447.16
1967.77,2537.44,1890.56,455,21928.29
2608.51,2333.05,2771.02,945,33500.55
1165.81,1121.47,2725.34,775,18907.83
4930.95,1695.08,2921.66,787,47171.95
1440.94,372.7,2102.06,846,23992.45
1086.59,784.49,2924.17,1756,31827.08
1415.91,1560.3,2547.69,603,14596.71
3960.78,440.73,1031.25,1645,40694.26
2414.78,2561.33,1454.08,424,25922.54
3044.37,2210.42,943.66,1662,52109.14
594.54,2842.17,311.33,504,18351.64
654.94,2141.71,807.73,251,11808.91
2506.21,2833.12,310.96,1805,39269.76
4174.95,1752.64,2243.56,1525,46938.9
4483.57,1880.61,1448.94,1260,46680.39
890.18,2935.52,1143.95,1681,28985.99
2922.63,1997.96,2356.65,903,32569.93
4609.53,286.2,2547.71,773,26486.22
2245.88,2226.65,2933.31,1441,32442.39
4233.05,2735.31,2033.44,389,39219.59
1101.63,2427.62,1546.13,311,21609.88
4709.28,1834.73,1124.21,1914,48647.66
3881.4,2079.65,900.26,1997,49635.87
4736.0,2972.54,874.9,1662,49292.57
3544.78,453.85,1404.81,592,18615.15
2135.32,2068.29,2977.82,600,23134.21
4721.82,993.51,302.3,1379,44275.81
1740.05,1992.25,832.46,1919,38623.39
1994.78,1901.35,808.66,1799,42581.04
3653.64,629.68,2236.22,687,24749.01
3943.92,778.89,1251.71,214,14775.68
4682.32,1940.56,1534.6,807,41740.24
1421.61,559.04,701.29,670,6780.68
4090.99,942.51,1393.49,1161,44969.59
3823.46,2538.69,578.64,1273,45269.53
787.08,1115.86,1739.22,1344,29039.82
2242.5,1566.57,564.43,100,12183.07
1772.44,2835.19,2434.37,538,23293.63
1870.21,836.02,1829.82,247,15799.69
4923.26,1290.95,2254.71,1096,40915.59
3392.5,1898.08,1429.99,714,24818.48
3729.54,2314.95,1330.03,1296,40910.2
4894.78,2724.63,565.16,1294,46142.44
2197.41,2763.32,1714.41,712,26662.25
4108.28,2374.59,1689.16,315,38975.75
2455.39,839.33,1563.88,122,13980.78
4412.9,269.47,2299.4,1954,39452.19
1312.96,1274.57,2547.76,126,8059.98
4764.59,596.34,2327.13,593,33551.01
1484.47,2189.09,688.44,930,22489.1
1967.99,2051.17,1979.56,484,17297.76
3902.87,323.12,516.87,1138,39231.83
2271.9,2542.46,2175.48,406,24620.05
3236.95,896.48,1330.97,985,27205.54
2500.58,1410.24,657.75,67,651.22
3840.66,2070.21,2627.54,725,36368.64
1527.49,1402.37,1957.82,1872,39779.65
763.06,1435.61,1257.76,1639,39288.44
1849.68,383.76,382.96,624,11894.93
2634.39,1324.04,1750.74,1842,40792.35
1256.09,2341.57,2792.71,800,27797.06
2096.59,2762.49,1910.23,1509,46280.04
2299.92,1357.79,2923.46,1045,32327.03
758.26,1386.04,668.42,1514,26509.73
3124.88,2167.36,1834.42,1082,41925.82
4479.55,2839.76,2454.94,1543,48159.27
1182.84,947.77,1718.96,681,19971.59
3190.14,1432.4,545.88,1421,40899.63
3491.33,2428.73,1873.79,1675,54209.64
2387.01,1907.14,1951.69,421,24195.98
3654.94,509.64,2267.51,1019,45161.71
2348.29,1957.65,2355.27,1897,44534.02
2770.87,722.89,2381.09,1248,34767.28
533.09,1628.6,2091.3,1588,29662.22
3612.74,1681.49,882.69,1203,38069.94
3476.04,2653.37,1391.44,1639,47336.05
672.8,1494.98,2395.55,1366,35133.92
2157.13,982.44,2874.25,1769,42507.46
4905.64,846.71,513.16,402,23550.13
2393.31,2647.91,1745.95,273,23262.89
2758.75,678.83,1143.81,1597,33522.08
4594.69,1392.43,908.56,1003,38862.96
3727.68,724.08,1665.69,1780,40977.31
3119.32,2365.25,1936.44,1832,40354.04
4090.12,1528.24,326.39,1582,37065.63
4389.65,1183.2,2406.56,417,21944.62
2556.0,1211.08,2513.68,1739,38798.12
2637.99,2586.2,2906.88,1663,40671.1
2237.23,1750.57,787.74,1725,39441.66
4850.18,2210.03,1905.29,1573,47085.23
3637.25,2711.71,1451.89,1163,42091.34
874.5,2724.88,1204.04,705,24623.9
4383.32,1119.83,1827.21,1145,36225.31
2662.52,2866.86,2412.43,482,33682.54
809.39,269.65,362.24,1762,25820.38
2973.73,1255.14,2917.38,1421,43770.52
2377.24,2708.24,2486.68,1336,39708.21
4449.87,968.98,2328.11,1344,39269.46
1417.98,964.63,2353.05,558,24504.66
4219.09,1047.34,1350.46,557,30460.68
3009.6,1914.48,2329.38,666,23301.36
745.75,1427.33,1344.28,469,17074.69
4873.3,2234.86,2726.51,1145,45575.89
2806.77,2705.75,778.5,123,25215.92
1808.95,2087.76,1089.34,1728,42331.06
2612.33,772.51,1788.61,1576,40377.04
4360.36,2811.51,1161.87,623,31665.83
1872.06,940.58,1445.44,195,12796.83
1367.04,619.7,1629.54,95,8639.55
1080.82,451.91,2612.15,1814,27399.3
1840.37,1777.47,1712.62,1178,37576.63
4010.22,518.53,1278.64,1182,29156.21
2622.32,588.57,968.89,1390,34182.39
1523.67,1040.09,1403.43,170,10823.75
1247.83,988.63,1692.49,1572,31554.36
1997.28,1891.87,2314.51,1116,35192.84
4729.66,2486.89,626.83,148,22587.71
2043.62,2331.78,898.34,755,28367.56
4946.56,934.96,1325.07,360,29251.54
2683.54,886.87,1273.08,1287,28830.35
1306.24,2904.22,1357.72,1536,41928.73
4510.13,223.06,2442.51,1814,53388.18
2571.6,2663.22,1175.22,472,35071.5
3693.52,759.24,1655.13,1462,37659.19
4926.7,2852.4,1984.55,1770,55117.24
725.79,1158.46,926.88,1185,25932.15
935.13,1432.98,2240.48,1984,43062.73
3742.06,2179.94,1777.2,1932,59056.38
1768.21,1845.47,1506.31,321,20412.76
1329.36,1090.23,2486.42,874,26369.41
677.13,1750.73,957.44,1175,20572.58
598.31,2245.98,2684.58,259,25732.54
3985.19,318.54,1814.83,788,26461.16
1104.95,231.36,1944.77,842,6180.74
2604.74,1482.59,2662.66,1095,21509.55
3226.54,569.14,2507.47,809,29655.83
2427.58,2060.16,1924.22,208,13328.47
621.98,799.35,2333.61,1964,36944.37
4025.76,1411.98,1469.96,790,24183.92
547.31,753.48,1777.92,392,13564.04
3928.5,1735.75,467.59,1473,44087.33
4519.87,524.95,542.62,1527,41724.73
2447.78,264.7,2539.45,748,20094.06
2909.94,343.17,461.11,1216,34331.81
2646.43,2871.92,757.38,1923,45060.92
2251.44,598.4,2448.75,1943,40697.28
4493.41,2183.74,303.09,446,26346.63
4522.7,390.19,1062.49,585,25632.39
2011.17,502.85,1876.9,190,22905.6
3267.81,1624.85,1907.71,1010,33401.41
4671.08,1501.64,2398.31,289,21418.21
4829.26,2864.42,1666.0,341,27240.74
2790.32,2845.54,1675.39,866,31353.18
2537.71,2382.9,2258.34,131,16255.91
1754.12,1885.89,1646.29,609,27278.76
4814.92,1473.89,1942.93,1938,45295.92
1142.66,1197.3,2723.99,919,23810.2
3109.23,2851.85,1383.92,220,28881.37
1771.48,1888.14,1339.84,1847,37649.31
1755.54,1821.4,309.58,1026,29201.1
2322.36,849.32,1956.25,629,22087.2
4994.57,330.75,380.38,575,27330.78
747.35,2846.53,1661.2,591,24003.92
3103.44,1078.46,2471.43,159,9938.13
871.57,1439.25,1784.79,1285,34513.95
1195.34,520.99,1028.02,1849,25126.15
2478.03,2543.39,2422.65,1511,47046.36
2797.07,277.37,1028.24,371,19535.33
1664.57,2535.17,2279.19,949,32260.2
1924.06,592.8,1947.7,763,30249.11
891.35,2682.38,758.99,133,19453.44
1864.49,2243.36,2743.86,1005,35245.63
4849.51,661.08,841.74,425,24736.75
4751.18,1784.29,2971.89,1126,40277.84
2006.95,1075.44,319.74,1940,43726.63
3068.84,699.05,1011.41,1569,39711.21
4593.18,2605.71,839.62,1329,45820.53
527.83,1329.86,337.78,635,15216.62
4148.08,1315.92,2277.39,1293,38291.69
4767.66,675.68,2172.25,1728,40155.42
910.97,1272.58,2439.35,149,15131.63
1226.51,2640.53,993.09,178,14639.56
4823.36,1216.76,1499.7,967,35359.91
2918.93,2864.49,2079.61,268,15689.56
563.88,2849.66,1487.37,526,20090.98
1659.34,605.72,2182.78,1856,31146.17
2524.75,696.47,2011.73,1531,33992.67
3618.09,2615.49,609.55,71,25746.66
3799.22,1299.73,2408.82,1763,46588.48
4979.4,212.25,2245.83,609,29325.3
1793.8,966.84,2070.75,678,18007.27
2921.99,1873.36,718.75,1068,29617.17
2899.96,2437.94,1023.59,1402,47161.22
2325.4,573.49,1361.58,1961,44692.25
1261.23,509.52,1055.81,1764,31257.44
4898.55,2781.86,915.09,1553,48799.59
4339.93,2303.22,2474.47,1858,53714.8
2742.5,1851.38,2023.23,1947,48605.91
3214.6,2353.72,1826.77,388,25732.06
1522.67,1400.79,910.07,1945,30666.75
2947.04,2323.68,2778.81,1932,48978.12
3627.37,1241.05,816.19,228,20107.71
2818.25,883.46,2446.37,470,32609.7
4956.28,2241.24,2910.02,1555,63898.24
3251.04,1375.08,2263.15,1056,36995.47
2169.38,2947.86,2980.72,98,17508.06
3974.68,1178.56,2057.84,1900,51575.84
1267.08,2780.84,887.14,1979,34478.24
2230.32,2812.3,850.31,816,26277.53
2061.32,877.19,1176.32,79,4135.41
2443.13,2435.02,319.25,134,20514.88
4018.01,1412.61,2140.59,838,27103.7
2678.78,2769.07,1025.4,1575,40549.66
4073.07,1460.35,2500.99,1619,45410.23
3094.2,2284.05,1269.77,378,24274.12
2039.31,1507.51,1595.88,659,20794.32
4144.9,837.84,2907.36,483,29270.51
1572.3,758.18,953.86,637,12054.4
1509.72,1391.21,2247.39,1760,46972.67
2770.26,2315.39,2338.82,1926,42705.26
1673.82,1894.2,896.7,1322,32266.66
540.89,2128.16,1652.69,1925,41835.01
3417.34,990.51,1245.55,1207,37747.36
2799.92,1548.02,2384.15,739,31956.96
2504.83,324.31,1980.7,1438,25657.98
4851.36,2489.09,1585.15,1813,48459.43
3070.4,2971.7,2404.28,1648,47351.59
4385.44,1339.26,934.92,1853,50421.7
1127.53,230.7,2334.78,474,20789.69
3061.43,675.42,2636.51,1488,35519.9
4405.91,2027.08,2672.28,819,32063.28
3123.98,1913.82,2415.92,1729,42392.58
3731.06,2406.02,1401.64,561,41189.69
2174.2,910.88,2950.88,1458,43073.36
916.02,2338.17,1324.9,1461,32410.37
2560.55,2126.36,2024.29,1888,52088.9
2275.16,1103.88,734.9,1061,24988.38
4401.77,1727.37,2947.21,1522,51382.08
1597.98,612.37,2200.76,613,12248.88
4850.3,1467.18,2334.12,352,30947.55
4811.62,2667.35,477.6,148,32199.72
1614.34,1379.34,2361.23,1379,31397.65
2066.23,2550.79,2391.75,606,29401.2
4530.0,1852.71,2113.79,91,22136.35
4849.8,737.25,1088.16,1040,37462.11
2495.48,1827.1,1622.16,517,21143.93
1944.49,1616.75,598.17,489,23481.11
2867.42,1316.2,1573.29,376,14927.44
3594.96,534.97,958.32,618,19424.17
1730.64,1366.78,1242.56,82,19133.84
3814.13,403.73,739.02,461,9984.35
732.46,476.55,921.15,1699,27283.29
721.83,1364.57,506.74,861,19159.89
2238.29,1055.07,2783.73,1187,33698.73
2090.63,2791.52,1732.11,557,23177.96
1920.35,1251.98,1371.2,105,7818.41
2709.59,2322.0,1744.58,1629,48645.06
1943.3,1684.69,1996.39,1797,46135.64
1365.16,2171.44,2789.07,1425,33683.53
1892.61,928.32,782.47,1402,22239.04
4887.07,2837.33,1097.99,595,36822.7
2350.01,1684.25,2934.63,1343,37516.24
2501.21,2527.71,1302.22,245,17734.19
3094.45,1222.13,360.92,462,11840.33
4925.03,480.59,698.64,686,28353.85
1587.21,2086.39,371.11,1152,32955.24
3565.77,221.73,2972.79,1840,48854.22
3721.93,1530.82,1052.95,1730,44305.67
3232.96,739.85,2793.57,1156,30961.86
898.6,1956.65,2988.89,791,27747.71
3545.93,2942.38,1919.57,186,20057.85
788.43,1500.33,389.63,588,9474.04
3182.64,2489.0,520.3,738,29360.5
3828.12,1621.8,1600.29,768,39112.04
1449.36,1588.35,1396.66,982,33845.89
4287.3,2805.19,1936.68,1997,48550.21
636.59,2691.9,1484.89,355,14685.96
4297.16,2400.24,2822.01,1384,58076.62
2571.48,1029.52,1743.8,437,17088.3
1479.15,1726.02,2173.06,774,32326.25
1102.0,826.91,2720.51,1939,43402.01
4789.88,1442.97,696.55,964,42055.05
827.0,1555.8,920.28,598,15095.8
1395.92,2528.59,589.76,555,18917.18
2065.2,2708.88,677.02,437,17627.41
3291.06,1360.94,1683.98,342,26474.28
2951.6,249.57,1167.18,228,7667.47
1065.4,2612.97,1442.57,721,22774.3
1803.78,687.98,2952.72,1502,42485.2
1574.38,1941.27,723.1,1953,44081.31
1460.94,269.92,1760.19,1597,36949.49
2350.15,1318.62,566.95,1754,30687.77
3668.14,2960.69,1159.94,1385,38324.94
1478.54,481.94,1724.32,129,16449.29
2150.05,1386.34,2855.91,1087,31767.93
2259.13,1060.02,1356.32,1127,24209.39
4894.05,2734.25,475.25,496,35927.31
4796.0,2634.15,1348.04,815,35336.47
4100.62,865.56,693.5,1138,47365.73
1587.47,427.33,920.97,1445,32527.99
806.17,1955.99,1968.84,552,14327.92
1926.07,1141.83,482.04,619,24206.92
1700.58,2081.84,1554.75,145,23895.72
2776.67,289.94,1945.55,1606,36925.07
3999.78,573.52,1439.02,1333,33487.24
4362.45,2121.84,351.64,634,31363.3
4301.89,794.64,2960.9,297,22225.7
2118.54,2601.25,1291.21,176,17596.27
3592.55,364.05,2402.16,548,17751.64
1907.75,803.35,1179.25,95,16142.68
774.07,2995.97,1582.55,1031,22715.63
3657.04,1412.61,1348.85,317,26169.38
544.22,2168.3,1224.86,1713,33620.34
2341.32,711.46,359.0,1615,35957.02
1982.21,1907.63,1272.06,143,13577.05
3620.2,2233.1,2701.62,785,34921.41
3948.1,1080.53,2164.06,1389,42438.95
1868.43,2520.91,692.64,661,22589.9
4152.32,1889.57,1896.12,120,15251.54
1822.63,1289.54,2709.02,642,24555.82
2508.47,1761.4,2190.09,498,25763.82
3771.58,1814.93,701.45,1983,41705.37
3618.14,663.5,2643.15,1440,34387.68
4943.16,1327.65,1114.17,1885,48891.5
1513.22,1161.61,1526.01,669,8940.68
3480.43,1322.53,1720.59,663,31433.83
3243.57,2331.11,2596.37,1483,40796.22
4617.94,1551.11,2815.34,140,27427.16
1203.63,2832.89,2810.06,1582,33935.51
3883.09,1022.29,321.48,926,40816.45
3057.21,1363.97,2789.1,577,19418.32
1736.0,2403.48,446.84,1183,28594.58
2634.96,1728.87,1017.59,824,33639.72
2001.99,1731.68,1690.47,721,18952.16
3106.91,349.35,1595.8,814,26432.42
4500.5,1316.08,1932.72,1162,42320.25
3061.87,958.05,1594.5,1680,32980.13
3342.75,2998.14,2822.81,1345,40313.51
2834.37,1063.39,949.48,1320,34787.98
730.24,2676.59,1039.87,410,19714.74
1547.86,2093.45,2785.99,427,16915.87
2714.01,1154.57,507.2,1279,41728.31
1896.06,1721.9,1945.81,394,22107.22
1317.94,2553.5,2140.69,1903,46759.68
2768.6,2673.43,1664.96,847,35468.6
1952.64,649.1,2174.43,1833,30939.5
1661.48,1150.8,766.44,504,16943.3
2587.93,1138.62,2602.11,957,29642.24
1099.78,317.73,678.07,116,6020.76
4674.86,1875.07,1382.19,1036,39848.12
4404.66,2593.5,503.2,1631,37210.46
3684.29,1268.41,1772.07,1028,34633.48
977.96,2272.1,2108.31,92,12178.13
3991.45,1957.56,2841.3,278,16450.6
4135.81,1251.82,2296.21,1886,51138.0
3954.94,594.97,1760.98,1517,34470.4
1012.85,2186.11,2818.07,283,15390.16
3397.59,2592.78,1591.78,1272,38869.49
4254.46,2120.39,1815.26,546,21965.07
3098.09,250.06,1909.47,897,18618.1
3408.83,805.45,1406.95,1105,35176.38
2562.64,394.54,2563.9,1337,30186.54
2879.18,1797.08,799.98,162,16534.4
654.7,2318.14,1798.07,1022,26634.13
3375.33,509.62,2250.03,1903,35694.55
866.51,2547.35,2740.74,508,19035.73
2457.57,1755.43,2686.58,1349,36422.5
1816.95,2131.91,1673.6,1219,41444.67
2954.43,2919.93,2036.54,1430,37808.7
1100.37,434.31,1364.44,55,11474.09
3612.4,2723.43,1564.08,1413,43331.93
4077.55,553.09,2746.92,1041,29053.43
1235.1,1300.28,2812.9,543,16319.41
969.41,2584.03,2717.62,1181,35935.68
1154.82,2737.51,673.6,1998,46370.2
4447.07,1617.84,2595.23,1845,48282.57
2876.85,1863.49,2860.58,120,22238.07
2602.67,2182.81,1275.37,988,26386.58
980.2,2531.72,1700.34,1413,32872.13
3423.0,540.23,2403.56,723,25074.45
4406.0,2468.19,1817.61,1173,46766.95
4226.84,1547.57,2982.41,1400,46020.24
3317.25,1461.75,1530.43,1106,30749.45
838.75,1386.92,2227.65,192,9489.71
1005.79,1625.79,2440.0,1317,30610.23
721.89,2846.14,1634.07,785,23425.26
1658.66,1734.97,2613.86,775,24027.24
1110.48,2868.9,1774.62,1705,37864.37
1670.22,704.81,1411.46,1753,42703.92
2232.76,2227.58,591.12,1934,41511.63
4743.42,2474.27,1362.22,266,30654.5
3246.69,2101.56,2281.63,1974,61709.08
4257.38,1899.38,2787.47,483,26576.61
3696.58,1781.48,979.53,1940,49165.2
1006.26,2610.61,1259.14,883,26809.91
3811.64,2500.61,715.69,1802,48175.79
1737.94,542.41,2164.95,1127,27310.01
3375.99,2576.05,2892.51,769,29639.99
2034.33,1359.39,2030.57,991,30022.35
4989.53,910.35,1966.11,1665,38160.49
1685.98,2635.35,1794.42,956,38762.4
1756.09,1409.67,538.83,1965,48780.18
4688.03,2463.42,2269.66,1044,40043.11
610.9,937.53,1925.53,1224,30692.63
3635.1,211.0,2085.99,104,15909.99
3763.97,1587.29,2726.79,1590,44789.51
4263.7,480.64,2416.69,1521,38579.09
4884.98,2312.25,2408.47,1108,47180.75
4890.21,973.01,2803.4,910,33947.8
793.75,1442.21,2972.82,1056,30149.47
4198.28,443.69,1869.46,1192,35849.45
3408.39,1002.65,593.98,1270,34413.33
3413.04,2388.17,1539.65,615,22248.48
1077.57,624.45,2426.52,820,21031.04
3425.84,2012.05,374.86,1847,40049.81
4921.17,2768.79,453.6,1928,54749.0
4603.18,2103.54,481.33,927,46182.48
2476.09,2470.86,2273.8,873,24460.52
679.77,505.12,1653.15,563,13487.78
2130.32,902.05,1296.02,1667,33364.6
4218.76,2704.71,585.17,911,31504.46
3656.75,2202.3,2277.05,471,24806.32
2567.05,1990.75,1166.75,566,31802.99
747.96,2058.55,1016.37,1759,44668.87
2421.03,1359.76,2061.26,1212,27702.72
2610.61,324.76,1809.33,754,25532.21
4678.5,2396.44,1278.51,1723,45869.03
3384.89,2100.4,2032.02,858,29645.04
1902.44,1523.85,1032.3,1701,27432.92
2863.93,2719.33,2446.04,93,32627.27
797.25,1141.25,919.16,907,26185.46
4876.56,1024.1,728.86,850,30301.65
2120.27,2643.83,2412.59,268,23162.97
2650.4,2431.57,2211.31,617,25993.46
2098.78,1641.94,793.13,1827,45029.68
3571.3,566.06,613.86,957,27469.87
3480.04,802.2,2563.68,307,21133.84
3718.95,2037.44,2396.82,1586,42077.07
1706.64,1278.12,1183.59,1010,29141.75
1920.51,2542.12,2077.13,1450,49128.92
1063.63,2859.87,635.23,942,25201.32
3449.79,2455.78,1669.03,338,24544.64
679.09,1257.13,350.57,1543,29336.76
3189.57,2408.32,1357.33,1021,36151.63
4413.63,1184.04,502.08,152,20150.63
4508.74,667.88,1582.9,853,30383.83
2520.67,293.5,1438.54,1222,30113.01
2566.87,1280.01,1499.84,1157,22967.54
846.36,2729.97,422.39,1099,24861.04
3518.44,869.16,1276.36,1248,24994.85
4195.67,778.24,2342.51,1808,44331.57
1600.95,2915.5,1296.07,1714,36290.71
2395.85,270.01,2230.96,1495,37378.56
4274.78,2400.19,1297.59,1727,45468.3
4447.04,1099.84,1442.75,1419,39832.93
1594.31,304.97,1822.51,351,3146.76
2977.57,2769.85,2866.84,1371,47294.26
1366.22,591.0,593.92,1208,19837.27
958.45,1744.98,388.87,1128,23213.81
4600.04,967.35,1941.48,105,26603.98
4192.28,382.54,2862.56,1064,39048.38
3920.16,339.78,2972.25,423,19029.6
719.45,523.56,1607.24,1661,33462.46
4296.78,399.83,1563.82,880,25491.19
2471.2,2329.56,2041.4,969,33318.2
2040.78,1559.59,1800.21,1412,30928.55
2959.14,1160.1,2012.04,506,18534.16
911.09,1371.43,2659.8,1428,31816.82
3904.91,2801.05,2315.03,181,23385.59
3120.96,2750.11,1641.57,542,38816.45
1339.66,2203.89,1547.03,1627,34032.25
1347.04,2677.11,2026.92,1937,37738.07
1329.12,1095.01,1530.41,159,7445.15
756.51,1267.11,1536.0,631,17416.99
3145.09,1918.39,344.03,845,30027.06
4281.57,1946.15,769.97,1199,40891.29
578.74,1548.76,1618.99,1933,41857.45
720.52,1321.84,2521.16,1369,21428.84
3077.47,2961.3,1052.56,1252,43891.67
4187.73,2499.15,1711.14,1998,49108.53
1970.33,1417.94,1231.4,859,27237.33
2073.26,2236.42,582.97,935,36848.47
3183.56,954.77,2887.41,1270,32339.4
1733.96,480.47,2607.62,822,18674.93
619.74,1186.81,511.93,1174,18595.06
3808.53,1328.32,2243.43,986,32841.33
3315.42,246.3,1238.47,622,29436.67
3113.4,2481.42,2986.09,1256,34696.67
3837.58,1205.74,1116.48,1997,45633.61
3538.54,1825.17,944.59,858,36377.57
1426.47,407.1,1833.3,928,25372.24
2086.16,689.99,2554.84,1082,26030.76
1067.5,2691.14,819.8,462,18130.6
1084.36,1904.33,2215.39,1791,43230.12
3542.88,2860.8,465.8,879,42063.1
4363.7,2996.5,2781.12,615,44730.56
4832.3,1241.21,518.9,1765,54385.13
3327.56,1036.65,2768.42,153,16815.89
1328.46,2603.4,1625.18,1199,40967.48
975.43,2996.11,1509.85,1619,34205.55
4157.83,1963.0,2927.93,726,26196.67
3104.4,2426.39,2974.04,994,36699.95
3282.28,2388.89,2055.48,1883,56269.53
4016.58,1194.95,643.22,319,26278.88
3664.75,1807.96,1666.66,515,27245.35
4255.06,2532.56,1728.74,850,38265.18
752.96,2126.72,1689.01,1191,31142.65
3863.84,259.26,1837.63,1939,46277.36
4328.84,1142.78,350.56,1165,34769.61
1787.61,604.53,2220.31,1685,32184.97
3382.01,852.32,2223.46,1054,33263.29
1913.73,2735.37,611.77,1558,37848.46
4810.87,303.3,1839.65,1160,37312.9
650.41,815.44,1834.58,283,16236.14
3109.07,1066.79,2142.62,962,29631.71
1249.27,1927.28,530.57,1197,27319.86
3704.99,1695.48,1991.56,1276,40194.24
1291.51,811.15,1058.03,1105,37765.43
1559.22,659.87,1668.91,406,9938.12
2724.67,863.03,2387.97,1536,43317.77
4616.76,1607.08,2205.24,1013,37004.81
1452.71,959.3,621.04,1624,32570.83
1149.08,2853.29,1896.2,143,9870.61
3915.4,1498.82,2916.61,1595,54727.84
2752.79,364.63,723.28,1800,39636.34
4603.03,2241.95,2602.85,1481,51020.62
1159.77,1120.77,2196.88,1173,19934.48
3406.68,2029.77,2389.81,293,21658.17
1547.96,982.86,1061.29,107,13110.8
1205.42,1798.08,1077.3,1014,24951.47
3575.43,2362.03,2746.25,1430,46106.58
3171.58,2798.42,1271.55,1564,54436.22
3896.72,931.16,470.14,369,24868.0
1892.58,1137.6,1921.61,1092,26251.52
2515.87,1499.95,637.01,406,16603.01
2324.62,2796.09,2450.81,166,17569.46
4928.4,2723.88,2032.72,1209,43312.33
1815.12,451.66,2661.76,1912,37564.28
1826.68,569.4,2419.06,345,16660.15
2095.47,1587.43,602.71,574,23753.82
3040.67,498.53,1328.89,1174,33420.17
1635.45,1167.63,2391.31,1453,34318.57
4618.8,615.48,1426.82,1228,39027.16
1695.59,1980.91,2925.39,1667,52674.95
4531.17,2858.59,2286.5,1673,48089.79
965.64,2990.85,341.85,1178,29650.07
3454.53,1250.68,2675.96,1715,35602.53
4581.43,1877.24,572.17,1857,47918.31
1259.37,2597.55,679.41,1599,31987.22
4857.47,528.89,2283.13,1201,35587.51
2537.98,2130.78,2635.42,450,18832.8
4755.72,1344.76,1748.14,1645,40422.51
3545.69,777.21,1080.43,788,28314.16
1857.14,1327.71,1248.55,578,23937.5
1347.36,412.69,1225.8,606,12574.6
1866.81,2147.14,1182.03,599,12810.42
918.58,907.68,955.86,1197,25414.0
1147.41,1071.94,1943.94,409,17832.39
970.97,539.03,2731.09,113,13248.64
2403.25,2621.05,1129.12,1962,41428.92
4080.1,1581.64,804.07,814,28854.26
1136.23,1802.01,2564.16,823,18895.06
1086.44,1794.41,2302.81,673,17988.91
3395.43,1349.38,2813.26,151,17354.33
1387.32,739.08,746.9,610,14422.41
939.25,2286.37,689.48,1350,29509.4
1250.82,555.76,1761.86,1300,28121.64
4656.79,490.85,1958.97,1096,32236.29
4196.62,2188.41,1596.47,893,35427.8
2093.29,784.74,1917.21,1770,33840.31
3451.19,1058.96,787.03,1137,24267.59
2917.74,1530.64,1594.96,1230,37564.89
3547.06,1458.18,2076.85,1868,43695.81
3572.02,2184.02,1468.31,1463,33658.84
3329.3,1945.61,2134.51,1222,40794.2
1697.46,2004.31,1518.22,888,25440.95
675.53,2199.35,1200.72,1436,33767.46
2550.05,1019.32,1119.73,730,26164.77
4509.38,1102.53,1409.44,1537,38144.48
3062.74,1426.39,362.34,694,30210.7
4245.76,1060.89,2105.02,448,17913.14
4962.31,2957.83,2581.79,454,33572.33
1236.27,2479.35,1257.49,875,23586.2
3613.0,661.03,424.29,1205,29197.47
3534.32,215.66,2964.29,1270,41711.43
4909.8,319.79,1011.99,696,31240.34
4935.2,883.38,641.88,84,14736.28
3590.05,520.02,1298.33,469,16296.98
1596.27,1693.35,2294.1,426,30242.38
4093.5,2602.39,1093.57,1472,42621.89
981.63,2262.9,1851.7,269,12048.62
4013.15,803.71,1422.01,1971,53350.11
4595.88,1318.04,617.96,1961,41047.1
2222.75,1622.1,1191.77,746,31876.68
3337.86,2468.58,2257.15,1590,41163.81
2435.64,2549.54,1952.41,1656,45420.81
2469.94,2747.21,623.4,391,20555.58
1896.67,1625.89,740.97,802,16238.18
3929.58,2143.97,2029.98,1936,52124.96
4712.79,513.04,2496.22,465,32640.72
4733.38,1782.81,1243.58,1529,34243.97
1286.52,896.34,1907.34,1370,24072.67
4436.35,1408.81,760.74,987,41379.25
3818.44,1975.34,1140.72,1404,43312.48
1637.77,919.56,354.73,1778,37722.63
802.78,346.12,2374.35,1056,27122.51
1705.99,228.65,1382.73,729,21544.72
4604.94,262.05,2503.54,1412,41772.62
3349.3,223.38,2212.61,797,32538.85
3744.75,508.99,2537.61,855,28451.39
1657.19,870.57,1071.28,1371,30005.41
3737.25,819.42,799.79,1833,47958.78
626.55,2963.03,2924.15,1750,36424.04
2188.95,1056.82,2236.79,361,25844.04
3320.39,556.78,2551.91,1656,42539.36
1157.43,1727.58,335.46,1816,30786.32
4203.52,2602.28,1257.05,104,24099.24
1557.64,2098.57,2305.61,743,18310.53
3435.27,1029.03,510.55,583,24691.87
2323.39,1772.53,1831.82,1868,41419.11
3182.2,2201.6,1458.5,154,17038.86
983.53,2238.69,347.56,1248,19947.08
576.11,2066.31,937.13,343,10112.72
4593.04,2638.27,1068.94,929,37777.53
1713.34,2636.3,602.02,600,21240.75
4188.55,1821.02,2005.15,960,29464.19
4997.08,1403.6,954.47,424,29032.29
1451.44,1996.4,1049.57,499,14486.77
1693.27,2490.99,2725.24,1518,43550.96
3482.87,215.83,1561.23,1133,37008.49
4844.52,2977.59,1358.75,1465,47613.18
4621.16,712.1,2254.45,861,41668.91
2762.94,1516.7,2755.96,1884,44779.38
4078.0,2641.68,367.6,439,22193.37
1110.86,830.11,1510.24,1285,33225.74
4898.47,1535.03,1949.11,716,42592.23
4839.59,571.23,1160.12,1758,51273.27
1236.78,1306.21,2385.5,1608,31149.47
1847.4,695.98,2922.99,1313,25440.42
950.7,1218.16,2847.25,1561,31818.52
1722.73,1245.7,1018.15,1794,50031.33
4171.8,2980.88,911.11,1195,36081.69
2202.42,2985.48,2885.22,1326,43523.85
897.79,521.4,1538.3,190,8835.47
2040.01,2232.71,862.4,1525,42022.26
4916.23,344.89,2208.89,1925,43398.22
3333.58,284.54,1067.93,923,26343.25
2372.72,494.93,1021.57,1905,35000.96
1249.42,2903.36,2673.97,1226,29895.39
4937.8,2834.42,738.69,1966,59278.32
4193.82,743.0,473.86,1799,38717.17
1766.65,652.68,1026.8,1381,31407.29
815.31,873.5,1938.75,1633,32399.76
754.82,1643.53,632.34,1390,24083.54
1041.7,1795.17,1573.31,1602,30901.79
3113.46,820.46,1993.81,1369,37791.63
4679.44,2318.54,2591.59,892,39234.18
2735.35,1066.75,920.65,1418,35126.88
4293.25,2781.97,2506.84,1654,49471.09
2506.49,2038.82,934.25,646,23805.89
3688.63,1421.78,2127.27,1355,39661.1
3793.43,2411.75,1462.82,1281,48196.3
1282.84,2490.16,609.64,1001,29854.37
2125.47,1013.35,2228.51,601,21311.29
3367.86,1151.2,887.96,1169,28202.21
818.13,2820.67,776.88,1525,32473.44
2126.93,661.27,1267.47,1835,33740.55
2906.6,318.02,2063.88,422,15887.28
4983.01,1471.35,931.79,697,23781.23
2635.4,2443.39,795.89,1146,34154.0
4172.26,2360.67,326.87,1886,60233.67
2444.3,2774.69,1573.44,1858,47063.15
4083.76,1692.96,1457.34,1754,50729.29
3179.37,480.18,931.44,382,24119.02
4489.68,1848.33,444.86,442,26619.54
2349.24,2379.51,1458.99,1783,42282.0
3219.37,461.32,2428.15,1932,37469.94
3335.08,683.44,2231.26,1179,34933.5
2378.22,234.41,2624.15,1174,30018.54
1149.4,1862.23,325.87,1432,26827.27
921.02,2682.86,2909.33,1820,47269.49
575.02,2077.86,1221.81,1865,33388.57
4430.9,2949.71,2974.07,1402,62603.09
1564.14,376.49,982.07,1962,39154.38
1451.78,2728.4,1573.15,1691,39864.16
3812.16,2479.39,1255.6,444,38146.28
1940.07,1079.88,1260.55,84,1171.39
2777.2,2925.87,2574.16,206,22660.52
1231.3,1006.23,2315.33,953,22032.65
4818.86,2690.05,2978.81,1346,47257.04
4332.12,2666.1,1956.49,1016,41345.9
4387.05,2321.44,1550.79,445,29337.77
2330.48,1777.72,543.2,1825,48166.15
3930.63,536.01,2990.72,256,24863.76
1147.44,1689.52,1789.13,1830,40763.6
538.79,1199.03,2191.29,1678,35354.33
589.88,2418.21,1398.2,670,14121.41
3139.71,2322.76,1778.83,1379,41322.14
2549.28,2749.72,2844.96,1699,46702.98
2831.07,241.52,749.33,1609,29997.66
533.58,2465.49,1089.41,854,27318.19
2402.09,2827.69,710.56,511,14655.45
3731.31,2410.04,2438.98,301,39848.01
2492.12,564.54,467.52,1340,30776.51
3794.99,427.58,520.41,916,24566.92
1548.59,258.37,1105.93,258,14429.26
4159.14,1960.49,1688.31,1004,40263.1
3147.94,1963.08,1396.94,1640,53021.31
1448.43,2963.36,421.0,588,31602.99
1565.24,1314.52,2885.23,884,19232.11
3326.14,1129.34,2872.75,552,25180.71
4234.73,1948.39,1054.26,1005,32068.89
2370.33,2511.7,2275.12,563,30214.83
1662.35,2822.97,1862.15,629,32467.15
4401.55,2448.75,941.19,1987,46613.43
3511.71,1394.69,1007.86,1221,35404.53
2516.38,1977.76,1626.11,1904,41697.07
2695.55,2597.64,1431.94,889,35983.34
1419.15,1573.71,1086.32,1715,38449.42
3320.61,806.72,2480.28,1035,38261.36
2114.34,675.23,1599.95,132,11085.46
4980.4,200.44,2068.09,1115,36616.09
2660.83,2211.07,811.04,205,21522.72
2686.49,511.07,1740.47,1742,37697.02
3046.33,882.75,1158.54,502,23549.11
4625.4,1034.05,1721.32,1692,52880.57
4103.68,1769.06,2408.23,1357,53229.11
2530.09,1314.28,2376.07,1261,31859.93
3734.15,2089.09,1256.4,666,41154.32
3138.06,355.79,2174.55,673,22172.42
2715.65,547.03,2841.48,1547,41995.87
1365.42,1597.79,1989.31,556,17507.97
2587.71,1143.5,700.71,1206,26041.67
1606.18,1028.28,2135.21,1344,37336.7
4616.79,387.68,583.24,671,27763.41
2009.33,2708.01,2654.7,1146,41410.71
4785.19,2137.09,1694.98,1509,51161.06
2898.75,540.53,1339.88,1931,44287.54
3341.95,382.13,453.92,342,21197.27
2943.23,2929.64,1328.12,704,36101.26
1082.21,2107.28,2738.66,986,32396.75
2191.2,1368.88,356.65,1845,37582.4
946.16,2164.85,1581.55,806,25475.67
3303.29,2317.73,2814.13,1510,51581.19
2510.93,2383.89,1366.07,1045,33003.88
4000.93,1538.06,1456.07,1925,46461.64
1492.12,1403.67,1862.11,716,19020.31
1240.55,230.88,1549.93,1734,37104.08
2328.5,2794.36,755.22,109,17313.1
4669.63,1889.26,350.1,1671,48929.93
3696.9,768.83,1946.49,1777,42642.34
2385.16,2774.89,2786.18,376,30970.9
2827.72,2761.81,587.18,1255,37910.79
878.96,2969.72,869.57,848,32295.91
4930.59,2647.36,1299.62,834,45696.94
3498.83,2993.8,2483.6,816,35408.14
1784.32,885.12,1027.0,1507,39227.58
3136.14,2558.3,2681.55,568,28188.74
992.67,2504.48,448.39,687,22660.69
4846.27,846.63,2840.58,132,20822.67
1286.53,475.63,1814.02,77,12134.22
3416.14,2942.38,2078.7,315,28921.08
1604.55,1028.87,1292.76,1356,32959.07
3729.03,2638.5,2411.38,446,23222.42
3995.7,211.56,749.73,1011,20695.21
3530.39,258.87,432.06,812,20116.52
3265.25,1504.44,1367.9,1029,35212.88
4516.11,868.4,2604.98,1773,51326.15
853.82,2131.56,2338.3,1456,39249.38
1989.12,1783.58,1696.32,860,24868.97
1617.29,416.96,1844.77,630,19534.94
4946.06,655.36,650.71,1392,37301.94
2252.25,1286.54,2569.84,1911,50070.98
3796.76,719.69,2424.79,660,24566.79
3581.26,2418.22,2072.47,242,31315.03
1454.37,1365.0,1558.72,276,13666.2
1575.49,461.61,2904.04,500,25667.8
1765.78,1556.16,2673.39,1255,33485.33
2350.07,454.35,2039.96,981,27465.81
1554.46,561.02,1303.86,1400,25805.7
588.43,870.91,1968.66,1678,42865.53
4457.27,2606.68,1853.69,704,40637.66
4845.24,2788.92,1364.45,252,32744.44
2037.07,2513.52,1128.02,451,23484.0
2023.28,1135.42,1398.93,1717,34390.71
531.91,962.85,1849.56,521,17958.49
3561.13,1737.64,1455.96,1852,46522.99
4214.48,2221.19,1011.65,1719,48256.59
1159.74,2981.44,2354.6,939,33772.49
1218.5,568.4,1734.96,228,12780.49
4055.37,338.02,482.72,1771,42375.27
3273.31,2144.2,1294.45,1091,42556.93
701.87,2530.23,2689.27,512,16353.96
3301.46,2569.78,2339.14,884,26543.08
1890.13,2099.7,1172.77,1986,39711.95
2159.26,2871.24,2833.09,658,29626.8
3963.79,1630.81,506.83,1619,46805.48
4149.21,2758.68,2895.33,975,36625.37
2301.6,2909.87,963.4,1476,57936.65
4762.19,2572.04,324.55,1466,47159.64
2329.08,1067.32,1471.28,985,28439.72
3973.26,749.4,1269.22,349,16314.62
2677.45,1734.74,1755.54,400,15121.0
4538.9,1468.44,2451.29,236,17563.85
4584.93,2657.72,2574.56,1420,54735.44
893.38,480.09,1383.32,672,22273.32
4714.22,921.67,1460.58,1482,43055.88
4214.91,2305.04,700.08,1832,43451.83
4060.9,465.96,428.38,120,16444.27
1404.1,1098.14,2031.28,1894,45943.87
4123.04,1284.04,473.98,1400,37073.95
4325.6,1943.26,2281.34,1285,38083.12
1801.18,642.77,1755.54,358,13675.53
4785.17,2609.69,836.17,1181,41309.33
724.37,1453.12,1756.71,226,15792.52
1174.59,2767.66,794.09,476,8917.26
2919.12,1510.04,1484.59,789,28908.19
3091.07,970.11,2458.81,580,21701.55
3403.18,597.12,1547.18,1907,41366.97
576.36,210.49,701.49,467,14225.72
4821.65,1690.04,2254.34,297,22259.06
700.65,500.04,804.27,258,9587.16
1143.78,1296.84,2294.08,265,16768.65
563.07,1849.96,1594.25,762,23391.77
3050.86,971.92,1525.1,487,26068.84
4695.2,690.63,2598.87,1842,51975.13
3496.76,2369.22,2213.23,1691,50489.68
4201.96,2851.02,388.86,360,24152.34
559.77,481.23,1099.67,1856,39294.61
2939.07,635.65,2651.49,432,15805.53
2568.03,2888.04,349.48,1030,34795.72
2745.36,305.8,1772.18,1344,29347.16
824.96,2937.37,2265.13,170,7791.08
3579.96,213.0,1979.01,456,19490.52
2764.49,2646.27,2353.44,294,23727.15
3943.17,1060.51,2259.37,115,28141.31
2683.81,2828.05,2168.48,991,43877.41
1172.22,1087.45,2518.16,277,13676.22
