AT,V,AP,RH,PE
15.607064635047138,52.28967593556134,1002.4085817263266,28.506527332369334,539.8195909883419
38.07785794998673,70.3597740242306,992.29374309685,59.00078939021059,482.47219373944284
29.5477637306448,47.11860100141821,1031.0461155865432,26.054023522927924,522.6570021953275
24.347680883684426,30.631695453624708,1029.7442340843058,85.04094981687777,528.2542801959453
7.084726977255024,28.38281550522512,1033.6859167172702,79.94437266338461,561.3094502617632
7.0837862931119036,27.823390422802266,1022.2437229299633,78.01925551635247,562.0337924802587
3.265260874559779,45.908257807671845,1020.7224529980887,83.45148543078189,554.5057527075413
34.78086968522247,43.54807629597131,1015.1551381533674,29.773160223815086,510.27397007564906
24.443485457985144,64.48653629924132,995.6674087358635,75.60031385347745,508.3547206552686
28.614830534045772,65.85518258716762,998.5155889927172,41.975335233258825,505.77820155929794
1.8027952775362954,27.79696828585569,1003.0261359902642,70.01602836115595,570.6102307277092
38.82648423431778,37.16177945889582,1030.0570363158026,20.98195557680573,509.29634946873574
33.46526299121645,40.08440175873948,997.7836286071383,73.50279220580634,507.3948701648867
9.28122531645277,55.118659127854514,1031.529292851955,97.48969551107017,537.527136245939
8.091173721076924,32.94833731488227,1013.5253579873138,13.924032878684462,571.7934151666162
8.152775884283919,32.36676706700002,1022.2006335962883,18.444601105037627,571.731357724615
12.865447475421972,76.9083889064377,994.9610019006255,21.127309060421247,533.4691321763692
21.465500833657277,69.23115990137796,1002.106509694916,48.75075144471711,519.4993601311276
17.845855727042515,34.93601961501437,1033.1333373681641,36.17021664397483,545.6878841708204
12.357936467723635,47.361229434802,1001.9767476118379,82.62281381866244,539.7747846346106
24.8622628941728,44.559209959166104,1003.3434774176015,52.64085152808654,522.4225425841353
6.440260565429631,68.5052240735974,998.8918823178486,53.60836084196972,540.7515552118019
12.393641292873507,53.06171040629671,995.8083149388074,74.53342911928183,528.7690997643458
15.288111888453976,32.03173553464069,1000.4965938654299,42.57720842821711,547.4623216422209
18.7867293844644,65.64456347359342,1018.904710137786,41.78865226784171,527.4524709487482
31.62186249432753,46.82883880237054,1010.4915480076604,78.12337488647324,507.7513407845689
8.787277504176028,39.46083361976809,1014.9190126352055,80.20375712530883,549.9768835853607
21.055143098130852,45.6524242111396,995.5064172944711,11.295889527953756,538.5718144110862
24.104168185619656,52.3766109983793,1026.0952401223306,22.94114282566597,527.5376041193517
2.811566096079911,43.87135340293552,1025.2842615260931,29.17883630336318,569.0216052784623
24.694249224156096,38.30481749254668,990.9715460014204,41.64404218820887,529.2743601778031
7.650440823804369,46.91761158421892,1007.2581792529637,36.230327508875774,551.3208041792253
3.537012126425901,26.054510091244403,993.0946770887017,70.16680435494489,565.9081976224982
38.00653595287999,67.48738153529726,1025.644760073673,84.53217104226624,482.7026636169697
38.65964928990782,34.40196914621722,1023.1771357406567,27.287828412042174,512.7930170064192
32.527496576541985,27.414753749685048,1030.589464243192,60.66820545417536,517.6119420309064
12.879936997761456,60.95342810977936,1000.6381781528902,43.10346259729324,538.8156945841102
4.809212446248971,67.56648708530197,1010.5333147407509,55.520008754145564,549.3525377160162
27.685088033974118,69.76060223760638,998.3019544723979,65.86820576050545,498.9579027269213
18.16594725584445,52.143005046333,1006.7055720513354,90.423983681381,523.5368122686231
5.759491158946374,36.29525015794919,1013.5009463205098,27.306340104455266,566.51084457791
20.31189949433954,65.54752224874048,992.3998855427365,17.83059283504543,528.2312762667424
2.3411523234935174,63.484219243488546,1022.1691684804823,66.44907271408172,554.3210821828237
36.4634956810725,38.54489037567453,1014.4482012166984,45.47177638953639,506.97732336987644
11.092419282400659,74.68742657245362,1027.3031557744803,24.66124239636897,538.3931830027941
26.838369089805298,30.740430194555593,1002.2301225536039,20.537845061936025,534.512457176086
13.156731967487028,79.04785317752291,1030.6494497371164,60.30188081866268,527.6632191265435
21.282652825934623,72.31362960376055,1034.94124138637,37.0423535075376,518.383310417232
22.321700894387906,62.83442550134914,1031.3684297269954,99.76837416273801,508.5221329816393
8.209323765495554,76.6312438553908,1025.005161412492,46.53107373976426,540.977163547855
38.81380048281778,64.72711425780392,1026.55659612932,29.10579478886644,492.0544902716538
31.230180111083467,35.47513483665253,1015.8184909145064,66.59641406055499,518.0299696482704
37.64045872100338,49.318587596204644,998.5569238310675,31.98294007214562,499.17284430405056
35.8982666666783,28.932666338239944,1020.4668308316473,54.4677438908045,512.0691996851483
24.31809917363232,46.431158225846346,1022.073885092697,53.43185653489067,524.8510835091508
36.95309516590156,65.78816608554648,1034.3423313120556,50.82018667441635,492.4017859764526
4.45120758002486,46.25438430119496,1014.3585592315345,81.64771266426175,549.487293534503
8.643331634346662,43.16617965074738,1002.2116056761275,29.495170131956552,557.5628299692563
2.763864267510985,57.744564738067155,1020.7652634782778,91.38765745634231,548.4452768258014
13.68788289976731,72.97124909493922,1034.0719118849904,81.22064528921808,526.2723252188375
16.1584142978898,27.617075590036183,997.9746258721092,39.98101278189914,548.662914395134
11.582612239181941,46.20087390848545,1004.6699063341022,26.254225565212465,551.7935890317411
33.32076285692524,33.70324079983945,1014.3846429197706,35.15815220560671,520.7015805497826
14.913379741049981,63.24448379025283,997.6596585696902,39.93726222181705,532.2198219581351
11.95644587780785,30.81485082371242,990.9999287783972,60.1239851926342,549.2084785387176
22.165147243171692,61.56442672191345,1005.1642405098563,14.173135193228513,523.6707240081663
6.496044774015743,40.7399478938849,1028.9416860675476,92.29232168668479,551.9824818270484
32.28568224940754,35.940424755547355,991.9560779695672,18.88073709949999,520.1547599288994
3.907475103511062,76.4993906803742,1009.3018076557613,35.134605469003134,547.6531193901264
39.48859052742017,26.018851721027573,1024.2990347816738,19.835869415766993,515.2067017859549
31.11754600256964,49.07774995392629,1032.89321686099,33.100554387309415,515.7637359760702
8.749911579832723,26.18948458539866,1034.3463929551995,85.39064367479276,554.9073949482253
1.2153625678204936,51.5976176457381,1008.9886221273933,65.3658230244918,560.4632063052613
32.80299570973853,52.557605778693,1032.7672932470603,30.45909025805326,511.4490518390895
28.567436410057066,42.69143592671109,991.5938537976389,88.45826768194038,508.9461439847363
29.431279553598504,32.2688977638763,1023.5662622099351,82.06408532966363,515.6991573102245
31.079543520751884,45.70131457539614,1018.9235715585125,77.82843540894225,506.2220294030295
3.887741417629524,61.97446169629113,1001.2284835913769,86.28694285471416,545.1951160034222
14.980163413226633,68.03176947544526,1012.8293325305842,65.76847133664836,526.6878602801139
5.518893321480059,54.19128313134783,995.8299181992223,55.12936241901091,554.9760262901206
34.66103360914815,57.44089169418656,1029.2218717928201,43.65415235542505,504.67851138895935
25.30862694627476,36.033900411855896,1006.1054138495541,30.138761836692854,532.1003188273296
13.905022969253318,40.80316832752072,1018.1720011709573,60.16704918822053,543.9982031680324
3.4787756611549217,33.90425855287971,997.1449328829268,90.05431111426795,554.4376587019674
13.128310546910825,38.71124425025362,999.2774180084043,63.45836100930925,542.634298634177
13.682149559043134,37.368772912404246,1034.6380366861417,92.76461755485731,540.3040375899943
29.454640955184498,53.56968325151807,1023.8888877498598,42.12256326338472,513.611212004638
25.86474138285331,55.94788156849012,1033.2887341398332,72.56241752747479,514.2191956363274
35.60129696047674,76.97210814518274,1003.313302434542,68.37989252163771,485.3991130686481
19.416382081316023,35.75638559058377,997.405329447892,70.33904596564676,533.3913343321392
5.664175591593766,60.29216405888228,1012.6380808565474,68.05378110167133,549.6298601539504
28.816546701696804,69.94925979431376,1012.2600727002305,29.94892074434051,507.7680052139053
30.670616896059002,55.81328050806789,997.8725931191094,22.923180845483408,512.6031983642143
22.889810705210355,39.025200887559166,1022.9948806311635,98.07654306088527,522.6576081933387
31.067720018227877,39.440262651100014,1006.279989049743,14.076561595825108,522.6621117961662
20.25802825821124,27.158917918904994,998.3864353918733,52.09628383254433,541.9392574443261
21.38658034589777,41.79943246016649,1004.939252754448,48.25722854276757,533.0544673596864
17.674099715983434,65.9532023451859,1015.3646414835757,42.40170623935686,525.6273358001202
1.9913459430197125,27.61347664639107,1022.6911919481199,80.37854682190385,568.5735866116815
5.207765652738874,37.061240537765684,1011.6850898725868,77.08152594812644,557.8196579893611
2.225738241782636,63.842787419248005,1013.6517745422768,91.47024311769464,551.4464884132459
25.820006039287435,68.04583595525821,996.2525671174237,45.59387735682299,509.34797002954036
13.259883261976741,50.04251255340606,1031.1610916118705,60.77615751365137,540.1068637035232
20.83425695542341,63.39408861632569,1031.792588909642,90.30763426079086,516.7956760698344
36.39509248311763,46.33736927601906,1020.7541965688101,99.4463256569846,494.5002748571103
10.722396936806122,33.79522847632701,990.7934134020311,97.23649261288195,543.2865683657528
17.00493399838956,46.89822214375986,1014.1683397156497,74.60594841418607,531.9971300138048
30.4664944031789,56.89823011117286,1018.3148537439876,22.890480202916166,515.8623922646312
9.923128454173277,77.14293050190896,1034.759440033115,12.086741061372393,542.9183030140509
4.002216483322927,28.781302364877252,1034.823012983766,84.26965207626476,564.3518233449666
12.300306663636952,52.90667516147283,1028.59250558965,85.6847822042643,536.0841048186024
7.287630202906172,43.09058780158984,992.8723946411751,77.17248174371227,551.3775040445902
37.25820844136035,52.9571431852182,1032.8974375850428,35.193113739929814,503.2787626300332
32.51669480301226,26.318649605709243,1017.56975612184,67.5836073638674,514.4208904964912
25.702746503906514,42.21639450858697,1026.0399046715631,38.46235976337468,525.6093647666306
34.98696301732099,70.09274811398527,1008.3236782358634,50.558342149083224,496.4446221528236
32.34321099906546,55.466795362005065,1004.3851262055565,44.41915764824594,507.76993910780016
8.276232296555397,49.782037104886456,1010.8459865467713,92.227607811105,544.5339409692602
35.80980094110913,40.70387894434368,996.6093530835972,31.074159766948803,508.66101607074836
22.034347434710376,41.39233875352457,1006.0679762438988,61.98498141163752,530.8687530630623
32.49016605139844,46.070578847482146,1028.5927874895726,42.48833761304732,510.637213338133
35.947560697016236,70.95638904805082,991.7077718817396,69.67640007228032,486.5576284194723
13.402135523902691,78.19672637445476,996.7895121071072,60.810682705972745,523.4080605262129
5.292025056579393,49.126045974270596,995.6302271842269,93.15799132293465,546.3449697255471
9.889471339135726,46.6344061311269,1008.1383994215103,19.145093653109186,557.3181482651862
17.657203756423996,71.56029267009245,1034.8644105400888,29.857675578108708,529.6646778244148
32.90257587097723,48.4797926349967,997.8011068595122,78.97131674479503,499.6519147328123
34.56849274699739,55.360999476260815,996.5467192319667,43.190815590535905,500.122406826188
1.2711330907164373,37.70179155293094,1031.1775078399269,24.920540760585155,573.0220158010983
20.919144800525064,65.89263946784914,1029.6922732634685,55.298913332084894,522.8350715236115
17.27902912280238,54.259357504893,991.4508166498449,68.69278554502476,525.1613332368912
9.66220460835848,69.49690026321879,1023.8267682080692,14.034404273814873,551.1521963507079
5.67474932601363,67.94030015157684,1019.4959565664393,36.245970043070024,549.940477685787
14.16699168474149,36.82526225485157,1024.548336443372,82.84802839264385,544.5908914007399
37.77347845258825,64.35995528067693,1012.2526104658165,56.822010994917484,486.0705579272355
13.604914348809453,69.00299243732542,1034.6120648301733,13.1841293655988,543.2970046057751
21.232834247991278,44.035898243031724,991.9731158419934,35.375590474723076,533.8622541863782
28.417739396911937,34.4935012096251,1000.5467213881712,67.52265903814792,520.7585860806622
15.181554492792465,25.14476855687735,1007.8445694138127,27.942352262022226,552.2407265779385
38.899501226117465,49.79970092012315,1010.2400073704566,84.4652265597473,487.8065654838494
38.53544450274234,44.38380023463628,1031.4615331214784,70.89183163752978,498.56510666789967
10.819509537189202,55.520040860397486,1015.2001963834766,52.424115485301385,544.0969429018364
20.392691729803033,35.34226009238321,992.0299947984178,92.40614029601063,526.9305155459302
12.734254082854017,72.28160512165613,1008.3538333541547,45.262069383219554,531.9999363371877
12.108779280721237,39.17653685954603,1008.7420685566082,31.156606950767674,556.3604115605474
2.4385909468267792,37.45362827982075,1033.4470922297003,69.52626932740307,571.5401084098505
24.773009025215977,51.439273106639575,1016.9638690959499,61.59656687231337,519.2739805844419
20.6044819059256,52.436806305935086,1018.6042982021522,40.172311083810264,531.42633951083
3.007671298749585,36.8296875831801,1022.0963864063071,40.92981051915794,570.3075118987055
11.867212105227846,39.95233996992537,1024.6517692056955,45.83892777706916,554.5283463888777
36.42236955269949,34.33378815353847,1018.577298159112,36.202471073143236,513.5483088981679
10.342913736011925,64.51530980777417,1000.673745801027,73.92172657248302,532.2753684956239
6.650900011557701,67.3548967189745,1029.3320661453524,68.62225645460848,542.334282922333
20.088657650824956,50.42806736026054,1022.9453910184784,49.669988729175344,528.9683303183858
39.440367710313424,64.27478624767596,1023.384171829363,45.806920820131346,495.43662268089895
10.440155588948516,65.4764465565595,1034.8450532655638,42.85461424237346,544.6537027068589
27.213286348829264,32.60515402227947,1026.1136940688493,35.51214892530282,529.0310747305725
30.703164997819986,78.13979136589953,1027.311813141982,17.712699684135345,503.50194461709566
10.267864215703588,70.1567570903037,1032.813248206957,34.13842169702505,544.5035688938063
29.400437595862524,36.24659036577029,996.8010299932002,38.90812138237585,522.6642361667253
15.343542176050876,35.23907696603386,1012.397731941513,59.2915605638809,545.7397621076354
25.659927393149598,31.91136300687705,1016.1255160615855,79.64096581702448,522.6896929143464
25.707658719674892,32.610820939805514,1004.8174078150106,45.61319303506285,529.3915932979992
21.89521267891558,66.1488989465783,1027.7731504752528,95.02812152668827,511.5076886421172
4.521301032121924,50.830984132339296,1024.3088829740575,84.46149670970462,550.1122342865989
33.57679732798028,68.0613795006927,1022.4397383528656,98.63216630953707,486.19562794691626
13.510422533897698,66.04401918926129,1034.8717247891175,88.85827369373335,529.1986776736048
8.274221905594315,58.253699242787185,1001.6721618033775,65.50533543784412,543.438602203393
2.5902305206357927,62.750163361827376,1023.095576325394,63.8631359035047,554.6061372554648
24.04482478434143,26.0095648408528,1014.8132013707656,21.65735140787953,542.4464289006471
27.425010111849016,42.14777057427621,1004.0845132122245,75.0159324002411,517.9651265977029
1.64692532818639,60.08021985926756,997.2264091825407,64.01861718334041,552.3625331889846
20.971629273671958,25.51397244174343,1030.3147726680397,55.62388930563863,542.6612528896457
9.83333523271958,26.81373190254264,1016.795496721853,72.39581853015596,557.5919142290451
26.161738825968545,71.85383903587108,1027.1220226938358,49.96430585541943,509.07703086857
7.800290731194666,62.62136739306395,1014.5405242800696,57.147369616745756,544.9170978591139
27.946571785996174,39.59533532161892,999.8989686294309,45.85170743229307,520.1449413874898
16.08267850572096,62.83795620652899,1005.1896965895146,74.56338040336209,529.4556749314312
37.53246956073264,68.58511680265948,1007.1692479113096,88.89498734930993,481.2966290915027
6.363316821693736,41.873685571055574,1033.7820665626666,85.67604452193423,554.755194904726
14.301587690960082,26.98205576245531,990.2534975271623,80.7422744844522,543.1150405370355
5.4254673283829735,76.3028518578254,1034.3549710361028,11.240893409009583,552.3107821693046
37.063051112863945,43.98489110625968,1034.1207735799424,92.06924174897134,493.68828612851166
35.21623478185826,30.85649698065885,1034.8267855738561,34.738814865105454,519.9171817361408
11.05972348089107,52.0521279266231,1011.4464680513836,89.91765486670384,538.7644245976753
26.73937779533298,67.26572876152736,1033.371403632945,27.727129278043886,515.4257772064431
32.87166580784742,37.190602303965754,1007.8019631832423,49.568117628226354,511.3015333804429
22.65283165237903,39.821952757334984,991.1832498300774,77.44589148942224,523.3028903850138
21.656372555884253,38.34932427392207,1000.0956233867294,67.62510507494554,527.3330149735373
10.432239345117615,79.5420179057423,1032.5383310221823,47.43297442264869,534.7741133063414
4.631007944430069,35.85720535517984,990.619411200093,71.07614710662506,556.0551748319144
35.99141456017974,56.653611933136816,1014.5697360940338,59.40545590419755,496.89866941496797
36.11630422936989,75.88955529113304,993.4020715002606,34.81626759719791,489.89683477613164
25.69095683365745,33.07931128827786,1002.887846029241,68.16965009474258,526.0609224077326
14.222161850899326,78.39698088272351,993.9641782820349,28.382237771007105,528.6201053637564
14.619173409893774,77.11124789175935,1028.6787879500876,72.45894558332489,522.8388286402476
29.312271475939337,73.65145928820445,1016.5981819341467,10.279978986091852,506.9024823631688
35.98730013815051,36.80060867315012,1030.594790957324,59.38952623855928,510.2060511594998
35.59637054633957,59.87302808060409,1020.9758939793103,46.09608648005269,500.6540373113212
31.415146288447332,66.84903101286821,1033.6963109060296,37.27933964217526,505.99946121934227
26.039234200017223,79.23153605080364,1012.9444944642183,56.413717051117374,500.8668543417048
4.281458634806905,34.92331021447537,1018.7419761793294,68.07804692822992,560.6612535202206
7.303519849689937,67.13142447356131,1015.9338968950076,96.87810395921184,534.4115090739073
36.04361335255609,43.63406434599121,1011.7917193250976,84.97580408992879,499.4189263246608
24.65073332672401,34.65945560624013,1028.0681714440357,74.54348947754298,526.777746728155
1.3586850130485564,48.17573176676202,1019.0036311051662,53.107022051123174,561.7587454156601
4.957390171775252,68.6609751681739,1026.0590519184964,45.292970769791886,551.1019449738094
26.876568995214175,50.56673920372287,1025.3863771471085,12.92766891273975,524.6136169805743
1.1974017700025288,54.56377051116767,998.5970322294883,42.31872127531434,560.9143260732733
7.271514005282447,79.73376756100666,1019.257358963294,86.3539424805355,533.642814435254
22.40061778529686,46.95101147565843,998.98416086316,44.562212377866096,528.720364026941
27.983912710015037,58.84704150900819,1016.2494215209697,51.54264991559318,513.708048302098
26.42648912060142,45.088431088845454,1020.4845608000835,34.46509816224143,524.9972734478863
9.746503068961832,46.60321054807877,1034.8755782214414,34.671948293203,557.4739064810652
28.774989632553897,63.26024143949745,991.3743890167382,15.568458480257355,511.42637261975057
10.252714412375203,76.58378368521859,994.1059077351174,65.24235330578207,529.1002104582601
13.69058822821144,54.82974227707768,993.4662013367055,50.32624627408117,536.5708544807254
30.11316479960294,67.2619960921829,1007.9262578820033,64.5364726741715,500.0983666044382
26.335683062841373,29.90636073493301,1026.9714762668616,59.219821002596746,525.9227913729616
34.11971300927294,36.61369205875599,1027.982534975421,81.89601285674573,506.246711673877
26.64690279971339,52.617240250574284,1023.1640818074518,77.59107210803253,515.4284631974049
23.164035530083392,26.100644799582614,1030.3595208823476,79.43084678240915,530.2191400541886
4.653315945295606,38.907023831940734,1004.5286974876253,54.9315106247508,558.9784444424798
15.340916319317907,53.45707094037314,993.9669589913534,41.84932162185375,534.1872700744814
11.342892339587292,25.82286590409654,992.6168862595432,94.00929314796575,552.4549097212051
10.515596091784259,39.550045742432296,1028.3459723828723,14.884279634489856,562.0843494367022
38.947411635345375,53.27169507117282,1022.8696332459161,23.73591770652073,500.2580605353966
16.330811262003657,56.52320863896851,1021.4376887705005,47.763918295897575,535.0705614527959
35.78981565190742,75.9163431180418,1005.285435234555,65.256188731121,485.55274484327066
25.614406413893253,60.49400927878343,1007.0957334878202,10.738033732604947,520.9281304664026
31.997640838124287,47.81046913914966,1033.1151088004694,74.73905373800278,505.8282785568296
20.60284663110249,76.16931474231873,992.8712134844071,60.28538885109233,511.7448960066743
23.499251500428006,68.16856408632869,1024.8179281622006,53.62324828092327,513.9246982396309
20.208190058935692,36.00049066120112,1003.9334995668777,48.11455349450814,535.6015826070591
8.614476524123734,32.19632987418509,991.7574578285651,56.7538328566562,556.9269396856707
29.17563249519871,62.169639965850315,1023.4156549834105,24.560716103357286,511.8341574441465
11.950122135193375,55.79357410673411,1004.8910348555269,19.784056534928425,552.3451841237475
1.9483226908266997,68.43204875860155,1022.4966383434258,36.06737308766546,558.8194972157931
26.173419540379545,65.63427775432775,1021.8444472403154,73.85543127867922,504.94389494142337
7.907316496874909,59.38663436216333,1014.0654093944902,62.945909545194674,539.9350651367523
37.67788478976366,79.25101943958907,1024.9817908144746,53.21107158571114,483.0352558526605
38.20321450310091,54.34743515607248,1016.146724587706,61.43688693063643,494.7565126882399
36.67971121859749,31.220816607594593,1002.8986583781717,60.333221173540885,507.57027289473643
15.436189309962332,70.55504606487935,1023.0351885478989,37.63377329409329,531.4924033849022
1.6028080446258297,38.85193492901399,1016.5112917144976,18.771035252025325,574.383015253925
37.20442394092129,67.75161814791551,990.5727276760464,90.71041317967456,478.26315521606983
17.69918178437526,77.64089028000282,1030.5739879996638,63.992013636152315,518.77485757864
38.69953794270311,63.32375326803877,1014.5539628245941,72.79731997127665,483.5501274096639
38.58117910648086,57.78165885223906,1029.088226946579,51.75975019302596,493.4221653258507
34.26736876322704,50.32123966212723,1029.723157754201,78.08325219789063,503.1756836026153
12.483506790713841,45.042542629747174,1010.023499553079,62.60475375808005,541.9473360670346
16.018811415475085,44.41526130345099,1012.8446998403053,14.84210098874712,548.4963211528045
34.19433018915742,60.00049881402748,1008.708947445402,90.1087331854322,492.82595198592514
13.359958201094829,66.32002143157602,1010.224654888862,37.49825321090982,534.1556767318737
7.610217120757607,62.31843882164279,1030.2816221537278,22.410169967920194,552.0017742444846
22.715249235875657,35.91255556564595,1025.466480628556,17.92369069338842,542.2560703907524
37.510036192270455,52.16929490789202,995.693655434201,74.83962824578997,489.1471992149279
28.14516207032395,68.54020397006846,1017.4638501693044,73.35715301239239,502.02858920441304
23.232385633485233,51.163724300398094,1034.8157988173855,73.01459123319435,525.5584729889642
4.789883257059973,54.51428038545216,1016.7997815554619,92.41774954134094,549.2771627059668
24.98528184126762,67.41248264939522,1025.3642231516897,41.40487197978864,515.7461601837031
39.61210015406627,61.369591844580036,1024.6077663021526,60.50197507230309,490.0552665652079
6.463276594224437,47.5139706485316,1005.7642886642548,65.75460246949146,551.9227810080293
21.214856442185734,74.24769911568204,1006.7332186216781,98.15336457098164,507.76852146060315
35.21754980519026,33.94118877649132,1022.5834389805682,38.111152934673264,510.18139841084115
29.889976092413974,79.75340467246787,1012.4992589222176,96.06980799135464,488.0787729986219
28.18361389881545,31.536891816193048,1015.6756819108674,23.386089977414322,526.2187194564539
28.396879275497263,25.82224841073314,1022.0807605664177,78.76013104250578,522.7532533233426
15.020154897570452,73.95103956318206,1024.9908762167572,66.95973100183716,524.622987027545
12.45008192631524,38.47244296012759,1002.2182459979882,83.52064335447886,544.5927866747564
32.56508506366203,65.13347950956964,996.6057191746634,12.581701627586241,507.3839934597679
32.59442239248805,69.60584562126381,1003.1307591025676,17.031793864515024,502.3816586451632
34.81582042462404,72.24425150676643,1012.8392246291434,16.272620161223127,498.4263633998015
36.61638154970238,79.53768296152917,1005.3963592783667,63.3663509947559,482.9494305191162
20.942353555576574,41.17218405219995,1015.5763241481417,64.26424608179842,529.2773335872101
20.559135492800785,64.06338380599925,992.4059575856533,91.54944004194786,511.82782638736563
32.13351197970423,31.346992205445552,1012.9387685226195,52.08431630666004,519.9965920537693
26.34859330033284,47.37451102462671,1006.5593208121968,16.124414950446756,524.6580652711572
28.37670821305043,71.63844313219246,1014.0600039701797,28.85764614602639,507.84182608631284
32.035914108007944,45.22119253325096,1009.014000969824,10.726578533605862,517.8659780383229
35.71020833088509,57.510245929458776,1002.7901632786894,79.90430726155645,497.5808037676064
14.181811117209897,52.70753940485487,1030.6848557455937,83.40394931926971,535.7231513223145
15.647735152957816,60.527334211162476,998.3144244789611,99.81463746557223,523.7030612519721
4.6652956537938906,78.50919141632322,1020.6614509011251,47.09750041477849,546.5307685459229
23.552925498850787,28.065453957577116,1031.6090120662086,11.736853786143326,546.0563253046428
2.4017486780729413,56.567883462589634,1014.2401481858445,31.1256893341335,563.5389346745962
19.158322707165947,72.46658285876566,1029.4383819860766,62.899198089696625,520.376264678505
22.16314075359549,51.47604914616351,995.6183165294977,96.57486703474628,511.7136910075099
12.175108833003092,29.318995226786505,1012.2204946615384,19.322069632371488,561.4986711395666
24.04249716219142,55.8296643829224,1010.5661376216423,20.94157181446685,525.4602851310792
2.1895097476229277,43.264063995310124,990.3653463166647,73.15830867510488,559.9226371589681
2.4565793612193625,33.52179819358648,1009.94658036117,70.04863495193945,565.6604707654601
33.081421865726675,71.69689823059102,1006.6063390372169,32.54557197806498,500.2828396199612
15.047435015039254,53.687973214511686,1020.1409427498577,83.18303119130671,533.3279835446963
5.955359993423507,76.33020268084866,1032.2248400359433,21.59008799297169,544.1953970271219
21.36748714213737,69.3309077531688,993.8605989717917,93.31676602990838,506.7279903224339
31.029748570845822,63.11344865755171,1004.736437402158,28.092873729917926,503.73002342615763
9.417020072376884,25.276402685092158,1009.9829131827413,17.321713545070452,568.4230002457195
25.29272855694101,48.530290115103746,1010.4833420115473,40.556987782646914,522.5434634288716
4.328551134756951,35.86174549086178,1024.8664374379014,26.905715968109046,574.0948927033483
3.0155871255757,75.09388510768773,1009.9528049625048,57.424710253242964,546.9498283893236
21.722830631157773,34.602119157199816,991.2222585654144,71.81618836345535,527.385773516239
22.084769742794155,40.7333028412607,1021.9546842566774,54.18294206304621,533.1167861350899
25.859766158430055,53.42602222539745,1029.8173362815553,69.454659862988,515.1938065420302
29.3175620151838,39.48499904489436,1013.1257120647352,42.8428462959986,519.2338956857084
39.05823109903885,36.54255725035166,1016.1498834764327,12.5130337514776,511.3235378231857
21.135713583746618,57.950462880651386,997.3321397536071,97.66577118026342,516.4064866281172
13.595302444708592,29.89112375152631,999.9290675105531,83.74721540859959,545.5334612095763
32.01226159597944,28.19922672965086,1000.5826607606075,16.60769416761653,526.148904935512
11.562457799220894,45.47349123523393,1009.3833888696582,50.4258756540701,552.8058911669805
18.11988540751981,64.63654499793242,1031.766534940304,67.15171630646871,523.3474239275158
4.059798872348372,55.514371705067134,1013.4803145021699,27.15348435153741,559.3430750832647
1.9886789932028428,48.25820576567284,998.6443940340608,62.01897502264943,560.0430582891541
38.54328817243908,56.11633603235203,1001.9739481141028,58.02837563059183,494.185685726935
33.603224699976025,45.099831655930046,1007.2806763377233,28.74386696812343,510.06020199963655
28.142994037654223,76.48804844876621,1018.046653906176,22.708927834970794,511.87061152658885
16.949164832156526,28.019769000092587,1009.8014918851802,78.30660606567737,537.9222017986378
7.758478482762985,62.036531346640935,1007.6600179879616,39.03278015346703,547.7334827243666
7.101044664172356,74.02054656552627,1015.4127870179548,31.9636480458019,545.703326745699
10.759473028419217,69.21365898043894,1000.882574772951,76.40905175253899,529.0673023527775
22.4198399235387,35.12225691517957,993.5506472663062,76.24618228206838,524.946519220393
28.86924098530243,41.275949193915864,991.098644167,34.876149070260624,521.1252871908168
26.74769769199152,64.43763662889076,1001.3066623560208,88.53116151266684,504.9428712580611
11.91742198089177,29.634880754942102,994.1216415365011,71.94251485651081,544.5256405142798
38.23974594586457,69.65239349079212,1005.1353287334346,41.11877960393843,488.99251027552214
29.77797975113497,64.53988195326346,1024.782009316189,48.4740685166193,506.68646489238876
22.619808047944627,65.12836570794384,1022.2332448719077,75.40387173375561,514.0775055114153
24.857109103139738,30.513275364717526,1017.4917430254613,29.042544960594277,535.3076982911846
17.364402434683807,64.47682996489269,1028.3625109745765,52.18847132277016,526.3232435289137
10.661508590545141,62.38999688709835,1002.6930431044924,68.82025080322896,539.2041341993623
14.882934467399203,70.70073699520178,1029.8274188863484,58.55486932078419,531.4507766822201
30.555998308110397,27.287777594105822,1007.965762635113,64.74955113140439,518.994001907785
1.5613460565604789,26.27108676572857,1008.0401993219982,59.15912495291017,572.049602231998
5.5268329797697335,45.51539049332084,1008.2408226131485,27.93046994110181,561.3131124048368
2.794103038848357,33.183355611703405,994.4142464808442,46.91848104753593,563.2653587131695
2.5884232904398354,55.711146266362206,1033.8970724248975,57.878694592979116,560.006873417126
34.362962776429285,75.45418958287118,996.2328050021322,80.20564681113515,485.56237052958363
28.442656515820925,46.53138516837086,1005.3398576011133,68.85138134525883,512.577039410616
19.492779334405682,71.47227074999323,1004.3685144147041,48.39318506673413,519.7624033819973
4.8155322653890575,25.013248098482656,993.3605744767519,97.69598489432309,558.889045358842
20.17301912955646,34.26830539025513,996.8517058550344,19.701596951175265,540.5928121054241
19.46539906044206,26.67329468097471,992.0186251283424,28.612438169947154,544.1058987748212
7.7548729264905925,43.04809492832878,1003.1582022102231,40.71813490284976,556.3567084521407
17.920214320280948,74.95042776330766,1028.999561581301,30.571486928911913,528.4474122637181
16.541684641497564,30.332366797944324,1005.2748992581824,66.28977971254102,545.0860349762324
25.018153824036443,58.35253772090902,995.5661324430321,13.559565640262973,522.1774586865846
25.76865238383811,49.83227665156943,1019.0562240772763,25.969310584607435,523.3224765989819
2.7668563811097364,76.61575168011969,1034.847041042471,36.40125138927439,552.9875300818617
15.609891970432377,31.738552839540162,1000.4545705289368,71.50111975713848,545.8011333600955
25.40853671285522,36.66153177762259,1002.5806952416756,88.82783943230153,516.510756795489
20.62231408462342,26.62480827363213,1033.7331174426354,81.8642593497749,538.339571879436
34.40310380634457,48.86643872972556,998.0449329397719,26.38728399252294,510.84015139143077
26.689051633138856,40.280809476055985,1013.0046330356623,60.88651825969622,520.222432254298
7.354442656175758,72.84482636396766,1000.7843459857243,12.70203808102185,546.4761678638299
3.752181148616764,58.27174472587653,1031.955835405556,37.9483097817575,560.8660365194222
26.05435185004631,58.77499058866359,1034.1684456559333,82.53854153454941,511.33024117987657
2.0339411111232506,54.25508832847163,1026.6614030754006,51.09991423690056,563.047067638544
23.845247669665067,30.051768547606056,1004.1652717115765,23.49471900482511,541.9176721539721
37.66897941557335,49.47602760489454,1008.1569363876227,49.46980433394814,498.71364912824646
23.44349293715928,79.97278543396841,1000.903755764989,27.822963291600544,509.95665321639575
16.138627122054352,70.93761099653082,1030.0841085154045,45.387231207756656,529.5459102963626
26.088240519251773,74.14024797919137,1031.1551224959671,53.90501254730591,508.78866640429743
18.87186272916915,70.27744975855747,1008.8491798010721,41.46023012599255,526.0191314373021
22.279054783321463,30.667293138704046,1019.5439881456351,94.32720553904748,527.259483736568
37.71712754228448,37.50965397356398,997.4498930898612,60.627726780074376,500.1556517226864
16.058002874230198,25.17169082460253,1009.5721155163534,85.86034065522071,539.5525048423424
38.486431989132655,41.69305686829613,1018.4174598003074,78.46556923500222,497.1213517025717
36.30867503628649,30.973407129057094,1007.3431403333109,69.50496783409989,512.6874162077448
8.635854256782562,51.003633991587066,1006.0919786558907,54.7199873472324,548.1736637701325
3.7050907341314527,62.24201187156461,990.0449546520124,10.195640540342875,560.0791080089577
4.93034205371964,73.09779122709423,1026.1932058699701,65.21208404968755,543.057726760187
1.7106512004104393,66.2069440799994,1030.0201925409651,42.03617077022479,555.8495710593214
4.683275469481208,76.62220776781778,1033.6258588295625,20.598595012118693,553.3703390299585
27.637264163237916,27.964405971658383,1022.3672123281146,50.01636372508699,528.560546575011
3.7763572899489306,25.669890947909778,1014.6956540566448,76.19979900549743,561.8261087225704
13.440049581456691,61.3735962609917,1002.1178033913919,96.55100152288335,529.2427500889248
33.95013712780873,40.914382562223544,1034.9684764183573,43.66944020098738,514.027450243145
1.9076054936972087,38.94255588581753,1016.5388784539448,58.8450968834479,567.1276917373483
32.76427082096849,43.198789823158684,1020.6519332548701,86.61199450272265,503.3237583074352
11.992336216162597,39.83878318408003,1020.7082772879893,40.05994779550133,553.3638296095522
5.6084282772445935,53.1290023465873,1028.0363308090732,22.803152047373384,562.4861225039307
28.172749449201874,49.20816459732728,990.4352642481114,35.36936481094202,517.4572649028491
25.528771024415477,53.1835703257161,999.9111123194117,90.92105468275491,511.3993133775913
35.22140852755506,61.99924863252399,1019.9490300076507,24.345379761565397,505.3182098502576
29.667770708351544,46.29217799341316,1030.2815581571056,39.62989549061038,522.5652865730859
32.3357562850091,38.821922792818626,1020.8402451864611,51.81762794503065,512.4314918553168
11.999348330280952,34.141029524481,1008.6071081172156,86.2401901141828,543.7964880046043
7.92014220740919,44.2210765742944,1006.2699973141617,94.39419552876772,546.1037306992622
30.273975313993475,65.79935613853947,1023.2076603727494,48.322927866992934,503.7051651119428
32.466554831423295,66.61877005613083,1023.3556963711737,93.8758643518164,490.57518289738226
39.629700538026256,61.679796267631566,1017.317609662756,24.53131853719791,495.6025973195862
17.092089399545632,37.871549641878104,1003.1160160843801,24.116706270673337,547.5884093241418
15.508705345918544,57.34474352200837,1031.6319668275744,95.4325737671318,530.0404964512313
31.280105468937876,56.387931386726635,1014.8345973953387,55.87121201754981,505.4258329710572
14.291338069867695,51.6346408960349,1025.572156031175,26.731705181855855,546.595451520043
37.299535698539025,55.24884425111253,999.6438717972824,53.91913335180057,494.9024895982292
34.47809732187746,52.04848479430174,1005.4818354876628,80.48900398411463,496.400880065773
17.730767067625717,56.10010013407595,1029.3560782374304,84.42283291511713,524.4535921215393
30.283971643868398,64.35282750416208,992.2548163472986,87.75723309843181,493.10005012559435
30.427172089302612,31.029550692189186,1013.0541890065498,61.26138127786767,520.102807098154
5.021830884601371,66.2294163681963,1011.6767465929804,88.02514129310923,539.7430038645272
36.1995633605031,32.47373825701768,1023.8053585008637,55.90271879229292,506.2500712645593
20.70484252546643,28.664539912570607,1002.68521967697,64.63539121519696,535.6769345759523
33.231841178201925,78.68438274218072,999.858006983682,78.28478220444808,488.07981936992434
13.481934440193859,77.63454728787428,1031.6759777447955,48.28917634394577,524.8353059925997
35.92540591135182,28.324009971731023,1015.726934338131,16.62233384248973,518.8438304927093
16.17886547063236,49.37893928112292,994.7110305727645,41.514972117192784,538.7071108767906
1.422668407731636,35.24347160648761,998.6866272996444,66.15497951163644,562.8081350240468
36.309897080351284,51.69396934239299,1034.9471726781412,27.30991326755292,506.40126936607265
4.560180394659209,70.6597483649773,998.8024048313487,23.354682714967602,549.392190558161
13.45323186602618,77.28364761085896,1017.4713980109156,36.37724901322939,529.5996926061553
38.05241671498139,59.88389593983455,1008.9057635548028,12.890031605003923,499.07143556219165
38.07367873056469,44.46481169664994,1029.8519592682426,76.90806082782278,494.592260417654
23.364077636808158,58.18290611045291,1023.9825866532898,33.28440419695049,522.1819836181542
25.64165127462217,42.16007183596477,1016.8628128317818,21.181455697293956,530.0965184283331
18.489375357154472,75.04030024576332,990.4832541809092,72.92164743670918,518.1172482860608
12.435220096224517,72.87202547082103,1029.5907843372056,85.86352112889591,528.4824519342226
13.817917269426722,55.70274626538135,1010.0100361877422,11.78880362756006,547.9406842096802
27.228219787004498,42.86394034591983,1031.920994385836,31.023979366710236,528.1390626525113
30.34260664806952,41.13643215706381,1012.2992555784391,95.0709092382625,505.635808439776
31.871582705308093,26.83798970877827,1021.2401020132227,44.672872233949775,523.023256488821
31.795107568987603,69.87014680639123,993.1181692259989,94.47328570437381,490.4462812762365
4.557038018898925,49.771076717145434,1023.5318244087053,34.67912845336096,563.9858248931712
20.282391883400678,42.882311062014544,1005.2098214090365,29.62608720147388,537.0354057942171
3.244791640649127,50.91106952487647,1005.8111556449302,29.26975705551963,564.4710974261702
22.431626410625686,70.03058947500585,995.3395130119226,17.670579438244445,525.5333610672525
18.219689553561704,31.853781423913667,996.6085716888091,90.6789059658213,534.4816305016615
35.62046312757369,72.1710793533005,998.3591575292794,98.1851520369611,479.36619332485753
14.68568548953107,74.36298593095947,1004.769277585714,95.90579265444741,517.5319683685171
5.565613640676629,77.06893532686385,1030.1386460749022,86.68253258445466,535.0164830807664
6.576675600060598,46.86183958324453,1006.5717107203536,86.21991168858777,552.8383247584792
30.698914636981417,36.94272222207195,1022.5963217953448,69.49769204520888,517.8384257637773
25.11050446933418,45.550245015668416,993.7236376750442,84.35923407555522,514.6929124723018
4.943784368788819,43.31016529272718,1016.5994459672397,28.7508127908743,569.7175277658991
4.2801654384849,34.6884651876573,1011.6851054071698,44.91213673484157,568.4023529005572
28.33779612690568,58.399666855581835,1034.0081076129527,67.67526639652732,508.796198190537
3.8377572482035474,51.21432882797458,1028.0793496445533,88.72941993054367,554.3598285986325
33.052542312323894,72.6135545778202,1010.4673397597393,69.44225161319054,492.154217145836
28.54344685910335,26.766026926513206,1024.8814243820402,85.51197625007853,522.3002429350985
4.172602445034091,60.41273601553195,998.68674335822,52.65545642643677,548.8823469223947
4.308670849322485,66.96218831813586,1015.30513473263,74.55733639345398,543.7617161923292
39.47894356154584,66.77176130535689,993.3578575005919,98.1982725737578,478.225093832093
15.596561034488692,73.73406819025388,1005.6640064513257,23.813970141678197,534.2490376427185
15.455043735608745,65.09685585562218,1000.1637981729976,93.4228623084301,523.7945261576431
32.6991831230426,76.0295533906233,1022.3509416896345,57.01275530577125,498.39653059819454
37.94269451797049,43.29611299014903,1012.0540811046462,67.88962276570521,498.8373135263299
39.45404148909196,52.67651792133487,1023.7981715481604,89.00821062194615,488.23680811505477
30.381749225098723,25.774381480558986,1013.1882946934151,46.868875529708525,522.544301215495
15.674123835705714,25.382667301681018,993.8917998968237,47.68233174010456,547.7868942048581
4.256527951248081,38.20696412483359,1023.0915442379637,57.44636527123903,560.078127150266
31.308729721170035,30.54439584264969,1027.4953168794514,11.719187604716552,528.1348107228355
22.777765739696395,39.31162523646645,1030.6589051660756,54.699956284901575,527.353056132274
17.544658360632074,34.73738119906186,1015.7396375388018,36.19785384948073,547.5472496770428
36.3478210186947,26.56860136612565,1023.9113411549773,93.51587641526032,505.75437805283326
5.336701809939902,75.01172805233271,1023.8419951597182,17.896176887772818,547.6406983615668
20.212379067343505,25.452272226389034,997.0087391909525,51.33884158178216,539.944959783999
1.4427921459293436,65.4845179385397,997.3899309356807,95.27213533396248,549.2805924395299
19.277765037770923,33.36813378057341,993.1898477614106,91.09317252866298,529.4649740104626
3.195827751591657,75.172629209978,1004.3961135813136,73.12135981370952,540.4797929502595
5.633898734454805,74.10377667744372,1011.3078864483479,63.04249467964672,537.7583791095544
5.58352362430709,60.96456305030915,1034.9054033739399,35.26578434195561,552.3934661952077
26.31920178252648,61.972878239033285,1009.3947003930676,43.02614014772093,515.0443996174102
30.095750291351507,25.29365280833287,1022.6809164828317,18.11213782787145,530.9587419094602
23.751381838789225,79.16793613624812,1021.2028661822641,80.74974679824139,502.93189359743457
38.52472939050713,73.28079319666979,999.201687761276,39.14827911134306,485.2461101257233
15.619952601424458,74.23084241515505,992.6328218152246,70.10037091271866,519.7313922099078
12.14277136499257,61.25844953779796,1014.5703038190114,42.18352994787521,538.0797851690345
34.875365999388954,43.963281075999504,1021.5137516541514,51.789739725663644,507.6683378707613
9.720237702258652,74.15067569997645,1034.9213305583814,59.95022251387555,534.0849103514958
38.565679038183845,41.03343104831558,1006.1374973526526,82.16671675515433,492.73378367526317
1.4740245129028373,55.94913488382116,1030.3364052936492,29.004073978661236,568.6266695638272
38.825274241597924,30.485203478913533,1007.1869605141134,45.888884814687074,507.1652337135913
2.6832365660724684,75.70755965730126,1021.0235268793731,21.707341470263582,556.4486424387063
35.754581434224775,32.74237517741673,1016.9213818732674,16.818445442913337,521.8997917140669
21.580343254365694,37.3693243151724,992.3840456986169,64.42069205519127,528.70567812277
39.72562704865271,55.697378697051825,993.5274792136616,27.018193992301242,494.6372116068551
3.878066024680556,67.02511501171398,990.9343840376007,15.381940773348894,554.9953319871076
22.60031709165151,59.06432182649644,1006.6875338067296,90.7388138085765,511.42143064595246
38.80279888914486,37.76736520400859,1023.5610471944705,58.08829778068563,499.9885429060573
21.400815922635804,25.05186733901197,997.7739927295826,22.116538666268617,544.4748188318457
25.546546887275237,66.64328191690916,1017.2633835772754,14.808351470279474,520.169339921314
28.13419887040007,79.18640292511014,1002.9972501013985,20.787404807229052,506.7290252978047
18.727101525943155,69.54522161683497,1025.8646680790582,52.420351628855265,523.7497305807536
25.474765123278473,50.31136399861384,1025.9278267051345,70.1618729652008,519.4024904659052
23.788258165000908,74.70719937695085,1024.8936531734892,67.7152067487441,508.8327329636079
36.14516240914857,47.541622021509255,1013.617508121062,22.998077763804865,507.11142813565533
2.772408833316857,53.871374633390715,1002.8055019535933,67.0140056653938,553.0977494816658
11.957564394096982,51.24213720676258,1026.4249819745385,46.43790617958395,543.1122820256253
38.06604787898579,49.61931299660387,998.3745252872659,51.82694058695186,499.06435208673287
35.720287571745736,67.63549231116482,1003.0391820912895,82.12873656207854,484.36579786101385
18.770613358642805,53.97228989982206,998.277646777228,39.92494354116745,529.2181926874467
25.185171314259932,42.41944171138688,1020.3394572174442,23.22991424470184,530.0098571947888
11.817866136264174,39.19869922121631,1020.8806212652119,88.61078202097065,542.9376194933758
8.33672522922669,27.07610243320884,1019.3629496754039,29.09175182797042,570.8508128445394
19.084237792659305,57.07573390356753,1008.70206600891,36.46268834991784,530.0318797461547
14.78073689301606,37.64787784705688,994.5076953240645,73.59310530123602,544.5696502720052
23.76258836218401,33.14736571090107,1031.002631303176,71.51952853518466,529.5774099252052
4.031650841634409,60.96064801052227,1012.8478933805508,82.03600191554459,551.2543499326856
39.001397498980495,62.466509180185184,1008.3137487709992,26.547997730314698,495.87386380564095
39.46221903470451,66.36851907417163,1016.4971201961732,41.7051903982783,489.8144949800972
28.22830684677006,52.69672929862253,998.6755696118597,21.329491506063498,521.5980379529508
21.907758287420695,74.17300328621377,995.9646950597194,58.69352324517438,513.5817578843536
13.071577035166783,76.49885143690253,1008.2486349656075,36.33135332848311,533.0496866174848
32.738005768571,69.40540168858692,1000.224931234496,72.00420769077064,496.6257283771175
27.70451572960129,59.957641510450294,1000.9930632541724,10.030993118608697,517.2493732092807
7.34206063445076,41.70465244751537,1030.1630169500338,15.371469861362133,563.8841450050384
36.526160195259855,79.06197068911217,1013.8841629733621,48.9304270467409,484.9717957083403
33.07895247400359,40.07748919555661,1011.7561078945508,96.23657403780116,505.85198331107716
38.042196618385034,36.14613070947371,1021.0265817177869,90.17662486232646,500.4198339736557
29.303060827146037,49.31847625826205,1032.8196651154533,99.46081252557849,504.93453258947494
24.923192641495806,28.126231389181363,995.0489354011754,47.51472023776404,526.3677844680939
17.311478415334136,78.81719555694849,1027.5090555199165,14.19116376463764,528.931723800231
37.376410850806515,57.36384560290337,1016.2808630940531,37.536052781778615,496.13488480296365
34.776491690515925,55.63236504152964,996.5774409215327,70.81937669565563,494.0921292463497
2.763528134141387,61.068795394484596,1003.3717193410047,22.164742879067376,558.2866569240982
2.028312005392828,52.33630062774637,1011.7062637409133,36.9974960884001,560.732939078873
15.682071308243934,26.763493440199788,1021.102971505984,15.05495480903728,561.2562398505138
32.61157990049148,58.67712088622182,1000.9173157629053,52.747033455121084,500.13558421338394
39.50376904328284,64.38956323260368,1014.0695466960416,28.802860992557914,495.1701521833999
6.866258753037599,47.92119833432292,1020.8102232337138,18.212322420910212,561.6759510968665
24.17109789873327,66.65125646391562,1010.1933337881378,47.00942285342311,512.5222359493466
15.854743408609838,37.48507146361313,1028.8361682504078,41.610286393673945,548.2986224588597
38.826661514769526,37.17021250864012,1029.125659627818,58.37659632509431,501.98203600299195
33.84263800229264,33.87793432281657,1011.18110479382,77.41347897822752,507.36549690687497
33.69481948373438,45.4597117884039,1033.7816569684005,20.13118627838547,516.2612093449187
19.27903323200384,71.5856619463996,993.4013291582452,81.20130311890077,510.9803558297403
17.177960591168944,70.53516341819854,990.1513070245321,12.36609818876621,527.1117275832559
11.662875805297544,46.055331437992706,1007.1300718711764,49.879171224626305,546.6137915441918
3.1986443693861575,57.40153047891301,1017.0493677617629,62.86872581972938,556.6007019131464
34.72417267394707,64.64489740612035,1018.3140070852347,96.12988058258178,485.9762825580187
32.703139356073024,38.26637260454126,1011.4400581332222,61.65307241826847,511.12247871899774
39.988989258159094,34.24775972421109,995.6197490958291,24.287427394424974,508.6114432010044
39.86883664588231,78.4652796266771,997.6723884804552,56.57876248095182,477.2754108013807
22.66183651850247,58.965652226529016,1028.3466592733405,45.62055524722746,523.6086117749114
30.99050919203991,78.97786470085151,1029.0560009282667,53.14200108402193,497.11577568712545
37.845863465414695,43.5765792922726,1020.3254342037324,27.738731319317854,505.2092644208408
34.13624823641905,63.66674349857723,1019.8898087525497,55.07443380801447,495.7087665019424
10.646575967984708,37.243200009768074,1016.8956957612513,23.503578786178917,557.2248923329906
18.57122127709365,39.36600942006521,999.1316648565895,76.96387726217829,532.1455544184366
6.037217190908304,53.15461666982932,1009.2712815116956,63.45156342030381,552.3082609124247
38.20799006309017,42.57899690294391,1021.315259315852,17.067492243260496,510.2643113947746
24.64081074358432,34.219186011232146,1014.1763522401502,90.06530211360818,521.1844367497146
9.917069414635046,39.45843860941293,990.8361150324795,65.47416441540744,550.5954514509782
27.196326691828414,26.966161695622556,1032.9100563024044,38.44963496150483,533.779337383858
25.107001377857937,63.74329918126176,1028.0167223657465,14.107815957457927,523.0573414178899
14.968346003280779,52.06641613972239,1001.7245256349382,66.90040261944696,527.1374278386307
5.428746095785532,30.18336865224891,1017.7406520824833,43.609623521350315,566.5538939822272
27.191354628119186,34.44316962206702,1031.5457722677684,91.68562943906389,515.6092323928414
21.292000335247938,30.63939959619542,994.3204955451143,13.13900494427571,544.4130951782405
31.120417277689935,58.6926044551732,1012.6363266358516,13.519219180801901,513.3868021638564
21.28637654336774,30.18156999868716,1010.5309361630832,95.43693582162419,526.4154709018078
34.235078512423065,66.4855283169369,1008.4592252377589,96.83865511115556,487.2210111376502
22.524366712204937,26.128100562621515,1027.6014874001817,12.496800409537475,543.8058935624183
22.876580889880064,38.71566833977407,1007.1290766013856,74.44299114471947,523.2011034629884
35.18949050367546,73.9866671740549,992.8648499958454,29.934536709595644,491.54471850229226
16.735831782283483,64.51922249672353,992.9626983973936,73.12534896574653,523.3673642338077
6.226593909574989,29.013258310912825,991.9235072936074,88.18595169921852,558.6395455552334
2.1225243762202197,70.16193574668489,1008.4115439843317,19.074833097604785,556.9526591316856
30.45035297127114,52.11693168471126,1022.3282824964263,31.488977508583783,517.7108488404987
25.192072502785123,71.57306649428561,999.1675107868732,12.166990149384535,516.4458963978774
28.45911095586972,58.04068759477164,1019.0910834194198,13.94468608999967,519.3457039278412
9.305602298847518,62.50081676180723,1020.9189812446667,12.665607239599677,551.4306750422627
6.318487547884021,79.64258582176394,1001.4840955807019,82.0614120783773,532.1469291385494
1.567241961047395,37.778455025821,1017.0250945227283,36.8463410587699,573.501578271201
14.672914793457283,59.31700661187636,1020.8190753012082,54.38902956147902,536.6149940560277
24.00678978733069,50.317676453156906,1010.9976130260957,80.90598372373147,514.7782821068179
16.297517758889562,27.16985741074803,1005.1522468776043,54.544929643604625,546.3071771485253
18.061521958925432,25.795885282657576,1017.8618198208447,48.62764563621365,549.9905208818938
36.26218908525619,31.557571779982226,1034.0031189297626,11.041588584051294,520.4956452413508
14.581963213908713,60.70004572962014,1009.207863421604,61.12355522830806,532.6719063555114
21.04559007723262,56.19396983523657,1007.6280793328305,21.226877032337775,532.8729225481134
31.56246749690458,55.438625864005004,1010.8920106091751,78.81834167119236,499.79128930167906
16.465168510529537,26.752121939054305,993.4298277050272,33.196395143351765,549.6224182095496
25.261381308887067,50.81166479980038,1014.8923475852125,70.67686697277895,518.1112324012657
34.63218464112306,75.85425498133907,1004.7913824247769,68.16011750422115,489.05985935949906
38.03130432264804,46.86755281208556,995.4639955049068,65.50080426370181,489.8258279239302
6.73586575623248,59.3707358383651,1010.9815533502818,34.025680678347335,551.009755337167
37.13691738129828,67.8900271592729,990.1522793958289,34.03807994580113,489.41941647175076
20.19253543010199,68.11589035280382,1008.0803360323241,87.67432390971969,512.6210096639188
11.071531143659376,53.56040453173992,994.7580870566903,11.152659936738429,548.6909728406775
18.90629449329219,72.18735699712849,991.0931716529901,26.337037010856214,525.0451121756574
39.22127043613361,46.52579513500608,1027.1013770810025,64.91538258777865,496.2106975200988
20.212105665721914,73.8781268131639,1031.2311961477185,83.53416289628528,514.8738137693417
13.82131280121282,38.212494151754996,999.3453591761598,42.25109578055728,549.4057225581912
25.702633318352305,40.41190238448141,1014.2684218725418,68.80991127497201,522.5523408038166
10.36567913234953,27.92163433094506,1002.5081170708943,60.144077765821265,554.9313754480035
3.958669796237893,68.75700100982556,1012.2109847402483,15.808609403383187,556.7638255327205
6.02630915451532,47.93803799279881,1009.6484094402372,65.95751772376103,552.0352141141049
5.993787719353125,37.60141376512695,1002.1072974786218,83.25131250452442,551.2414718416186
6.92420504697948,37.748465268911886,1021.5177110835884,99.32034882694684,552.8574753181259
6.414259733326995,74.57699676760782,995.6920931694115,12.667606538655058,548.0333928508791
25.99411504732537,70.86541302535703,992.3882751977116,69.40523553254812,500.13044288714815
8.093323291566648,55.44419869464508,1024.5453944866777,47.3094597833166,551.7764653620371
14.481024049630665,58.88609402286466,1019.9668514049306,10.880909983558475,543.8637150077684
35.974747986334464,51.087906380266006,1012.4336755865879,65.29248493376602,493.76676306112887
19.48450397025202,46.541659858334484,1011.0505396712643,21.018456870007196,535.8109669725748
27.03475180232006,75.35122846700824,1012.3835120771142,44.071016517022294,504.6847581093045
7.720474976863564,31.908698693616614,1009.6660834244403,33.52303832395621,564.8318204893777
8.49927173353816,48.01457343439254,1007.680153312403,42.50470620439894,554.5371382228966
2.5938760343926757,43.95090493933314,1012.4860771298754,54.342602335085466,565.2431957757922
7.588467459814417,52.39828961381316,1013.7831827021893,42.3288579240563,554.2598863606958
11.865023222246386,50.16975309998463,1021.135604133763,59.745868353058526,543.6537436493448
7.903408886793126,53.53892424080948,1022.004322233031,31.478472120956837,558.3536043036756
4.4593988165251695,32.69554374748468,1006.9933086063065,67.18255906855434,564.2878717914319
5.704798972923432,53.22278258323024,1008.609323523457,86.8386703712368,547.0573795737057
18.970371953276306,38.3330347637966,1006.81637263813,30.166034222369117,542.4684197330042
9.047015017825908,35.13822419435052,1014.144109813157,55.708949427006026,555.6208119603415
15.206524580874943,28.565882033240516,1010.4009092061387,68.38208060948998,545.5945023344508
20.63327356333942,66.94589073158775,1030.0318408411288,60.81635180920745,516.0631678633636
27.925398316545248,48.50930564711079,1021.3362570112413,42.90845015730034,518.258070551372
2.5331734538028585,59.46540258214671,1030.43953726895,67.79797372051735,558.7117215064065
32.17700555745266,65.01763388176089,1021.9111646201742,12.542158558906861,509.552008360515
25.488115190145404,62.362416592245445,1033.6946466835716,43.29156087967897,517.8648164087601
4.188602246006004,50.87753954993252,1018.6081550214872,57.93509931769029,559.2927500111322
35.069566340164315,46.334419092345144,1033.3597562173375,11.85518429522782,515.3881606354645
36.914023620740714,45.67779503023651,997.1176450684242,55.688394671586984,497.7169779315603
3.3820404343396864,60.202683831153095,992.3614956373232,68.88290146890654,549.3178695969436
11.798228277740945,52.21368952180303,1016.0606333341736,78.32869279417406,536.3262308643903
32.441849911929395,71.70227363936809,1034.2571942609898,20.203667326848738,505.50574364081285
30.182127924962675,73.10860913796917,1008.7922361286079,99.15083874025254,488.491421126085
8.196319754898717,34.38082079035851,999.5419512986832,64.5550931201586,556.9559797759072
9.164623610131702,32.49285083501491,1013.4693652137081,42.687441335109696,559.0462190950617
15.448412008863897,59.672050931979975,1019.19593810605,32.41835690110425,536.1433475301701
19.896396422449833,41.56741614342537,1004.183041298215,61.56071755150731,531.2832750107747
25.111936089681542,26.021389532080438,1022.1646211324667,89.35404824499138,526.8642563750409
15.387631943221123,73.87534681496254,1033.8801528170577,56.85088565272283,524.9677632522022
19.03885392919277,37.479542198409455,1030.3633404769778,69.53248500444641,535.0775956804096
30.151366587216504,76.1104358427195,1003.1213418080488,42.19267955865042,499.75624510211213
2.4306449127333183,64.45889479830396,1004.7025657415069,44.933705928007534,557.5556442455503
10.84504082941681,66.94594194513164,1006.7193551002315,35.755759519470274,535.4693076120254
28.820633849497547,36.08038226862382,1007.7548750277141,73.50735649314157,517.387010548102
35.91306666980078,37.880693408924714,994.5143774636975,42.326879807490855,506.6350639459556
20.95542024251098,53.669726460323616,1024.288327750018,27.164476363711533,531.4520971417866
21.75242592534731,34.46549189574242,1006.4402668624815,43.24605140496141,534.245449871488
5.1797084422512665,41.79874309756677,1029.5918989517454,86.84444870494806,554.6396622420807
18.449082306114732,42.68043628712925,1031.7123280404048,76.4426839219231,534.5757641269087
21.772073391745902,33.779646328902025,991.0994089188459,40.11767600172075,533.9332774796363
10.456349641754457,36.28505583673384,1034.4826381467692,91.61280683530322,551.4789292057185
11.500486007025858,68.37035131045411,1021.9510229175083,16.734937160572027,545.2097979603477
15.714082361080283,34.19577200009976,1013.4176501696833,14.47784122722789,553.4589067718342
1.7827767133313284,26.565156551415736,1007.5287423767649,21.472331930671714,579.6347192562046
13.561087457743954,59.614521844591614,1013.3333159674371,20.48092802727428,545.3996360527101
9.24647227286524,78.67907156658475,1004.60811257903,17.905088351110646,543.5686470867478
13.77239673493867,43.216759804271675,1018.0209516163446,69.5208350798193,539.1764698261368
5.670723140950797,31.52606367579388,994.1841124400156,64.07581416898815,559.2291187077973
35.7305639488559,56.37130289521419,1017.9505171310315,68.28449595235432,496.9067463798686
24.150105688607898,74.84948161026054,1002.3905182562299,71.9529448745827,506.82689369497
27.484990446635095,68.12339789056634,990.7935673073556,78.11917772326119,499.3201583402384
31.777678305686194,59.23837276269938,1014.8717594773295,28.645923473776932,507.4540942019678
20.439245758233234,42.328107313417966,1016.0301490133713,66.00731619113199,530.6040808935151
4.389891235409523,54.8034095301921,1009.1956052120191,62.2043793402736,556.1285625258059
21.947155130923363,30.018466271734045,993.2528804647643,94.92940232231264,525.9073637305892
23.886803602814286,62.34199833543685,1030.2004328761886,30.913095181568373,520.1422970588708
30.07213949318887,64.8802810393708,1017.514386325255,15.285064093689826,512.3436006615171
17.834722302957495,78.07673926004554,995.2070984806036,68.81455627430888,516.182424960312
5.975631809026987,39.32185473097894,1012.9918759467366,76.61555562130407,555.3562572259752
12.067260326150254,26.015103047366246,1012.3764442176812,35.487640522679555,561.9278298314465
15.160209559546768,55.00846554349329,992.7180840956817,61.37635878457021,533.9356247447582
26.190772411932446,63.87347774182479,1017.3086866621327,15.358245898073552,519.4555724268151
23.260353882087564,68.47241117356434,1026.3746879514704,96.40403570514601,507.33810711885906
14.887772310016004,35.65564131636458,1023.7053624411815,19.893247596925175,550.0825564981556
39.47409470292621,39.396407797036304,999.1336236373883,16.081348253679614,508.3659717990419
24.6252179549186,53.19250088970129,1028.8031638299394,13.969914354515716,528.505656051046
10.251844877703785,43.1830445483501,1005.4143974546707,48.45447158530174,550.0057888958121
4.969516432195746,72.32813176230948,1032.5928770231374,18.744376911147103,553.3015096479224
6.961506428188949,51.056808455629614,993.2286583901571,77.01834168600178,546.7734768282406
10.592351406995817,68.97682542561017,1011.8793909833929,90.89867445637651,527.1961729601411
7.266573557122671,56.93408682652945,1016.8705969729897,33.419703909237136,551.487897535941
8.276113938000925,67.51995778894116,1001.1442544313572,66.5895807326259,538.0344751103396
12.118711579060037,43.29701425916781,1024.7121084924102,13.8104602310636,554.9939041679665
7.761570216495438,70.72791420616711,1018.2103055914822,44.790802452351585,544.1985537226487
35.97385156043058,40.10147735530619,990.814924677958,36.36479020849555,505.8250843809362
4.129116080804046,55.03543444018099,1017.3765865813306,30.575718679632296,563.8624612854201
21.455944193239933,36.770391224563085,1012.1165205488301,68.02511406658292,531.9876490950218
17.0054762525968,51.153958689440636,998.8213140766578,21.720515172268264,540.7129641985755
39.31276605943565,42.499636522978676,1034.8086702176788,87.46394709672896,492.76535692630597
5.3695171845540415,39.66868868504678,1030.3722987672427,69.83523157318612,564.3820676362453
16.516368362783922,78.18417599154206,1003.1628462763078,73.96616608192522,515.823478333915
38.80934689773939,33.80407580177018,1014.3481914359377,94.18098777919013,494.41213871635955
34.75477790986523,68.30292106015673,1004.242596295963,94.81355843522633,486.1649723686259
32.86581076702191,79.12907277157683,1024.8973088236235,59.648709143731224,492.2274495530689
11.058210254752654,26.09458160570428,1031.8649144938404,54.58418355573824,557.680816858347
7.664615908212567,63.44650777231522,1006.1472873111472,40.184344740421906,551.4499915862673
27.07708557705281,38.910149305595795,1026.2512912114632,74.40144491822214,521.5022104423946
37.24566357597585,27.226830338056743,1012.4283394220943,58.438799828183164,508.9074749733238
22.71375282754326,47.15892684261469,1007.8460352590209,93.95875717661121,522.3308538418612
23.292894889326092,76.43697955939813,1032.2289833444447,31.47633538413448,518.403490965708
11.919184652751083,25.647080190184873,1012.9682109923564,37.92274176254416,559.4103983370966
31.01022439448554,57.333713056137995,1011.033472511586,38.448140267797186,513.4913340498101
8.294706193743412,52.57680632274284,1020.2595480883055,82.53986091010363,545.6170777836487
13.623490219765504,73.03612904040762,1001.7555390458228,18.91362986579371,536.5829715402825
17.592021106040253,29.620094298634413,1004.6156791854742,51.00842088900817,543.0115033462351
20.796804768693747,62.48393164376577,1031.942062630738,48.48226632757426,524.9203655634266
10.45397956418813,62.40603341383025,1020.5338430446624,16.582565891238275,547.8953052120363
5.478636164828938,61.79940092742558,1027.1986716496951,46.97172986899125,555.4437471228491
24.81418165522367,76.82839722142702,1002.2000292870944,56.204018495558316,502.68064535264665
12.256591576369974,70.26981409537842,1014.4705585468442,15.859422325442193,543.8101403705706
23.668290635481878,27.30849994339283,1033.7128320145275,55.88759156002006,534.181906716489
7.02014589569389,50.90955678874822,1004.3416754562697,96.3314114215061,542.9610018483755
19.764463972337882,46.88741809107334,997.2214414342669,98.1022890845379,520.4915093551259
21.77098786951185,42.05809715999411,1012.9898703701099,57.85118007308301,528.4716193042856
3.021117936074649,49.82351988347535,1007.4519489926195,56.35872393426631,560.5032461820077
14.127566849562903,46.130680170928756,997.1809754754021,35.695734977475226,544.07361171071
6.242172400619996,48.77836449332659,1029.9848122216515,99.74039245408915,546.0899126432704
3.4716238484379423,78.85940260847534,1034.58257597492,34.68062539227034,551.1514993479675
39.608449063207864,29.87481361122694,1015.5861981310499,50.76111703959607,503.78160783246506
13.571799954014196,75.72269784113014,1024.8604545768055,10.264065202240888,537.0670925814388
32.58510338833076,51.413019240906465,1028.6567266295835,41.43090618182232,507.22526952906765
10.93098553578679,59.305823502474766,1021.5441902709822,16.42962705479415,548.6391899135162
27.57860616673324,70.66006316397316,991.9870222100279,76.94422933466191,499.82674272475305
30.648886535697777,44.82546660320905,997.0935404272568,60.491300772693904,510.10461465824255
24.229910883705926,48.673204944838176,993.1945136018124,61.49546895588909,522.7000428438599
19.391471353456176,47.52351641532927,990.4445822988926,35.78601573097327,538.4464833872514
17.061795651743473,45.61020623946679,1003.7698383940757,83.34066612276763,529.2640785293408
14.605862395176816,75.90411269057923,1007.6560182216701,10.294383279812516,532.797480994188
37.251636625665206,70.59114401561567,1000.8463379551166,40.02410612477729,491.9909277292689
33.39415690372144,30.994999442463687,992.9072091638844,69.3547741412981,510.4832004242634
38.63604951599399,30.94678438624028,1013.8438390876505,91.71302836752288,500.2952454673811
5.847591715936244,48.53282331691452,1002.2993693980713,31.115436123270975,560.0124344304194
29.503831532942126,30.4261557203045,1025.8216719688603,58.699004655467625,522.1336759529929
37.59527781602048,59.05012023991158,990.3623679731377,58.4192278479989,489.7784609424838
8.068089580460747,32.90303839939536,1027.9137173079425,88.67569321393299,554.9477062002128
3.5933544273043223,53.73052951817406,1032.963915552568,14.546520060385811,566.6315570235151
29.9037053223123,25.397097085204475,1022.2260778419106,48.20280049636366,528.4958320485497
23.404451414016563,42.41279916269557,1023.0139829368155,26.42191073127384,531.0779295418469
33.83132229357261,62.24548980199605,1032.010304022123,11.937934026873824,511.222605839531
6.45112268842529,51.622141712531665,999.4082078385158,23.232784646843456,554.1243706632196
32.01542516253572,78.80482172994434,1034.7554505693859,97.88236055633791,487.15910136085694
8.863465481862036,73.0757087836416,1024.8066541520343,29.336365856824113,543.4592145234191
7.382581771762476,44.74889284737331,1022.6956818747507,94.152769600222,544.7432092472692
7.406366119308725,27.501759780975103,1006.2490760547881,28.47289083678475,563.7279516995211
32.768414089023906,71.50944650632604,1014.5599868432524,93.8165704646036,485.7597866377881
26.942691607151804,75.11788706730692,1019.4263004723006,68.9158841680283,502.19503344021837
21.399551565995655,70.13450663804701,1017.9154287592747,20.18967197517341,522.9627940855178
14.994388880816597,32.037246750587066,1021.7243087314912,62.372363961392,544.6075369177648
35.210821091711225,79.88533239267582,993.7071782585285,38.666263378625075,491.0198831545545
16.30535918948278,39.22213218540256,1006.0041794774263,44.48378403802632,540.27857915051
32.84737813939151,64.83127020446035,1009.5300007467964,49.61538620514757,500.8472417436142
18.12626143423852,74.94191819846469,1001.7283184043735,48.04363202773011,518.6878817372652
15.700832747571395,37.96279128818902,997.7682271621151,69.7698001434726,536.3343562314768
19.04451164111465,74.95422050723863,996.2517365960788,79.15312617316869,510.8296399635027
12.753737092401542,42.02148685571768,1006.4872526515463,39.625992028100924,549.9958887597611
30.156765826873794,78.70272723112308,1012.2048765253155,93.19275655171208,486.2054627250587
20.606095213606686,40.469301120926104,992.8339398065997,94.46196826169889,523.6402889043785
10.056295110725875,77.43897036168093,1032.5906142565748,13.662139343602906,541.7842971814471
36.08340835770817,27.94495579909712,1024.4359495287342,11.341790999471664,519.6910900690638
15.971757633555246,64.00996064183971,1022.888329793346,48.25596971359549,532.6847781533783
22.198561583445557,54.266112361035205,997.7787236244927,63.15807258888927,524.4027564738408
36.35241232761733,51.28323924175018,1017.1710345605485,35.011427270685544,501.81682221135634
25.34528184064569,37.2921872840712,1013.83762260639,33.34723759771969,531.8864749532113
5.559023587626199,63.807768437707054,1034.2110980604011,71.05004467382716,546.675549440228
37.65345282092553,35.49452202954689,1023.6452296536071,64.15338561900128,503.0608828395275
25.480614069785297,55.406298779162256,1015.9092847672304,25.043218749379868,525.1567820311527
14.06131897162636,38.928494967213794,1028.2865699911556,89.6050866938643,538.4459724060885
6.431610833872103,77.55917588797459,996.979242188732,71.19784631449629,532.7936410574273
31.96698238154154,26.574715660960905,990.684743836094,42.63186242521075,520.6345273717501
25.182837481212026,35.98505540611801,1021.0605000036535,71.5262220992035,527.6687380042574
21.80498258707654,38.327083351309625,994.4240157106757,20.138777809103434,538.5021250874366
35.86181073898735,47.7737304172299,995.194513799258,52.143051211665046,497.8386818373275
31.755291237756698,37.800163302852944,1023.5106326891039,25.208596860360338,520.0190719295119
6.915320309577296,52.02419996478319,1002.1740679860295,13.728812151559296,560.971164311814
13.157160644026382,72.98560377921964,1018.2884047006002,40.44936432594697,536.7254969918305
10.691076452764165,64.16348817750439,1031.2833116741738,23.56619351327049,547.5468334115845
30.013905410334402,56.89790892943111,1004.2413539237036,67.01661612584422,503.3884828956685
2.3077649546953958,29.89517478904738,999.7714871027963,70.66611046159392,570.0343999837227
23.225697709981343,63.16956596141016,994.7953297683473,23.382307560394302,521.262845435774
30.73588874388693,34.152785637101694,995.8708062638876,12.215170504308364,523.531436819671
35.19385983370823,68.25020622789339,992.800021292048,81.35295054716444,483.9854961288003
14.34118819992039,38.75312171805842,993.9439070473383,10.185131865570606,549.7766280187561
33.0290348822085,47.937680057649544,1009.440206496412,40.952178026540984,514.9996430864461
5.314637741253081,44.27586112748604,1004.4389270260787,54.51249682411028,560.6790305707085
34.01163937764621,72.23476530711713,1021.795236644535,83.67779696845895,486.79304410533945
5.972057830947314,31.959945229237448,1029.160874621115,85.47027784715266,562.5560070358009
16.494204331854323,56.11046853116338,1025.3147941414072,75.244549654941,530.8043717670394
32.094519265402596,32.813388519368424,1013.8786765499543,32.24778602859081,521.7096975145066
6.846779666602178,63.76377098727026,994.6098952304694,74.81682408872537,538.8557017515508
9.940804414073018,74.77929702869646,1021.9395277773699,32.188527808924746,539.4448963999805
29.167850167329586,48.90342096269894,1006.3272926127094,29.31473725585315,517.7310929583912
29.0814249252969,51.84507431457367,993.8542677261935,59.24151588074792,505.3369235847683
26.004757682526595,76.00825600655193,1027.910988324568,71.09689994506563,502.7853867248217
28.063989334216902,53.65452637571464,1005.2197432732128,14.774658932051253,520.2335778139301
22.166253290556252,51.81791409272585,999.8211974630207,15.40203410121476,533.7125377696294
10.820163297371158,56.808100648736726,1029.215342907848,80.57536181351108,537.6930225763091
14.482143746652858,62.90763549996235,1030.5960240801153,87.35475258689318,529.6912516189055
8.0823109552556,30.878585629786727,1005.2536876736202,64.39968247077046,553.5369920987122
36.4295718920115,70.16107902578338,1005.9660638676618,48.594520873619736,492.5579936444753
23.7522799958787,48.95277650992926,1016.0832837412415,86.07848316392673,515.361445559569
16.633205253781956,28.979168044361703,1023.0048672214796,75.59353294977971,543.0129725913531
19.018226342121174,68.24004680590173,992.8417140858088,62.163477858814176,519.3113312564075
37.9440502448608,45.73224844274496,1016.7004645734812,38.77814097538871,503.1693627148602
6.980704721527128,30.520212230227965,1032.8769027802612,27.81955554911346,569.6848450370328
23.86296344865509,59.85784717487878,1001.7942253730979,47.68057353443641,515.2780174646574
20.729658476494173,73.40722443885029,1030.897224634362,35.81403183641904,520.1308367824588
24.846715181951264,73.82644301776925,1032.7575753343392,40.53327289610148,515.5246580042599
1.70629716901278,77.67149111449353,1002.1119138436991,56.40679497808292,545.8279970096967
35.01283244882191,72.72380028716785,1023.9390839648407,25.21845612564488,497.7586274331648
37.352613016860886,25.11775056400114,1000.7448753743802,82.5559012066443,500.7855560695778
23.040194159979148,45.91326415273646,1023.192502277946,23.09765155432907,534.987885075648
28.169382131198798,70.01984189480267,1025.883898707997,53.289427547885715,503.57672949738327
36.977475865914535,45.143915329916084,1001.1242566669792,77.13742042723929,497.38545297485007
28.582306738222545,58.085167850883835,1022.2141294612455,53.651863692063664,508.87488063218245
6.949022673656192,58.34743210559926,1026.544704248884,42.49198572297749,554.5031324755677
23.475246046505713,45.07639172213527,1006.136049244811,52.74021752404759,525.2923085055064
24.66188680893138,74.74606600047082,997.5466249195377,86.38036289867264,499.5966458630132
17.541096180793055,52.67755899623647,994.1384055292881,99.13885284555619,524.874120871168
29.72132518936419,50.56313132656254,1015.8921766624474,66.80289603604919,509.31097746926156
37.44031357599158,79.86325601140427,1034.0144153692072,81.40996383838306,479.0716317402452
37.09717200336428,52.14252002399392,1027.0327644009997,11.30398175433598,509.41454632637607
18.58273548476115,34.81190385607196,1009.6127837520548,89.23279685721154,529.2989289801174
5.416283787789455,53.21881825748909,1014.1479406284732,95.86447839351264,540.8288472293461
39.408806759531046,69.77092045359615,1002.5787548435319,61.76524075818135,484.3994748860368
33.71702537139143,67.72731797940548,997.3379640312029,77.84243758541979,487.93840007052495
5.861844566927407,68.37199708096591,1011.6936521204523,56.14702686640674,546.9318859285845
36.91283342207752,63.94130811988515,1010.8575704775234,35.758336641003076,495.61266024342564
34.925958120423005,38.98198059866785,1013.4868478761692,86.70231747847116,499.3225274475724
21.234684227916812,72.41462472121273,1032.8762063503773,63.71530407963476,517.3293806876026
24.059741994052242,74.13939059569458,1017.1752885065148,62.14447754122663,508.0910620748028
16.56110545093508,35.6783983140202,1017.2597326480068,69.32189834570858,538.0577239543527
3.135703914059222,32.17506001032667,995.7611143287485,87.04028492459635,558.3336646530921
14.072692424190135,78.65827327240116,1034.841998977957,75.8715513193868,520.1842291258321
32.31128449532245,72.75781800077024,1024.77802249056,29.001177479417073,502.9443954255725
1.1806488971795115,74.12798809654707,1029.4741504842302,52.01411899665876,551.4846276970043
14.006467695954623,73.75070115434173,1008.6435185323948,98.22684987875856,519.0625451921888
16.528579050046787,54.79277532185506,1012.5957643103532,59.910464238649716,531.7662086432689
21.95842851457899,60.552095516618984,1013.4937714123024,94.44208181237188,510.77662833184485
36.87436904009766,54.9949568673503,998.7342542680323,83.20325376817503,486.31563253903965
14.507493780272489,27.8163492054681,1021.027012034713,69.94210976278829,553.1600375019493
14.53117487395288,66.0026696944025,1030.6339525627855,41.44286823937797,535.5203069361299
29.762548676280186,52.793261833473416,997.3667618162289,37.38874127728951,515.9364752976446
18.63649969470248,60.62399911346264,993.8843223068774,67.9078958767829,524.2790276155889
9.759588094659296,52.64518927365444,1023.2198507493154,48.93051167617697,548.0036989295014
18.64514112917504,52.04962272773508,1002.2940824252842,81.88782605350544,524.6277069101244
6.493423794812195,34.44840102127718,1018.0738143727798,78.44110655861763,557.5106283481882
7.879092473742709,40.32925433276319,1021.3091252096481,38.09174380646628,563.853971518418
20.43634313683971,33.73689805691757,1004.485984361182,73.24559047555857,533.805281049523
17.33809253067737,35.761646259393835,1026.6815068841604,54.509517108746564,541.0623120896979
36.6789901416559,78.51375592311678,1014.7495041951397,39.09628907325974,489.0798700614324
15.133362065548692,33.421239517470916,1029.104973357831,47.1669933488176,551.1350558721371
23.642945660843694,39.809873336786424,1024.3482098651527,90.58166804910357,519.5056104209726
25.658307228861684,57.482431175622175,1029.0859034416853,42.35659229102864,520.4994019758113
1.510683806945012,58.5598216930153,990.9072621953052,35.865934598751224,562.6093755131818
26.87795750865171,33.4685771359106,1000.9577817332367,41.66264986391241,524.9336908137626
7.943402707920305,68.65445841818668,994.0503573200673,29.315659258782254,543.4779126617314
38.48174238130875,68.18615773520537,1009.8937357735207,59.017148865669576,488.1466736609544
6.7978463823714055,38.05247373121401,1030.0482054726892,23.2692792690279,566.3801317137749
17.170340825353925,40.876646647150324,1011.0393118020091,83.56994077932248,531.080989388286
4.3286370550671105,76.58933260027234,1028.2370870061177,30.302222252106347,552.4415973370018
39.87809582199195,70.4119295288713,1004.7230207108693,63.82495247856811,481.8744828048038
20.58560540291846,63.37883681843881,1005.2806532762363,21.25229490279042,527.7228860275851
24.220015675481708,29.52282718308303,1030.3002778647094,98.06078333928936,527.3095945681019
3.6159826181486716,48.004524449641664,1009.1617715930265,50.91179130042824,562.6140584481177
30.248458345567933,55.76160296422549,1025.53944695076,83.9954206682933,503.2611882396368
9.186318130727845,35.30762083910773,1000.6489596546855,79.17830520849854,553.9887046440102
36.02411728818784,49.65246201595235,1032.6960373354937,74.2323742431111,501.9202666650669
9.000445978798279,58.056423261877946,1015.8560210938757,84.46283840841488,535.4954231351475
8.436821105882997,43.00571740634696,1024.1695605860282,19.041724779373524,559.8592395620988
2.4254370460757,67.9519650422768,994.0282064907699,71.0647477724766,542.3375182512225
19.41061085928997,71.2247269901343,1012.1698901623738,33.9244511746403,523.2312057500708
23.02880419724204,42.7985208188739,1030.546732398031,80.72844976599308,521.6354389255318
3.5626369377057423,71.12614349708514,1029.4667383069486,96.11818838631,540.1185811195406
31.245577051105414,30.696711135665826,992.1066280755402,91.13405768584262,511.5745933041286
18.678264555173076,71.0751004242461,1003.6664311108026,20.34570002262995,523.6294185756497
21.451220503775623,33.40127374171891,1009.9494002915586,43.25971786055389,537.2896341614511
18.1897471305909,29.56099338803493,997.7519166460105,42.78904814778398,543.942693390924
16.629759374137713,60.297647244255614,1022.8499239945487,21.006663972357757,537.8364905343034
22.825972921020497,50.95655511654119,998.3030398019421,18.83134480121447,529.7605635678034
7.054369591297788,74.9339830227058,1005.5987862466449,44.640112147226354,537.0024359986988
8.095197089315574,44.97540578499671,1019.8476286586018,99.28643954468602,543.4493082720612
34.609639219527175,40.79337448906958,1011.6940205036016,61.204838595964766,509.32039822199823
37.898503023211674,52.54041983793091,1023.2356967385703,65.96034657438307,492.25024282721455
15.559063334910364,50.07704021727638,1033.2543555550287,52.39170190168141,543.1354826908182
11.559042252598598,43.943542541945355,995.2446009471839,69.60974970736206,540.0108180040389
26.115982186321613,63.15577142840807,1021.9305472379127,96.09958726702926,501.3324023559778
16.94063267282576,66.77590086526496,1000.3654870034452,62.98281582529526,521.6553386570384
1.9900678707534496,71.9141182966575,1008.6514527333406,15.853461374907393,560.4134376192414
7.089951297281424,78.50711325906886,991.4788226607812,54.36015122513788,535.1681413969109
28.922916925048504,39.666090567287746,996.1158322031714,99.34761459267561,508.53857852992917
26.6980337344959,64.38514153694788,1004.3899780072005,44.86624485348369,511.3639911834911
2.056743707635856,46.68420295226599,1005.3893612379593,63.4493113493025,560.6959093385972
9.656914315385029,62.23950845731095,1030.4813347407944,19.59730870859353,553.1747079212273
10.011917066934785,51.178992969207115,1023.3815809169931,22.70624488629102,555.7289977913291
27.20381700035041,79.65752065223623,1033.748233568417,88.72133078385663,494.5491198789967
1.7687109724202021,65.08961746849124,1016.9582179650859,37.031016542645034,558.0099884361942
5.06023469739838,77.38702152388785,1000.8771179441093,37.490614601913364,548.274535296829
32.196727329554385,70.9233252214652,1004.7444763464739,44.84916964020954,498.72796548101087
7.963241820119011,74.65955561398542,1004.3926165481386,96.98308056140702,526.3633405311429
26.45709820622311,69.79305584680712,1004.6922447448463,17.59514464331888,511.55681304646214
10.289128460822335,50.25375217067513,1020.2833877900317,83.68876922962015,543.4235682353939
4.878214317614461,38.84836493407864,1013.8863567640688,40.740208881938784,566.440500295626
10.483715448978709,45.36760964977872,1007.344088013899,86.45212233869275,540.0467605503256
29.168410342370706,26.112992795197275,996.7090395927922,99.25800845540881,515.7549276122802
34.372162256145145,53.8196242105567,990.9962623323966,41.380066919057306,505.2426929565271
33.378574718112674,52.77817901487248,999.8475604914462,21.64207295911197,512.1015351366044
16.490157655119738,53.88877556567685,994.8362131785907,22.99379481846354,541.4667468657573
27.0553203262552,78.57171737346351,1025.3450263883508,78.28668018542673,500.0027088778842
8.994387521217018,75.12997019001617,995.0624081016249,23.042939710432286,540.7874505966175
12.432761480179517,33.89420280815594,1022.5902706788077,33.43794116811729,555.4404066049226
35.95709692232367,45.288538685573904,1007.3546410399238,28.39585092958718,507.65447633787966
1.5070750169187055,48.31758987047941,993.3020275384699,42.01107076278843,562.3044120266823
4.334832703324255,44.82931048184062,1026.5728522244215,16.692991763471873,568.3827353138058
9.107563950695065,68.91727799821521,1016.0833756606476,87.10682341665323,535.8849582689705
2.034755951078969,53.82207184271728,1000.6092680788607,87.41316806208943,548.7865545452925
8.075981968502095,56.46548993343938,1030.26065284497,47.16396086344208,547.7424211504023
23.738620877817993,71.91574574433591,992.0366241241749,65.08788121211278,509.1597569265915
17.43555747310742,69.32604843784472,999.0818823688993,67.77564138138742,519.6056864407298
35.81419673200202,32.27163375511648,1023.8421117512637,77.4332303811336,502.4449080546211
32.880298907799194,64.26530212459988,1021.9220068639451,56.8621078789646,499.3799217015822
14.330876716217162,48.948987089611954,1003.0172262176015,55.93024408975174,538.4373590001858
11.117513903820408,41.20568966843753,992.7911193908752,66.81733995953897,544.4391051331016
15.80800391852341,27.75103514962025,1028.6135132501224,73.27435561028898,547.2479676277652
24.021502758077503,51.7987258189998,1004.1163937131456,41.20213393263266,520.3667535731654
11.454481992092173,44.54901743984922,998.807103671772,39.73334259419336,549.0674363723672
25.341807406116228,38.83321718220205,1013.222782006244,34.274656368631824,529.0135400155629
16.967054435458376,63.20694512783267,1030.9602239677101,59.39618997814737,529.1482643092235
22.52984005322723,67.32169630235728,991.9595960029519,42.414012060019516,513.0342246250302
18.008934636277353,38.463423546618365,1024.46118396139,58.62819409368687,538.0273876825132
12.48416462213479,27.7196090173641,1015.761295257242,46.53862892442294,555.9766412943894
37.989678971524114,71.68139853108792,1009.1452102448318,85.30607642973948,480.7135035968437
30.780625972230673,25.547785766236682,1023.4836199847277,16.581721577091464,534.545791060746
6.464413854891649,76.54118716568095,1033.4620990998735,61.49895342442072,542.7517774809357
34.870251060018596,59.51909306904882,1000.3142795023211,61.806137552847794,496.0665123983715
20.009816731731032,42.701564936072614,996.4641314282454,44.534557948482984,535.9139985525366
35.887536848869566,38.55628502672049,1031.0796785350215,47.89188051068289,509.0462380169536
32.194354981945295,25.49531153454614,1020.1028884855787,82.01182247946358,518.0182859451603
17.583326674300103,37.950927935598244,1009.7093709702884,35.260633923430134,545.5319039109277
1.8763030244845784,32.57505658344276,1015.7966806618928,88.42634122835466,563.3377705034397
11.478417016012898,58.66914213977301,1023.552625732931,90.6708973721224,538.0732717516254
22.12373437177381,34.160007372659074,1024.7864354417572,68.55573739619763,532.7586411392272
25.705650573219742,54.07464106451406,1031.3952381368533,79.55719423372885,518.3065313550105
11.057619731894889,57.456403228945895,1009.207925500303,65.16527755190396,539.8621844163324
6.434886888840142,41.392293409080295,1003.2034909508727,57.273320237193246,555.4628822241749
33.56227923517267,26.928572196029528,1018.7848920055429,97.00099788252066,507.0668276160178
39.391685047438536,27.048963433780784,1008.7077554675789,35.438946780471774,508.6419844789179
21.501917109804747,26.449103270665468,1016.756930427704,23.87358519788009,543.8303836861538
7.6954921480838365,65.65185669251005,1008.8993609305178,35.87368268282637,549.5801624575979
11.619985734255389,42.4905337647864,996.8848104005178,65.31630475415005,544.4060303960684
1.7172363853512027,68.7965102282215,1011.1242038246531,26.66650942910293,555.0617925437771
36.65765345585946,48.7453053113567,1021.0913019873465,91.79326389036827,493.82005717617903
5.592292232715504,49.91489554564801,1025.9677713450442,46.992196059885345,558.4257902170359
23.48414254505589,53.208543138026556,1012.1996824558446,86.49665904626592,514.1076930438794
11.688153606801034,64.21673010063071,997.4357050594681,32.431289007593506,540.6454552058394
22.612942098115944,40.04265762063389,1008.6609469342244,38.185151957447275,532.4162208487496
26.405395145722704,31.68730422434398,1025.3832267978764,15.330105745524692,537.366468890963
33.35993034458086,55.58315343553038,1008.5786671777682,33.19909229670165,507.5285547977922
9.050429598663525,42.983769278350664,1021.3438857121901,54.12824370669713,554.2558876259079
1.4288373176807387,49.337022251742056,1012.824615675514,95.1523225950918,552.4138669432966
6.338539572683484,60.582068958551794,1000.8550406299229,45.00126765023484,553.6228782791238
36.1007270320761,52.17691576276988,1025.8267728610383,67.57694915350113,494.8855495096171
35.0817130249381,59.11533494054636,993.7896054331809,48.49391057219091,496.718009160088
24.299110984642024,54.931000116249535,1013.6200627239817,14.211266569114711,525.1269864253971
24.420157556912482,65.68880045648545,999.4000965409532,55.31793633070324,512.8684148805899
26.936430307303965,63.8265139741391,993.0179532843619,15.932228203352878,515.9933295971634
7.839479866314534,54.38044404947406,1012.6320271687462,89.53299321377824,541.7177861207754
36.66206589107343,62.33966614728388,1012.4802970170715,77.77332657558226,491.56735827689226
17.33205047079085,73.0457781249937,1021.8105405754075,44.078632412712956,527.861739499432
15.9424026017304,48.77492082834927,1023.5137811873357,67.61967995721608,535.089426343818
21.237790506030663,47.70196900118365,1022.7506169911803,20.08253397819989,537.7878167758636
2.831672704227147,67.0335091468809,1008.430142981254,73.22994882663858,550.7126196074253
7.4850513814870965,57.04046103730967,1018.4260404251953,84.04591680923225,545.2427877544274
29.783311040628448,28.90537291224237,1015.9625359189782,83.95710836844111,516.4697484180222
4.2291480490799325,74.06616086300947,1008.9702790252613,35.584979292159026,545.9538833213867
24.52293226918914,26.693070623070206,1016.8745712383696,33.7371575749144,538.1015080226183
10.568615277571517,66.16179959153587,1032.6261544517818,56.92579191124106,541.1102704383212
16.182528947637085,66.73367784873722,998.6802184656619,97.09949457368636,516.4134981011466
12.259055734057295,77.42110969050617,1030.7597443103487,92.84706798454768,523.7747962016853
14.871235942133016,27.977392462127643,992.4054981292439,42.367463358038364,549.8443605968814
29.042790302185573,57.827127343147005,1003.8775145805747,80.18465555647397,505.93565540286556
12.587746909303826,48.53123138448791,1002.9665361875187,92.91859876823116,538.497006087295
23.08978097157899,43.18481251727481,1018.1864298546408,33.483381914584456,534.3183835356691
19.565965685764887,29.967520816449017,995.905122829978,84.72660846426459,532.2715805811914
26.883175449143277,55.945976581922004,1029.705642532789,34.11060642182589,522.0811713633905
37.536359833665564,51.347239912103745,1027.2848133809268,40.895391329848955,502.60791182713353
29.57031179119976,30.750495198306336,1019.3429618858376,27.893862176567875,527.603915777194
9.382674765039514,58.68692289033959,1010.6286224306489,55.637181916544215,547.8879304155217
2.216142267390102,65.58742161391162,1031.9830218963934,85.8979804835117,547.759902324914
11.228297727693178,67.20030655795065,1027.383594962425,57.5246923691961,538.6301497847993
24.208039297309938,74.79552535443351,1012.4691816636561,21.109600872378778,517.7318858706232
3.0056067258857637,47.52089080388275,1021.584300950444,32.6598339004453,565.8809281273722
20.358283640848217,77.41900227421753,1015.5118478480858,60.6575680553205,515.1835358588677
24.27687110775868,72.59861727954774,1016.4574007274718,62.486871001350416,511.0416837391799
14.035511741861471,41.307586406316645,1004.8939231246862,61.92153131903828,542.6766405512078
31.065575946087055,33.76056705422022,1010.7938072081204,16.930314325559436,525.839988752319
5.1573318722171,48.94641678704074,993.5154643855385,77.83263033712788,550.2394768535152
3.9303734876965417,47.10442893757816,1006.0806911249067,91.8485379090106,553.2065150070991
29.39936149194053,56.66456179321624,1021.3122831912968,55.94670529569099,509.2327983395029
20.32416133204174,57.08624277802614,1032.8947213727783,74.69463580946766,522.6003376219104
27.847693460681704,66.24928414089864,1033.3378850743359,92.2613942832896,501.6721396587975
17.958266205546103,53.04394715130856,1015.0075291106201,67.83604794532144,531.4540283247571
10.609679296325165,30.765245251742105,1017.2980013314312,70.68931519879459,549.6171654367859
32.94499038929379,72.20602345542083,998.3574533475436,74.92639720455591,487.62773283198237
32.177219279790194,42.03705207518529,1021.2888648642089,33.44522063086586,521.0538617156036
28.093162363322644,78.42136031686256,993.1796456703473,62.44100872451447,497.60176724326845
11.613660351968544,31.48230597738736,1002.810855860975,85.79576030900107,545.6621198081348
24.018996007894398,77.70381447278768,1020.0763506278449,36.65464572346756,514.1803095384637
15.077981980661045,30.005649378538433,1003.963955919457,90.74534496371741,538.534080344339
4.571700859738732,37.70698758708827,992.2431093351504,65.83437547890688,554.7693026722699
36.77522944302747,27.561896814759788,1027.4341684207934,48.08573662897506,513.8595080069498
6.335926605839495,63.78122306514472,1003.9648503210553,66.08646652602636,542.4223446357272
38.059256799011294,71.76643051144855,992.8397351186405,46.16739151201687,485.8633972717759
18.394225145360274,48.87390949987892,993.365467402629,85.42320416633571,525.3641474750848
8.220184224706166,76.06871412733364,1001.3291459454939,53.408672206083736,536.9047238243262
22.134136947755966,57.466448946557975,998.0107176249687,91.1092023778903,509.5865694834552
35.04488759917992,59.65039244955878,1024.8435053001067,55.88272727630438,498.4543728566213
29.556770569972887,71.49805609354235,1004.4757821000165,69.43315506736485,498.4989360065351
32.45588476659654,41.32401127785114,1026.2113103267925,99.79699789061655,500.77901470930806
26.692551301717977,44.48461467301942,997.8230699020419,23.226925690768702,521.8096750547553
27.998786016196245,74.82735555570544,1012.1795630794837,76.30562338600652,496.0072898520323
34.118630411047455,74.55299228213201,1020.9616710098908,22.49850051243402,500.3999655950713
10.737052345508252,78.7065526910479,1019.3395884239635,85.49797291879565,522.1577621982233
20.087573582082477,74.60110740429191,1017.0508234468621,63.680804304581045,517.1702830361643
9.627168230964486,32.00546198183485,1031.6169720869027,94.43436045458132,551.7273028077009
39.51905231186923,70.3048357375343,1000.2836316468035,87.93609417503815,475.63942839847715
37.81831424777792,47.541116296027674,1012.2173642007947,16.73848337219411,503.0692566268257
2.53764564337173,79.49407457702658,1029.7796647532584,22.35722875109748,552.5987861887414
28.517431728111852,50.975453038084055,993.5052194517821,64.10538357461427,511.2741497046332
37.08468437921097,55.46098453762213,992.5149720713883,56.64831759478673,495.9523599404774
8.042438459966007,54.13762033912392,1000.4986029401231,25.170861755210012,551.407762910187
23.14986399155255,42.69553664220528,1018.4859548792108,21.642330544448484,536.7863328937017
36.704043605933634,29.1262148891105,1001.6945831902414,60.75917050974518,508.7589887472555
2.323893164846155,74.26081767210552,998.560794771396,14.402939317749954,555.6484006852842
28.199390422626756,69.14716968894578,1010.6461041911232,88.63617726580951,496.5291771014686
12.59661128752948,32.67397293078181,1017.6119130946236,82.63746278223584,545.0600319275111
37.051451619684684,67.722254924254,1001.1850968157534,80.68329745399804,487.0739550455249
38.87127156144934,59.42156663278355,1003.5311034025684,11.439743233666697,498.742973194949
37.82639307542392,47.50290833546923,1017.6101687165182,14.287684907146415,509.7242548707467
19.494354449641087,38.97116320025595,1032.5582289895253,59.48552090356558,537.2664150753338
34.61966338858323,72.28508309262278,1020.3633777347139,99.49831200047599,482.77334387643214
33.93742654286775,63.510354261172914,1025.2306864613051,40.808458087421656,502.6870124817681
13.44491845648697,55.125695020802524,1006.5064542639961,40.993733476480955,545.0038681431854
33.32770349187641,58.526269364415526,1002.251446172301,22.0850170175785,505.2669069251569
2.443297753904212,30.008640014519955,1010.442048444118,70.69022233655514,569.3316422197079
24.25452526080007,51.06558685011555,1026.3209772920254,68.2009020094605,520.1819963973878
9.970344654220419,35.65351610321361,1010.533483880575,19.119017474124316,558.5571304312843
5.702108545313873,36.46110234548539,1028.1026433955437,52.067105836151605,560.9587489323366
4.001174863539157,61.371717925777666,1034.4947391312808,70.03674179397768,550.6501843431962
28.15526225924745,75.11908835088585,993.2411999578651,54.41645226897343,500.8967904681854
14.25512358695458,47.20661357630906,992.0434570237667,70.692722367828,537.5600179235153
29.265904089621696,36.42621001567047,996.7315366311013,83.46433576883408,508.94672803222664
3.5488972911587524,60.68108154801598,1007.2966354080456,71.72338898095909,550.9618248868333
13.296323175393804,72.91528754926748,995.8968994115445,65.45028122474714,525.871847694802
22.04016040263815,66.157534061737,1029.179901492844,86.82312312500439,512.8089373317315
31.838203428719577,72.7816476795123,991.0415812962178,91.05297110828093,488.3711975885799
13.431347614350727,54.510506905593964,1004.210672235112,44.999779345822375,543.481642835953
25.409763681043355,66.35319344030549,998.3112583272392,25.592489895149733,516.4057401084755
35.553132181211296,32.70355076474151,1031.919269857089,83.60743636072455,503.40955243959485
25.01866433910988,44.15510384497553,1020.1266452200513,29.237779656953485,528.6797758318704
10.085419515391717,46.425204046483735,1031.0413615403118,93.60556027741771,544.7209349938937
1.9516304807049827,53.121266043531904,1033.7547919639678,12.059015069971311,572.6601950892008
34.933856082136266,76.09919981412531,1012.3694209654816,92.91440643573732,483.05516870267337
1.8295070231650983,73.08631081221958,1000.5443598621612,63.02646933508565,546.5928117607139
35.113365234683776,32.39890207590515,998.7177953788465,79.72679048615933,501.78726238503475
21.628548227061266,34.50343085353548,1000.0313487758629,45.864332835796404,535.8261815865968
37.62364024200295,44.67023022739012,1021.8866988429901,99.25446627179922,489.851635361443
32.152546195172945,40.990912623987064,991.820057765535,30.479628480966138,516.1020626499059
39.91943031080016,58.81240242359443,992.3112482864722,33.79092963743573,492.5983418473119
14.677760802616696,74.65268262704997,1017.3664324072417,14.628919963372564,534.1291626163526
30.92034326831395,77.92603479199227,1018.8925716031833,94.64260267552945,488.1161747662829
16.675305630760445,60.94816238943746,1019.9368315945107,51.04263732388085,531.6928800988265
19.715149191852444,71.09875607705976,1006.7346227064866,70.73671732474142,514.2598428751937
25.472713065516434,53.88612101269384,1026.2675199921368,71.86966547165567,512.6955148123859
35.07340745326721,36.457982077302184,1014.0131064476977,88.70518830544098,502.22070997505574
39.37925529877251,53.857862665141255,994.7459533504239,69.84327255817684,487.8244151740056
30.96266314071621,55.529543079070805,1025.8694688180306,60.58190640737685,509.69509513480926
17.292904504526017,65.83516603174562,1032.8880503821706,73.92866717719392,522.8942763355028
17.432923088805737,37.0935644339042,992.7016340851061,77.58737191028138,535.9636375972141
29.765709761966768,45.25707101477025,1007.6108102415261,26.73351516236338,516.9134259549019
10.31230868496379,45.021510806801146,1011.9382220175636,19.87003350790777,553.4577000644418
5.308490412124391,77.76917776576407,996.5911842035242,16.73639654370068,547.2702425974878
14.830264147990285,49.41697281796954,1029.0469026502294,43.6648145070283,540.8869474670305
12.202320674509188,66.53016820139806,1002.786734020052,54.82002158539707,531.3681761553534
12.556016697783614,66.29462597559414,1025.2353842972173,65.40849084608747,537.5823578483263
10.110702290946488,39.60493016417828,1020.1947516912742,96.22310677206491,543.8698293362098
2.641634395818113,56.45283291544527,1016.912062011016,39.770903818630565,565.3782742406928
1.6970834546031386,74.18665913252565,998.646428191345,78.4786646869547,542.0313624993979
39.52117319970523,51.135874570132216,999.9316584247907,57.82218576353964,488.3055865119696
17.68315221569863,76.98146290384003,992.1306782135956,29.808093887822515,525.5136230414743
15.988739239227586,36.79520261282889,1000.832059340202,65.37748862158833,538.377063008158
27.506244025029723,29.078750817571688,1005.5449624257232,97.04585604607333,517.3724419759159
9.511901626737503,74.02996302296121,1027.4915386738091,21.187746932614516,541.663933071224
38.04848617405879,71.62246588792192,1006.4876700021663,55.65517880943061,485.1429968972037
31.66745556220653,79.59244317636146,1023.9579802244523,14.644751873547541,499.92595390786903
4.487029090178121,62.366641846183434,1009.7749026582969,38.909466900672605,553.7878088048609
17.285650255612207,76.51783596669321,1025.319074039725,65.85424098345922,519.0401056848551
35.285613994924425,70.48219637962609,1033.9322220196668,85.69512424276792,487.95952943350835
37.844548869365,71.44344832160478,1000.7928701125911,75.7295579553464,482.342846036748
19.22865893874492,56.302786374984755,1028.8053725383745,51.65711003939265,530.268295967124
24.9230441792176,46.030052885419096,1017.9820838837599,91.83004813937319,516.4577858795244
7.514323897590934,76.4006939898805,1026.7782417714895,37.244319852139355,543.2847648453181
39.65557641934208,48.76644465887419,1019.3213656020513,77.85850692026497,489.726537888768
10.035196353954293,54.635065198731795,1009.0777278273367,52.660811957289624,545.9349617203712
37.7665391912699,49.536286891885325,1000.2633722748806,90.87721792054981,488.8800840213932
26.33621931070237,56.06500726781084,993.1515851399024,81.76895394883842,507.37704976682465
24.701735000275505,50.877779344577995,1014.0983264007323,91.13226951763856,514.0768559946544
20.994851929643836,27.638215721871173,1034.564674253709,29.282306404786603,543.9237336140741
9.996122656992588,73.51265023042342,1023.2118812256393,70.13353889045871,536.4043566348627
7.884593248214822,49.44166004036734,1004.7305493629558,76.4617067273476,545.7689025627433
9.598962153736839,57.39190066790418,1027.2242160039032,76.81728387543343,541.6332458465654
8.271092223625926,32.65532915168929,1024.6042800079383,55.36004054206038,560.0837504181493
31.403794469103378,25.186331639045154,1002.6736107009056,11.012547011315728,530.2503421117231
14.654885107502473,38.49095515040036,990.6438370407406,33.52877054821674,547.4127221676678
3.2558643859724583,63.752231767334266,995.3173187340277,39.0970787503943,553.8757964511674
38.795002575491644,30.455699156208322,1029.4787785640426,86.68329555535854,503.44987276361724
35.467649513573605,74.98880922125574,1027.6453365887191,85.67972353937982,477.8857239975262
37.18233904461331,36.82624131459015,1003.2844050395263,19.421209363400493,513.5882164546074
39.80140508321097,36.25264878604767,1002.8337941827989,95.48522935941318,493.25791081397557
7.781914719560004,34.98293788918225,1025.6789244196111,26.421173798634186,562.1131089768303
16.45343873720369,25.76899421342506,1032.198186145294,47.2923506170829,553.1192280928681
30.57130055245956,67.44930076630291,1025.061176555892,29.364126949967986,509.997235779136
28.144804104097897,73.12689921848923,1017.2510404663842,87.42992219464217,498.1385495908512
7.001940347254347,58.778948643890935,1000.9202107649312,77.44618286733807,539.4916426686596
32.817491874634094,35.35099899239243,1013.6586561342867,41.817592619902356,517.620667654039
9.753182301629765,40.69028983174839,1000.508033636697,71.36907634234498,549.8905087483969
9.7288869780823,51.17596835507298,1026.3605139043548,26.59301957543881,553.0730537477014
21.94200249284313,77.48902733928155,1007.4132485782982,44.406738313840144,514.5021267502755
24.124657458826423,38.60432544997585,1027.5163747647312,43.93968295042974,530.5307389444728
23.623362105674637,65.24052471559384,1007.1724148092227,31.414301354925804,521.0628210429596
4.5679866585124405,49.169652281110615,1027.0867232339951,88.86808446245944,551.5008399345744
35.22097364258484,41.3816041598012,1004.9993016824359,71.09611619312136,501.031917367374
11.358401660959537,50.075376536216254,1009.8059717077952,35.19453795074193,548.3802852374564
6.051081930029363,28.91636946476779,1017.6969788704196,31.790868456613357,567.3780877483159
35.66117511489011,68.92780540116993,993.1629426313464,11.615812389931515,498.0619499112964
38.27040843096038,38.38160603906319,1032.669317781696,41.19240284131192,507.67509848936345
34.62297707335257,64.89766677561337,1015.8122603755711,57.409415498378635,497.0690693567728
32.571126914270245,28.75916042965071,1012.8519006610861,34.99398477175387,521.7766979285225
26.554437244921846,77.53042058911274,1027.772728700396,73.0412448786793,498.74062328471524
22.483437453756434,35.61582419731342,1028.9593228453573,47.057457611013966,537.9108835233742
4.392483636544995,73.55081419138943,1013.5017182038057,38.4686053309601,551.8468901254614
16.92967530975725,69.52102652884889,1031.7268046607137,94.51518929112981,519.2608482963994
15.534852163480245,78.23229582447789,992.9131994734416,33.65207895593252,523.9781391073569
11.130397566652722,51.28398635201623,995.0951606513048,45.84318580869907,543.6009342344845
29.213384433854813,65.00685116152734,1016.8554703506499,44.406170966869475,507.30975048455264
20.33915366807206,45.389086137078124,1005.9329637807112,31.70785111041235,535.5040433973151
4.160802420398269,35.14025309108316,1010.8901324785139,29.572906582937502,569.5058904659859
9.587144876042641,49.369176311339686,1004.7635648053725,37.21420169320632,549.375292141547
27.647091782724242,34.11619584636502,1008.2126390150221,87.78125529380628,518.4881694790877
3.969103520121707,79.01245425325112,1027.0190856215834,79.03745985063615,540.7583749053346
34.19706964790198,30.2935570127394,1016.7064289934438,71.2899562744047,508.6064037269983
20.310714553544997,57.40664478989412,1034.8805047177575,51.13926933782441,528.5802089254544
19.742876515739272,59.455512038973076,1025.4095639019433,55.69785861693431,526.4601925765484
24.103903601721186,54.59437485807298,1002.3149814345823,34.04249609441143,521.3026791885526
33.16255767108082,61.42022371415084,1001.8955302977014,16.688432245232587,508.8392504349246
14.564559108185529,31.389942625654,1005.1154221552654,39.79365010484341,550.9114128998515
27.44262994980348,55.52601883129101,1027.9466766291484,54.602538039312954,514.2811734455961
23.063546595835852,40.79669141200488,991.2279442792754,15.15817418673992,534.0114665159218
11.414102536607432,76.70968348155812,1000.3581575492066,17.94099718513958,538.4352236029299
35.26656946785116,66.91394093918491,1030.721328915492,33.672270959611055,499.25651635884213
32.09961484267019,78.48829651878584,1018.7953396237464,43.03723362334854,496.0875449154279
26.679621551678594,27.065583835710424,1000.2081192975476,45.398513000683465,531.5169287553922
34.17268743467543,40.68232463493898,999.8615235704661,20.60974596592046,511.17539480900285
34.82447383743229,35.7482422651092,1028.8178145791744,30.32392190813099,513.7557167571686
28.626156091886358,25.61350230215068,1030.219087872467,33.54825268572479,533.5323528536148
33.64351980618321,38.32791516354768,1001.5258990932952,16.08713885811216,522.0445684789707
28.201387005102063,62.33267909362359,1008.922966113444,39.348973053072754,512.8466567450384
27.525490098651716,37.70989071740127,1027.5568082382742,16.49994154799565,534.7832825700999
25.12584375039219,52.995189501544004,1024.695334737445,73.3112058798703,515.2144355688611
30.355948942748007,73.82999632307492,1026.6262247954737,44.74429899015794,500.8838940663563
7.1855991064298745,63.15668561919914,1013.3279185854586,39.407715044053724,549.8518939950538
35.35395960875821,46.70459884483176,1031.0197071737327,21.38699543532462,513.7424428317818
35.001897582064046,45.48579164016596,1004.6678194779496,30.385328990040623,506.0203028794239
2.1406440383478067,50.06546977046666,997.0502460456383,30.943468804521125,564.2039999437407
33.20685327202575,34.73727925829485,1021.8929549654189,98.66837933859728,505.2606097747406
6.025924831464363,59.870042207879344,1014.2709487203103,85.1814441557644,542.2513798089319
14.069635316106535,45.02840505075331,1028.4563595964266,11.373606247008846,551.606924962781
29.996821995372702,71.88009420941239,993.6521662106122,65.51529316916319,498.0139698929699
7.26963594588402,66.6103963031799,1027.966158154713,33.031908677973135,550.7390601878773
32.90071394064343,58.578224025068806,1003.198259394397,19.393923593762587,509.5275469587135
33.45323294035193,45.03112224572338,1019.4685050225683,73.50397868077792,505.1884237313517
20.79124161667261,36.54625074204164,991.8057955085216,21.84449945215143,537.3678060256854
1.2490489969565095,67.68835252580925,1017.431158333662,49.93667015767621,556.509523448083
12.194487193821598,51.752500444509764,1022.2772260134301,66.89486483559318,539.1182366583356
25.060149816653947,37.361252099754665,1006.593759652753,59.90452805394898,524.2660679565623
39.26626094306952,35.734603827200345,999.6934817367963,97.98661884724686,489.75295548346855
25.640727553650066,34.097049747574744,1014.1933804471595,80.71683518102704,520.8523609540114
11.132339661502233,67.74386579130773,1027.4935861996041,79.67740385147408,533.0846912580167
25.72622242088484,37.59429519151715,1004.5596311233493,42.003585467292815,526.0359168565344
22.059429808918363,53.96532449388586,1001.3611183884576,10.755594287572753,529.5290322582863
31.4139704108946,49.8350498535181,1002.552088888696,76.09698367036195,505.84873543159205
5.172244914251378,56.878599457555616,1032.7109468812498,99.97588758661051,545.2873931616168
30.680088197579092,73.24351952041567,1006.1674612094051,46.5291196969254,498.40914757283934
22.1093965683683,72.72610645449518,990.162190794973,98.69666490614057,500.9521208265547
38.55668815050079,49.809183950367284,1025.1756543581828,22.753729858091177,499.9161990478286
14.333014475508758,25.845143790409782,1021.4673657900926,36.68611164730457,555.6434222709654
25.672253832223976,48.45440931428668,995.7855719071335,25.36542385682236,521.3117734571624
37.349096114890685,58.340644558327725,1034.320691211071,52.76583756341342,497.9042792411792
4.997879391636491,55.6770617503934,1017.36280283873,81.72832613564984,548.6148836657977
37.551911002221594,60.8234858190113,1012.535077092327,40.65955223841585,498.2331361063212
27.827543169731722,33.47416528601959,1007.19986704303,91.56060434366843,516.0273540335168
3.6456453051017044,60.55943043294029,1030.4402740003636,59.034737199680656,552.9418875999277
12.737579110925834,35.04583903090747,1000.9783566638354,51.88819723676895,545.5096190991726
28.618711457165983,66.2788189383212,1002.8596005098956,80.83322579757487,501.0793125268986
3.626673457282096,43.649818729447404,995.5084863008955,19.12991473376061,564.7740475744351
23.70464794687466,64.04424883597994,1024.1603593012917,79.63772240896073,510.9817116805931
14.489439221165313,27.63260793983589,1016.7997176182635,31.865680015554403,558.7577176838098
25.21570519293161,47.43230140750023,1017.4079776164524,35.27312924649138,526.8037185594175
2.783939318688001,63.7768987244833,999.8311693958759,63.950839598807185,551.0731397930159
34.98993543994268,37.47787839823218,1019.3025775107187,91.17409825415847,503.86325999546744
38.96606979791848,68.74078746384724,1024.4456301261089,62.056625479377836,487.33801818636954
38.78623635614197,59.69288532077126,1006.104983882656,68.40544139150383,490.4296348724321
30.236421437974062,57.31589746823891,1026.060621478277,79.89351306447467,502.3394935115223
6.073363365094647,44.44518698123854,1005.695576483941,33.33922830932381,559.9936961318781
30.572264641231882,51.53483087096147,1024.1162307679178,84.45103055237283,502.8791559184957
1.958889741893259,57.85421155378192,991.5178548355974,47.61641341604348,557.1100002152842
1.862818509630893,50.985416265318975,1014.8024070663143,25.809012414204624,567.208191315455
13.620798546832109,63.407232816730804,1033.6286952287949,41.51062715150125,535.3297858252448
20.057084425781966,48.85333132088277,1034.1560070307075,32.151800054640276,535.1480215511046
31.045889294503937,36.12502499581167,1002.6788660253783,30.584224462208127,523.0841615504812
27.648519687653703,36.7663580540576,1009.862959098616,35.430687884724954,526.2380610578854
18.390205548693185,25.31920728636176,992.8340058593985,26.283773326788054,549.6954695259271
11.67143998498497,41.552674355726985,1029.300358842207,70.09315813743785,546.8853857701953
39.887855506150736,66.19047022631858,1015.5857468913097,62.19925813316055,480.4511609898726
17.621070787202946,68.67894898606852,1007.3295305523233,68.35977036850856,520.7463252278719
18.604093948857344,36.135714815266255,995.0746751320119,40.93522514453444,541.8485890837599
7.381329026475099,77.74741982792742,1032.60452784736,79.27600623166398,532.8737817942966
31.997572401247247,52.63215364140697,1013.8598571519448,21.664786685874827,514.6353990885583
28.053606805478058,75.43383119601765,1002.7317568087307,61.40230385152242,496.3756437241138
9.610014898761655,63.87209050238971,1005.759680855918,34.79076750218265,544.424124992654
4.212860779017865,64.73383826623272,1002.1813731414967,57.484891062785024,549.8601274665375
27.539472780913812,29.677399171833912,1017.0814413985642,39.12734577162152,528.8486993454316
26.525937356964274,37.09951197933118,1031.848360910123,81.14605885821658,525.6041241680743
11.657121552930164,25.484815831195995,1028.5512211496955,90.21446549542851,550.1006214308343
38.083678927766,64.38702022622056,1010.717139394169,76.83231010344682,483.8042872602821
6.891257779455109,43.94410586356805,1027.1924713035453,25.80253415643221,563.5914074479749
17.861057240661474,68.26588838419907,1009.0397466574349,34.73802085495261,526.1635769977884
37.80102088653636,43.641492096536446,1001.3538213341387,92.74222589665742,488.84167812241805
17.36936536011877,70.06335637643735,1034.2536801869892,49.349811489238114,525.0635303345744
25.902511958899336,32.18840395615722,1003.674940558687,94.70623684143402,520.2234967025804
16.506181520548978,34.535523621662946,1004.5675903944109,45.32065199760401,543.8038609743501
11.694392891598131,43.748209677116506,1034.5361790503935,95.65971945315974,544.8017038719763
39.3751282704333,47.46680638852503,996.0267371924544,93.31650889599979,485.44826536885796
16.96402624628668,44.17865459636381,1024.2240294604362,69.44742009879546,537.3293650942513
35.869868943486246,67.0005867887771,1032.1115741317226,10.794434361535256,504.00789700712517
9.968229629752361,30.332326594469308,1013.0307747423939,46.03012137783432,558.0757749535237
9.311083456978249,44.31693608011685,990.1134792766269,92.01116167260362,539.9330794721908
2.214229232495943,71.04819997335026,1006.8776524850898,89.65992601973032,539.7824600415431
26.41500618965952,28.67383924941946,995.0206046573172,26.86490200865023,533.3513908572651
15.372527405226684,76.82889292192466,1008.7284447420163,45.926424637219235,527.9990832214877
34.70997174374585,79.24742632496071,1025.5512042739028,85.19589350915246,480.23441808082845
19.45518636097073,29.871249560379404,1009.742019699771,62.00900679250489,537.8765505115458
38.75954368867415,41.019988724065534,1009.4366304605666,86.25693101015806,492.0812671819933
8.235495112421724,45.48203663194459,1015.0555264613481,84.39106460037067,548.1651685083698
34.87630355026882,67.70152527589994,1016.1760763136456,91.67338062572347,485.99751710188065
31.28727725887793,57.77597466642036,1028.5333338959538,20.549852937512355,516.184237543738
31.06595194111803,60.440113527091206,1003.8759947653028,23.069362730816408,508.86617029087523
33.94654589655862,66.66304025501782,1026.9752068965606,17.452812607214724,502.2988885078269
30.679935646776958,31.488844969036414,1015.4670186911421,94.17419569858885,510.80594543025813
25.4225925436252,70.82652013006444,1003.5238297372716,52.76461459401038,507.90830421105005
6.118550229613115,63.80908922990792,1003.2806719802735,15.789275513420334,555.304476958075
2.2685210001588247,56.75379488580036,1006.2511882697576,38.93769122626371,559.6303072278059
36.91306606481179,73.93544341306811,1018.0211959178989,41.627137701697016,490.945644455056
25.049362266308783,63.51684946360939,1000.3865279111977,82.86038411290815,505.0383306131996
32.06495434807088,36.0934979447064,1031.4150102752521,76.19292029538306,511.5498968099784
19.77937170898945,48.63599595916167,1015.8710662880055,72.04483446063122,525.6872041274875
5.5750193695333845,52.17235768146533,1031.4007099648204,11.967719733224087,562.9320301645921
5.882245895899467,28.03696947127231,992.0881961360619,91.96262167837409,558.7594350442442
27.737046201929882,77.50506323480306,1005.4175116707663,29.39997402241674,504.5522824387994
17.781929901079046,32.071749343828316,991.026344730943,66.61552642234099,537.0409711304742
8.820464341313132,63.36036969746998,1002.2513316794086,15.563713871027725,551.6445786505355
20.172187322916038,52.84270698499841,1028.7902912520865,17.337348268484906,538.1802715903067
3.5041485459302293,26.409773743643242,991.647437212899,10.861956651710994,580.7624125697748
23.696884674661554,75.86111117253989,1009.6266194962085,60.93348800907975,509.1566200761525
11.49074277296881,71.85102448504134,995.2905181712953,66.64417026552142,528.3905697507886
32.10480492485034,53.83418603471095,1008.7578296667166,14.541607290990587,517.3760089242993
13.104116398019377,37.59182848766949,1027.748321291897,36.143639628763495,554.3269419322779
18.753585814190245,31.689258987405182,1018.0381965031133,86.6308972760215,534.5671655582587
1.4532010564159248,44.986586368766964,1023.154035539914,19.11775301406227,573.4977289646479
3.825428623987796,39.048555457534974,1005.7096851952311,29.48924480979981,568.621633464519
16.307248699860708,52.86801605534643,1032.4978962754565,48.19520876251843,537.3500684380408
19.717614553967817,78.1525112867886,1021.9167942200775,85.80466923698043,507.7110725302409
24.400801376652844,56.62244212763028,1008.9809468678039,32.93641490276838,525.3315902689296
12.374840569662826,73.94620807395538,1009.1909160102175,99.74233138270078,521.6791401097613
28.104293558935158,60.79833606226775,1031.3407880074483,41.97356318246755,514.1194627524394
34.54477349037898,51.138558962296024,1015.9382112045927,44.78037926352608,509.0441616227128
31.414188566840643,72.00341595033541,1021.7870644456369,20.98955838077149,504.06697684649333
2.5451341885859287,50.92524605951486,1008.7665851030927,71.21781107708776,557.9002023751078
19.73977094305533,72.77454937806985,1000.0661744144121,31.911866450603345,520.120784397646
5.09227695830882,41.03672232666709,1022.5601681397488,66.59808357655416,559.8939827354654
10.439755618638571,32.084719056964346,1017.3520697463624,30.084195556263392,561.2874597138547
39.47984113741871,72.0422955399616,1012.5604296191151,44.90850405038211,486.77068252878126
6.557326173159016,57.30783400859667,1018.0809422997509,87.10048827589758,546.3472298941917
20.456637984602885,73.90008190369281,999.3728513728905,76.5015320326663,509.7059472242248
25.108073638406644,76.58049638458107,1025.727241793938,23.91318099493511,517.1386569204323
28.396133851220053,27.949561470429703,1032.6673262259137,64.69373506366912,528.2151258195692
22.82629865598965,52.553311602237756,1030.0996414875467,66.57765865064283,521.8304682673389
1.3810630493481626,45.62305019909911,1004.4646085388158,18.151162615167493,571.5056245796657
13.731991021515684,59.42221183885644,1008.2702597976934,51.92250889023422,535.0251342036672
21.190754092003747,68.64751584612779,1026.3781034908902,33.46015561008471,522.8677815107142
4.426793466648501,40.43246187859029,1016.7802708871071,52.041712848713466,560.6782740292055
14.67445031715805,55.62391114052444,1014.6561499654492,79.93638921905875,532.8074425562448
2.294921242863296,63.98007189476947,1031.698888539005,24.24336038292877,558.0997348077265
4.064561389045809,32.39370955596537,1014.1211232439673,21.097378502923938,572.2853816440213
16.480007771862248,69.77367982731968,1013.1722405814289,34.23848455951956,529.8263491410879
6.175914407679354,58.33602799191352,991.8908366069862,95.70479053119249,542.3630602855364
23.134093082200767,77.22455904125084,993.1237631365562,77.30417900664698,502.5074043051356
27.889133796353363,43.67409055218813,990.3339138546293,11.751027653309192,525.5014030874762
32.22288126525423,30.948026828545927,1031.0959901602635,46.090435823503896,520.2543439306944
8.805859525547593,52.857566057030894,1008.3773997007966,33.165818117234664,553.8154839730763
7.53182070810372,29.719592444019135,1011.0852619260036,67.43301115349566,559.9560219632198
5.0781457730416095,78.32395878282037,1028.0424126416608,51.33632081807738,545.8947540937451
25.82077973220183,27.127672704145535,1017.41608396691,96.80486723775468,521.2381252487949
28.552553332989145,66.44271456090195,1017.4275718375761,29.708060588581436,509.1571419978933
2.2318596482000395,53.88063189782342,1003.3440493209665,62.90707743990466,557.5295827665506
37.512277603503904,45.274135887405876,1027.5258768266033,73.01890134912003,497.0141837447478
3.026880062407424,28.621319047976005,997.4623489217772,84.30080404108435,563.1876781913395
22.11055707674175,59.21918082954843,992.3917316477826,46.62739273852064,521.139651344693
28.65336025858574,57.18711811650254,998.6221510883339,71.82297168917333,507.81182830860257
34.96779582609734,40.44858001871799,1002.0481748448555,37.28813242458545,511.15400979001424
28.849390353164683,75.06219357756717,1002.7039976034393,49.192848312563825,499.6098113278032
32.26739523972188,41.72605040385603,1020.1731119378445,90.60644180830593,502.6616417231808
14.238557509169436,49.734897582565836,999.802106429789,95.49168483978589,533.7997835767428
32.77817943611397,54.906935075526064,1020.4496237022743,74.69356122345383,497.4867402588199
4.12447900900233,30.512753299695735,994.1009477955209,43.69167016985665,567.0863161841465
35.89784958636058,76.26889455674979,996.6241107494059,83.80520109771976,481.4412839622169
22.356102669995714,45.59948838480726,1012.8969651820947,12.328037355287815,539.060882542656
32.874613028537254,29.442856763088898,1031.485311115949,19.247131948547896,525.0240498387253
18.640413096213706,46.301014552143144,1028.6805414965002,69.5236362737825,532.3147620341791
26.099530112664475,58.011140090091935,1033.593904909926,36.21237177430517,518.3821370450946
21.529703776508416,53.25089695017313,1019.2715579375177,95.624759656043,517.676520814012
29.531991348457943,63.199808572050074,1020.4116689887242,49.24545508830742,505.1342792093599
4.183569299192993,28.051616813735084,1018.1260349519172,48.64283383502593,569.0272336763344
3.353731275631988,40.649733564963086,1018.0268515286189,71.02715591718382,562.7634519990829
10.63702612639571,70.05768172620563,996.6204155280413,79.08117060755707,528.8031659069537
7.222242524414345,29.394152828524845,1014.4682530273768,52.800286431262286,565.0241529023831
34.99955909709587,72.05172750827766,1007.3730570053276,29.26008115405517,495.55320508751214
9.549345506963729,30.054285064240844,1009.9141747099782,79.59777784530594,550.1182172715398
39.05874497694612,70.8949818190433,1013.5620257876657,38.831614738626484,490.17337831443916
14.138935879073166,44.84336205932996,995.7778277311013,25.759969236447184,543.9233711437203
8.102598711859272,58.67149847914687,1006.1769480233454,66.84761709325119,542.1241694450429
31.798241778556687,33.408791360639896,992.8552302394471,18.140830029131536,521.3167279725202
26.68960324453417,28.639279694884948,1034.0850658690078,97.42174075774494,523.5748899890663
20.42963294167242,36.87660122110743,995.3337612969057,66.91575379709232,529.8856158193275
22.65917848656762,32.03195998497826,1001.633613234523,98.73059688295803,521.7613063536097
29.04886935261829,42.18232437237975,1030.108181701653,40.50040811307724,521.8569556697678
9.909734911920651,53.29107855810611,1011.7219520807614,97.40846450713582,536.7795087396854
39.85702272621293,57.381770496075525,996.1036740684284,23.100602295576124,493.6219395944282
39.016933323724544,68.44274590588586,1007.2903742117707,13.66252951123256,493.97764929625913
26.362701767530538,61.093194128659725,995.2140597386124,12.96856544091423,516.5210402090072
8.78215558623666,58.48170788212541,999.0097198688026,51.83833335393044,541.0408902378741
27.52890145482036,47.648011511717606,992.3413431127431,17.47037777307353,526.6414905966607
3.8157379501878577,51.05946392280762,1009.7202372547094,56.09510957508416,557.5633137254354
2.1954475860264364,47.798645616459964,1026.2986254776367,39.47504531580104,567.2320867854505
11.049632651937333,71.31913165337608,1016.3686130414953,40.2066093226704,536.4826560780859
19.042295312833335,37.650024890161994,1017.2855387468076,67.20480968906529,536.9818456156747
34.86262771092684,25.314651234808053,999.0262813537458,24.678820553645814,518.4898380072815
29.359593720886014,60.82259434744316,1005.4752229463564,78.9898033305758,495.9187003816431
29.96555432679926,36.135420100135725,1028.0358946728375,62.38278278007713,517.1872583919444
17.59424004347494,73.95633249703951,993.9535282946931,92.34501659627598,511.7157250275906
14.491464709331554,72.24754813386608,1028.606879415084,42.835658839077105,531.744978421294
15.470511756399505,29.220005456051325,1011.7660511819154,98.4443492860413,538.6327880459494
39.51833298570626,30.851362297774255,1027.6716344096303,61.82448820426209,502.5537560429997
2.5642584650868168,52.234437573566645,1004.3102888727481,97.60617605687804,548.6938675325529
34.814228348775494,58.507246452314504,1005.247932821236,12.43545886424038,505.52250992173833
23.56834093432334,40.11995856152324,1023.8222190745414,75.51786901711492,521.5047029674157
18.106001348394027,64.42387441846539,1025.32482780265,83.49593718634627,517.1153631190327
29.285048756190324,57.72038115053793,1000.3340105095566,14.785595800883883,515.6991145342066
19.98008871556341,42.86532603617051,1033.7792096169858,62.10726976146211,533.7891140518367
35.063506285184765,26.39543184232736,993.8020546910172,82.17480642305036,508.39201811010344
36.12737269643908,66.25826547141847,993.0826333395959,60.49348527007655,488.5400320699032
17.44711614806476,36.81145162037955,1016.7976896878746,15.743223136491997,546.3333350385677
11.796284092167012,70.89605589044456,1022.523334549723,72.41025168084803,527.2096501772837
24.101662815141125,48.11596430298404,1033.239875815124,15.453722320597777,531.0118757467332
36.582170479050944,56.7392593447471,1008.2225601359488,83.57220055147947,490.7353188567488
9.215825371220996,73.0121801724951,991.1381134045334,13.873076497602495,546.1275180933053
25.29569675897583,72.49926505059744,1017.1303352750883,22.36576429093337,515.5661648034101
25.6308485836083,45.43357663839653,1003.0363209269448,34.759683147094165,522.0721999129103
29.59140787419596,36.488889099316374,1009.4826204537931,67.002831303472,514.2788758564639
6.131139719963132,67.6330342750727,1011.981126701247,97.87231896681753,535.0736683951626
28.917173622601453,48.819411198117216,992.9030674832115,20.604056735794096,517.8969000782915
36.45226830596,35.56230964574522,1011.8691803053846,22.84369022925266,515.464733061077
8.007641245939437,74.74339382744327,1009.1843850061941,43.198335703088226,542.8911391039028
10.264189672031229,35.895730683259806,1022.0644919378967,85.25972239797882,548.386586173358
38.884408667623944,26.41939425051771,1019.0549660045555,52.05078574757327,508.6598469441862
8.058101155670101,26.1153985572081,998.3347073167753,38.94495402302395,562.8870827825157
34.32101864141359,59.22734460498454,999.2762513194679,60.50834489879752,493.0146334064431
20.198836401473358,61.39212833946417,1001.2952780448468,33.447087770117506,529.9628172650025
10.642011901723905,42.107293778134114,998.052769813373,46.10439165227688,545.7301562375247
34.959246149627944,42.60060440858849,1019.574593985081,39.93446343088377,506.07194080337774
18.366904945103954,43.672165328296856,1034.749358064012,82.37269201731813,535.6966975479214
21.07787680325792,62.40872007173833,1019.3448753232171,93.18301537942007,514.1865769840451
15.010101406590861,28.197358506475574,1017.3006695786081,78.36149729412206,542.689075899759
24.12508320596217,76.10139939802292,1008.4467570007982,49.517521842698514,510.8307291239754
7.377431030815888,37.238657429759556,1004.0661116486892,55.390147974699744,558.9759836116726
16.252179929418666,79.98202628831507,1030.9983190607916,21.25663245364921,526.9381971079426
38.80708057107621,34.43374815829529,1033.6050843363969,77.2178240021084,499.7816337731941
11.067203875343974,67.43505515218075,1012.3549279014478,63.68281114555397,536.612927736736
26.612729917110396,37.287689971129375,1003.0590222977951,91.21959965236928,513.8814119702013
13.6824125047631,29.446574090378967,1024.6554993451396,28.055002921763787,558.0672472736259
31.165451901777427,73.12133283928569,995.9605555890096,78.3753509739351,494.1121298940043
6.1040727680156435,72.23131925549905,1024.4514706939656,71.62044955472707,536.2330968851911
38.823020758063244,47.19637158472807,1026.8526768440101,33.9260980428777,501.7379282802901
18.69779211396193,63.63178783972347,995.6206775082226,70.06407755867426,520.6006045112292
10.205968070512094,55.638626297615446,1033.9587660958455,93.19360425189846,534.9830013115884
3.8663731458704937,71.91258625205619,1034.3480530674815,92.6592388900407,540.9279699596401
7.620558298414089,42.32807831252599,1032.152376569731,74.76639170645272,555.4699125105577
21.271183993684687,53.80198199994419,1012.3215664232819,14.326580128065409,531.7690881306228
14.143123880820166,51.69548041625028,1001.0733364024572,88.50379035881454,528.1325595031099
33.32645126942177,44.46482044412723,1016.1904176396861,69.2000746304086,507.82066797718863
17.80461342281043,74.03002855060048,1008.8970227312146,37.9390827864461,525.1275706665341
10.699856630917566,34.12328585643945,999.2676890122739,26.852532553512937,558.0971649436442
25.06865447755717,33.22297517363829,1009.0654384328031,20.45834766975854,534.8830250086905
28.564311458532387,56.73002444275133,1019.8750426054916,14.521320933198488,521.3590321693854
7.514634408137044,61.16218264917181,993.1910989853696,77.86929231556807,540.2268748262093
7.537149435244389,35.704058987851084,1005.0038100650708,31.22586990489478,564.1275328406997
2.430185650408176,46.48945932400433,990.8007700505772,12.182764243892956,567.6393275339282
29.71967858755998,77.06101136383091,1023.7272977457754,45.75435866577904,497.3612208842849
26.888376577250398,38.563958247987074,1018.8311070427516,53.434637253310505,524.7589536909857
19.510604154242742,61.759838616456676,992.8202460615885,25.23072078101142,530.4387295074237
33.922647509798686,65.70821665336749,1033.4131901820886,13.96435025462948,506.1844511876167
32.42113596505207,49.64707847058378,991.0179700707196,27.0212934788262,512.2914675065081
23.828820211473335,76.56392927177706,1016.548229091424,71.11924856529168,505.5867065931898
34.862579940017085,65.51612043703348,1024.9365357809575,17.401930952608577,503.32116495438964
9.027807191433961,50.18585189234938,1025.4553340870125,59.95333275012945,552.7167455446939
5.364865156511387,56.31343609768517,991.5428311016942,23.177078911735002,556.1223518898464
11.520234849162595,63.093739388380534,1030.7886809688198,27.612025622237745,544.5720317646446
3.226387387483279,57.570459923607004,1031.3303252367205,45.377009494002884,555.7249443191835
21.715611592040247,73.32836711043417,1015.2625667919468,19.07428024483582,523.3392625293
37.527621999503495,44.628876425422064,1011.6937439499216,25.588315250399155,504.76787080218634
2.534398086071876,41.49371570306927,992.019035837817,41.40571703062187,565.9064357932186
5.762286646391045,36.76113892223954,1015.2879364129441,39.670210494853016,564.2119879428348
18.635762103053978,27.078063243552734,1008.4220586796604,77.43443371081587,537.3803302875455
37.42112568358829,27.365768040903042,1024.7762883333896,16.730407461378192,517.8551781104296
13.33008809409327,72.85303562101055,1008.174760509874,87.44056620997091,522.8269817500012
20.782157538847304,62.311623052324904,1020.7611374996119,83.46089536655094,519.1723976998339
2.621341502965292,61.32928284900674,994.5633665806889,78.93924757227445,551.3258547271582
6.785384837521466,58.805355041418736,995.9828521844685,37.843512621681924,551.7146426707458
39.478574795395026,71.70705295817577,996.2869585792121,84.05936069867087,478.4449744343298
38.63962916100578,51.41468091160951,992.0486474909885,26.45218722603527,500.3640492997701
1.1926592564419751,72.87259557070652,1014.3597986671411,21.196828526952544,559.6027579182465
38.12065963150632,44.769476440023155,1025.7285476719637,14.046070014053862,511.67200107824954
25.925677574804514,75.96891273864998,1017.468504166215,94.53793267050183,495.57163861669744
34.84881348628086,63.42613390446821,1015.8729698498785,37.72098079347463,498.2332451962548
18.734854369720505,39.1447424813435,1020.6280767781232,92.58560921601153,528.6087736747292
21.10824511459076,56.02467069287438,1005.2840395382407,34.53522053673967,527.0114074604967
20.065016630019887,54.316680881854055,1006.2879332241703,91.68093634027146,520.3890363955684
27.007706044298068,32.58443519516837,1004.1421544199416,91.35361475614795,515.0071971090704
6.4463989354962035,57.51835981628378,1022.0449019784108,93.13084405096416,544.2212217892355
2.1689700050344403,42.31320930443269,997.2738151051849,54.65380953557744,562.5617471053162
13.009267722056446,27.879182174528133,990.5861376140816,87.93516581190028,543.4211795056885
28.482549746729223,77.17608867386107,1016.8288401025121,95.56893065505882,493.11329532506403
8.872284632794987,60.28197029853583,1032.4071614130391,39.21552477074616,552.6490099769788
27.263864899671773,73.23054125289659,1017.4233562648337,47.69869651142996,505.0876747738316
38.82656979818355,62.18308027572892,1025.2314743823404,74.73161686021696,486.437271504609
4.662127915787317,44.63410306770621,1020.2755819259713,37.03238395509708,561.7557491681133
27.231482610779924,53.19784397808463,1012.3846494085358,77.8428378021393,508.6104112592901
18.306258552878276,62.16607181909474,1022.3276580802731,16.650293069218055,532.6937230196065
34.85754792072271,77.81387788607907,1027.0846855734849,57.1148545859688,490.12454261574743
7.908841788448051,38.951820251693306,1000.1129239877264,21.00821356753707,562.9484418791895
28.012412136820416,73.12373822432647,1005.1258716217416,36.39911287930088,507.62265232132154
33.686496296276296,75.82427929118481,1000.0676579626478,33.276285323782474,493.2963763308059
37.839954559486905,61.87285330624261,1010.3477830015698,85.50388662063995,485.9015422729213
27.646673103296187,76.21966450707359,1029.8279047912501,27.41655298655777,509.8518361988395
20.389815796328666,46.88332231125527,1005.5343195375899,82.7603128143207,523.7425348073729
25.09604236784734,77.41588968222436,1006.8510100108749,81.45643113171298,498.03014801649215
34.88729439467001,63.653058244128616,1028.716525560237,54.89947500015069,497.5746055221595
23.253780118914356,27.310317208034654,1013.1918448835104,31.045893003651667,539.9679563093799
2.1850953281766374,74.8780057500479,1014.0952049841345,30.420670596060045,554.156668802544
37.30699912477213,51.64600449682559,1028.7360541499495,51.8432182404263,500.3294626084614
27.891543290230885,50.3179841627808,1012.0737031661463,10.792810665416468,525.0742294978642
27.384022045312612,56.15566332887988,1020.6700890583228,57.82156791502295,510.93757735890955
9.41133094351097,33.216150072417534,993.8540099643327,95.75015731903498,546.2535066252411
26.696533339073632,50.80413267120693,998.0384270907099,23.923619367633684,522.5948276927367
16.36071182051218,70.71199691947601,1008.1969290322311,61.60110593280431,523.1574023382523
26.39808610461819,25.851535252563345,1012.2677580518944,96.56008197800111,523.3912839091184
5.157128182011638,40.010443817840425,1033.4580165556304,87.44699255424402,556.7487075015582
26.655966879518406,25.135002254411432,1033.6793234871504,86.53421047432062,521.6030034612648
39.977135305055995,47.86412200324166,1028.3038689365442,83.96649373565701,491.8250414341968
2.880269515561685,65.0573530771554,1004.2019475878509,37.812124545056705,554.9104017294743
39.10979318463137,68.93245060130457,1033.3812730874597,90.1555148140131,476.90374964670406
16.86941046819195,76.98543686198536,1021.0203389104296,94.7206316109854,513.795670574534
34.95938456315311,58.46775371339326,1007.682305751783,54.62131809691355,495.14646912819416
31.513033878272665,39.00447766590925,1021.5753712643145,41.91139425335129,519.0558210331042
23.113634178480044,75.82813720251843,990.7435228403937,47.28061140452705,510.0279379203183
29.799519160801733,67.64236646342069,996.5769607023396,40.0785797648139,502.3341716665142
35.26210689075257,56.59356656517295,1027.3358570200367,29.117659782208605,506.76317417354653
16.761472544390287,63.26021186454148,1019.0508136592927,65.66036232276005,527.8893037211965
13.754293300966308,75.8373995254086,1006.3887615581348,60.63371976207906,525.3641750249033
27.036142036979804,64.18167156601069,1012.5299988100223,51.6326563935348,507.6793822736536
32.50599173570909,45.26059791716037,1030.7313967340594,18.62608480163486,516.5218910431493
30.729120256288013,64.21655112590031,1018.4210149265589,81.72036682353998,496.3624202842673
32.11473230548674,27.215298950446332,1007.9167177770448,25.744020647571027,525.7216944296197
17.98774927770439,46.252855900681965,995.414699582889,20.310583905644332,536.6131819556626
32.89553443082585,47.34776675150686,1003.2186060731502,66.07642559346527,504.12626050425587
5.688153159453729,34.17610289314591,1034.0253104758463,45.877992511395085,566.3996366301717
22.235074820473134,26.26970143034736,1009.68133782833,15.382762781709651,546.8046738700166
1.2245877594267411,32.335968015075856,1011.2327758730187,42.00115194649524,574.8162783388474
13.65884736611054,61.00418226883803,1012.4369114578657,79.46023170564665,531.3340489815265
15.291999859984518,69.12588490000282,1029.7846810326696,65.37242846953879,526.7647202039257
16.450734972760962,79.35119209998358,1017.1767727973389,42.650742068829715,521.438613489996
28.123221060904626,44.049992670967185,1021.2154666403364,27.26243124711293,523.3713142177462
16.153765949543484,57.9658572243606,1007.5236094147097,66.86160587242959,530.8746572174794
18.499051282278696,76.5429731748317,991.3089428365039,89.87997708517197,511.13490123340216
10.264221104098771,34.18729797359839,1031.893781140928,68.16454462143224,553.126047073398
15.556819873544264,64.47050724885085,1032.7107456412382,83.16134691852018,524.6797881743175
9.863515463262907,66.52383032320398,1032.7118874006624,56.93750546989339,538.754086400798
3.854641026969302,29.89365447281361,1032.4659188991022,74.6173996066926,566.1646776781671
24.534495141873737,72.36871618506858,1026.6858873481303,90.66040964005171,504.4631598023343
27.060299143645633,69.72077759109641,1020.8068222552347,79.58610804327895,505.5409163887088
25.160123494374965,26.837165361758895,1028.0029463220278,91.88685580583311,525.9627800155195
19.07626770822232,30.00964281840283,1017.0245807550466,48.80256419044539,543.8273739410282
15.811645426989962,27.701979164051878,996.0466326251411,91.3798229614351,537.4558113438109
34.67001233330119,43.41089424896492,1007.604817426864,65.94105110335369,503.54420420744935
21.244189620312504,53.010894487395944,1033.7082710387822,88.30438894735244,521.245117665221
19.68809322755951,54.279125037504585,1005.8012016118046,13.543887739405186,535.0121512292513
2.0000405664509917,39.721671787319345,1029.0522561179116,69.20671437221824,565.5593362303363
14.308665277420097,75.13782876081507,994.1945161848691,86.31775709901088,519.0838252541613
15.827629132648426,45.254453442955224,1005.0382729068962,25.678183027887975,545.2133051510558
16.55408845497912,27.505258578094388,1005.7928996127321,69.56082401184308,545.4553727377225
23.626722399865958,41.512491134776255,992.3221144399041,84.24592427949683,514.5675851176647
21.81049932234826,54.21101823992855,995.3592448584039,35.91544326693733,528.2159029605391
24.70829861894434,47.45220024235276,998.6924345004797,46.47216951157528,518.9521556798207
30.830447200143002,40.061338550459254,1027.701701586455,61.25659466492974,515.610902632246
32.70644380992765,32.22277873703746,992.8530895472912,56.72509199961059,517.6685602665954
29.00679997283328,70.05404750529263,1003.4415405604974,13.527045373342208,510.3144007007835
38.26542414224245,79.78798831683055,990.457875116517,18.88048882768721,486.8579704104919
1.7110707243781036,43.12481734381352,1021.3032485431361,19.04199213739252,573.0590710232068
8.635341441658298,45.98915742971322,1017.9136390519521,33.604111494925746,557.8668729908983
1.2949521241475428,58.99206385723264,1019.0242017923914,32.127770152220435,564.3743375019926
26.251513852029518,64.51428111045477,1006.8472253121579,76.80001454081196,504.46275964461466
36.02319140904949,46.561624414197524,999.3720519570406,61.546994741453005,499.276543393656
10.495809566475671,74.77112343399983,1022.4144095978716,78.75784761807171,527.9749794919622
37.15434724705596,55.80021940759051,1026.5003042733313,16.29064516697831,504.3760838029769
3.3504282212928733,49.771454202326204,996.2370674144191,53.66928137244406,557.1346081936292
37.443005045415056,60.567001423794785,1011.907324257184,39.139802133874255,495.9549441084805
14.713284802345742,77.40421165370452,1001.1922056890488,86.49453796801717,516.214466709943
4.955412309519444,68.7003761931938,997.564808754276,73.7010241218913,541.317482417145
19.9489986082667,27.20072217943184,1023.044639107275,88.23326237441167,535.1667984016256
11.01428614109981,43.27704509069778,1014.2143620962777,14.178441016545406,557.2783458029033
12.11004317651499,50.879957672317246,999.72833995704,74.87411406099405,538.3085220610313
12.984308632125176,42.29846647150079,1003.9500005045195,58.60075169436202,543.8055256074418
32.318010015473874,63.51031584567511,1033.4994152097483,84.25000261140092,494.9989777301407
22.027289790334926,70.44480324244196,1028.190580411885,55.64445318332389,516.982790705999
13.141000267084141,65.22398023518994,1029.5976034292908,58.61881701117181,534.6124906911568
24.803017549125816,79.41333077555514,1010.7005443686319,14.659064284785861,515.8354358879163
28.92987629470455,39.9901206341166,1018.0713268764393,70.167057853237,518.0063664712908
11.632336028607817,73.12442222634317,1006.9545483091986,34.5825888044545,533.5343602344893
17.12841495948871,67.16424658459674,993.4970389060001,11.772452996093843,533.8162521688387
5.753557640140954,44.919831665698034,1008.0481189795552,15.979344625542705,566.4281117099241
8.064824631852533,65.37684990113328,1016.7291338943215,96.15570480694231,532.5450005484144
27.56359630463433,30.724177603003582,1002.9214921845659,41.14695606218623,528.2451414940012
8.07609556012945,68.41334152873037,1028.1577758627336,88.12680657590431,538.2386833340269
21.481371963015345,54.278183142290644,996.7995071628569,96.37095106623303,512.7009061227091
28.652804207174874,41.075959499008924,1006.5208090246614,94.89404699535905,509.08756093473295
5.16820000069501,61.06775159812991,995.6206757395892,89.35527166294781,542.2270173126938
23.125176565527237,60.2890999292925,1008.2174460293352,90.53595212151708,512.0856025162333
11.005948564353186,36.52174224957798,991.7847587238422,36.010723990685634,551.9278737127271
38.55414813426561,26.67185781463394,1002.2647227777741,23.632290123432245,515.0806320997273
19.858280222077063,48.84924227959206,1008.0330864801158,67.53363058791314,523.068360730763
32.433709441231166,56.32315281394317,1011.5174413474512,53.929503268194146,506.47108117776963
22.45883514409421,73.21329031038292,1014.4663361313814,18.887204682565393,521.7371791976439
2.6930887813379476,76.05192376061768,1002.3746008405463,70.97871844201697,541.9246516866485
25.692903648166872,54.08428699862215,1013.5368600576693,60.6574006736296,517.6616474904437
38.104730346059625,66.45919160726997,1012.9052079702927,87.67606607293952,479.8415990686948
24.462860985706918,49.16167997803983,1004.2280122894293,64.82654161195588,519.0733752520472
32.94836551764482,66.03451861150911,1027.3590148795415,61.65515617495783,498.5575627630646
35.48405207058791,36.26408387165418,1014.5538506967105,49.66765509993651,509.99078801471643
9.895111106008367,45.40856041419423,1004.9521373435945,51.650836289998324,547.9701311642169
9.269748756420839,59.88253993474881,1032.630233043635,95.89431042812045,536.4651891450923
24.828258565188676,25.998688108389334,1028.0300585882023,22.460140846021538,540.8742579503833
17.030110322461482,64.73537206864248,1034.216451519831,50.15969367239684,528.9143343168188
33.754590811802096,70.95445256974918,1021.150524359044,69.02445105341585,492.6175780676561
36.10090181252244,46.952791360167325,1007.0200307477721,48.97095810313596,501.2215405750728
14.783433792806006,49.636832944744036,1002.6387300005556,35.489406433668194,543.7373944660535
10.2379518000048,71.8205216719092,1019.8493029653516,35.86216336865694,543.5992934479824
31.44049509451061,67.66100494293184,1034.1367462122887,31.029044163194417,506.1895437976904
11.717435386377307,40.848221896835625,1018.2021786046732,40.95128805247807,553.954983128015
33.08195842203346,42.81868586088464,1029.6726723445427,88.45072980252102,503.8956441006943
17.52579189230175,62.33830278148282,1004.8096543971496,55.470209529069564,524.7984843435338
27.03444607236735,55.97589508464887,1008.3129202113415,31.62148552700366,517.0056089620374
4.725877239552059,33.92262641030733,1030.7823857815208,44.60740453238792,568.8600049168396
25.33051366238635,42.04614500760415,1024.0590015881019,19.524737087071124,528.3090403164443
18.618939470751936,74.49908022832597,1034.1634644165558,91.36321657648642,515.6313854877328
23.87773006384349,62.849594019724485,1024.8643894379509,46.73780488822888,518.9062085392414
7.552554102049673,79.22858747270357,1010.1832068248204,98.23520841337681,530.1634757947038
29.738076052823104,67.18568914894232,1013.8980608920064,41.27848959362673,507.22900180846534
34.64908602418591,76.80859376789746,1030.5231971608412,85.2720442504409,485.4651557728403
9.45285220354025,36.89037156287615,1014.8241031244122,33.07467819623079,558.6954850546857
4.7328676652863075,67.43166811493091,1001.4928818374001,16.8537604039842,557.5892636913684
1.9219048558071194,26.11196360812886,1009.6028915746477,12.856002550642064,586.2134234764911
26.036888517287373,61.891801194134366,1013.2342194982103,64.55515839803053,509.92179153191086
24.67666740746245,50.81052529661328,994.3523925098008,38.041630450623046,524.0882361265216
22.32119909584873,44.07180395560378,1023.46932034138,49.91678924282455,528.7360145173129
10.045936748523042,72.4322393761199,994.9209270009737,83.67823320407157,527.2822683165034
16.24533384031507,71.98472309616419,1008.2212971015963,32.32972771253219,528.349731804007
24.184577072260748,26.226593769425396,1026.2080098693182,37.77872290614219,539.788886166134
20.373907495507606,58.522781734718706,1011.0406662725984,86.08025665528005,515.8037643482526
39.5236352883806,45.2307723376526,1027.8906983873328,54.348604600915365,501.26134768464726
6.3211503497125925,47.8613550825247,1005.3846594925252,84.48986503472389,550.2074892863088
28.11063760785616,70.76224065703268,1033.0936332299295,43.70284031196847,509.9115576487996
16.768431956067392,42.041187434022305,999.4260794312356,45.853298274439766,538.9805477182979
17.699784982098976,76.8676845850691,991.7218865245186,25.042452560043063,525.529218059844
28.986312860668875,34.879860450467746,1029.2591944345688,92.47112682354697,508.9816749817035
28.005009901650418,61.44973328524978,1023.8491222177684,90.71053246113486,503.9907239909392
39.658983754385346,61.96577868575706,1000.4392726680318,98.57953131082962,478.2792050391906
6.0073772887108845,38.8707338785355,1034.3133723211504,46.22024144527404,560.1662117536772
5.060276325982487,42.86128349319611,1012.6026058170837,83.67534475827779,554.7985584621506
29.249213868020906,70.91391709189672,1032.7979448064873,47.34583585049067,506.8868672539168
23.557089763249955,66.89928902252238,1012.726294712415,50.886891002887545,511.53537969588444
11.692265995832429,43.100273417311776,1011.2343564047081,84.6999454235342,539.2136882193055
4.097355390570478,54.36761008142136,1010.2112341715009,25.963009379775976,565.3982551011592
4.340671734260791,28.39241629392025,1005.0693874259828,29.827984101557707,572.1592175614522
35.87344411190061,36.481023531924606,1014.0165673729448,38.32554163562335,512.8750893617831
8.482825664030972,51.72013073732195,1010.3649597876855,80.93611292500518,545.9737256784302
13.61149092250531,29.728555440356637,991.6536094480599,43.53863944312745,551.8805453034831
9.839599686852532,71.38327951905656,1001.7195855040576,42.23513874526854,540.3564943078677
14.844855927445556,64.49034155592062,999.5905260047501,99.89347107297176,516.7886702221889
3.7075298670976413,76.8998518856672,1029.034602104448,44.54255287895315,548.4104111076836
21.243331845422546,63.1406798280215,1016.9491489752079,32.299348268402824,519.265510553721
3.636889980096381,76.72207547442021,1024.3657395202376,66.0892310380849,540.8191007138888
32.2139038050721,55.49819056300308,1033.0571716987176,82.16919567595008,500.0457269100806
10.114771194506888,58.01202360840831,1018.9817672636884,16.264705035084333,550.1018668870431
22.060464669575914,78.73340800444436,1034.2174496132136,65.70030080246275,511.28896497165493
35.32308441489687,60.31710307753432,1004.0293823243459,13.216191029220228,503.978295517803
26.384217392840572,26.693261287341063,998.3820232040803,57.36991158815661,527.7934829119556
21.785353675502076,64.80915271467879,1008.148944959681,33.129240738202824,522.9202526723457
13.649016371499648,74.80077806755787,1011.1859736721113,37.59775279058671,532.2962737558214
13.987074609269719,68.75691373868796,1030.2912694283664,52.038636758414434,531.1481190703005
27.109991252729415,57.110829994398244,1015.1973197566505,93.43967146710283,504.0288137914048
39.771435087625534,61.921693220143396,1003.1481449738108,73.96005759290888,482.8996170924121
26.811728404125766,79.46054840884194,1023.4185427290384,94.31610366560467,495.4445623065897
22.75355327743097,29.986414868013608,1012.7624371712582,69.39739041028099,529.2833075710945
29.495369899330598,61.69846557482818,997.2959375373827,10.63969723790737,515.8238744619737
19.143018879065007,40.58687320138266,1015.9568904416063,33.902667761290985,541.5138862639957
3.3455513614306236,60.20497181223935,1031.0127541563277,91.51953199483366,546.953457289245
22.929575819238483,58.419296673616635,1027.9180177864118,67.91009688709703,518.3101655639508
38.34738609570983,33.44012576594891,1016.4064487685899,98.34825129132474,500.2447160649361
7.836814751948726,36.371065515713155,1006.9687428248245,24.036761729646607,563.9188767008575
27.910190742005963,59.18962679237674,993.9140437978895,36.70730497958675,513.0081585624725
8.836413857703203,32.05264710170758,1011.1342015499231,42.613089356533266,559.4410626867038
21.89727969445017,39.58494813216775,1023.843574688831,39.39020363505795,534.6725150087207
4.770381536222065,70.93850512559013,1006.2123173879854,32.67923771348926,553.0520968396727
18.56446651406922,42.99003283009012,1000.5951071498249,49.91191441811001,535.392660545576
30.490369826914595,51.84330859483146,1031.912087367193,67.80683110324341,508.6836660924629
14.555289445320302,76.7627184330212,1026.9700065206096,38.013123059802645,530.5287779938863
26.931557255001504,37.493199886032045,1018.7224028739065,17.172993098283012,536.3050042425457
32.022548470799435,46.429430954690574,996.1552504764234,73.7679274203847,504.08625184507684
37.15993495969865,58.35517765489501,996.5208978182778,51.31149002031418,491.6641666244327
10.151041192362689,66.54364112271847,994.64488161551,60.08340754810569,534.5934101410874
16.573320716563018,74.59093626919878,1017.7333500101735,50.98605914475236,526.0101897524303
6.94422451988628,75.35101431654334,995.2003258413001,90.13217531094192,528.461523974581
39.706856584176634,67.71520409049427,1027.9182239488184,60.287049744974205,486.3056345120504
37.15303774904752,37.558196012632074,1034.6834250818695,93.09491558665748,497.74715838095506
22.058328080941823,26.364513152341118,1006.48566831189,55.95178074004002,532.8534244484111
33.83929848068043,46.107566169559306,1010.4151431135194,36.33293460162537,507.85026260719525
21.317361113609646,32.78518680433028,1022.0250229643556,41.98983284585769,539.0957599399588
25.319841832107628,64.0713206091064,1032.1718852846595,56.9916364226307,516.9978204285786
4.475852852524648,61.362182275414426,1030.2342198100373,57.699049402450775,554.5726446521553
30.45554639937551,27.418440289180015,992.5916322937431,71.86039313940539,515.7705004856858
5.980825861774158,71.01265785220231,997.6082311150544,30.20453849679677,549.3924740744877
33.21663757984861,38.68087964601502,1023.9568739351007,69.29586099689516,508.692568068918
31.49909541914505,48.772489152007324,1021.0001898614602,80.0729207542677,502.0677953353359
28.641043211976083,61.73635545006583,995.9948367318055,70.8932790520291,503.0409476274503
2.4102548404657225,48.61803327687393,1012.5929061900705,53.364529883583174,558.9270413010016
12.822005881867815,49.270829153996885,1025.1366583988383,99.25125860051506,536.5312055703905
11.261390226522872,28.60953974346572,999.8451307018212,46.43318432162946,557.7343641043959
15.045319891389244,47.07939520930021,1029.20794360806,19.593155312184628,546.6209500101578
4.418067123789703,67.06663412709909,992.3837298669166,83.93537938666087,541.2566542366399
37.54135509821145,75.33469854526288,1025.1987788280633,29.09810969923764,491.7305659619296
22.598287387782676,47.742342538485445,1017.7118504905442,74.19570156121979,524.1278829330934
12.915448115662919,48.29722047834934,1004.1839705994457,26.10786544436133,545.3102706157367
16.482279165897054,63.64449084780087,1022.441964675386,11.518965177214543,539.649030556717
18.44089907968859,76.85246006079021,1025.2064607818022,24.38187434101231,523.3908843341322
24.423179001064074,39.68835171316481,1032.0254537086787,43.92898269182397,532.165228249351
21.111497680163414,49.207931359586524,1006.5498602469419,19.595642241681844,536.2565908749367
36.85628695536228,68.77852839537655,1020.870753119098,27.791117581211385,494.4590882910474
20.38157583332738,58.53314631557212,1017.1177324620611,78.81636499159536,522.4333483231948
39.69416257810919,31.08224891801751,1013.6342731255689,79.28952471794176,495.36683934332575
34.205573352058735,59.525300455924615,1030.0687413369767,83.57394044718791,497.1585706730132
9.131910059936097,35.271045652852976,990.1425291362281,85.70397128928333,550.67741019778
37.293213371112735,53.06187637431223,1002.6950222746619,47.839230515237986,497.7345642575626
5.538289517533568,54.10067972132411,1014.2224757795174,88.07946946241756,546.396041131187
32.88053863115647,73.19118492237416,998.0231967736448,57.33431875126388,493.1797335700428
15.844308445586623,50.437185070684095,1030.8539940179742,52.353740524240735,537.6687868220891
35.24099849735771,40.369333222974184,1019.1417802925857,74.66826960961983,508.61131355892906
34.85421091419057,37.70314915188173,1011.5047347584396,29.24365702239165,512.5395252690132
32.431090604587226,73.08385321763848,1026.6615791579995,81.05476391447247,494.1721177751439
31.811187015975392,34.40559699300256,1010.2898786159296,48.65192439095829,515.353213023296
12.88248642482359,48.42277084857291,1015.1393855368505,21.456587260338438,553.0163766716557
4.155852038998835,35.294521320982085,990.1237947999265,20.73807221652708,573.7616278695086
16.716226971841294,67.53172220629065,1006.4565238587783,24.84160694620301,532.5942429662163
7.767456084473838,51.090495198604046,996.2455712557936,90.15154608194041,542.6408938949706
28.103092467196007,44.31290298062466,1021.0359906298031,99.18440400331427,507.61154228148314
14.497889334973635,44.86048023445568,1011.5562131539081,42.127641928115516,542.0523167904508
39.04879783353668,71.87178136976387,1003.5790900762604,36.29294669847678,487.47142209301404
25.99791101646795,55.457567486194094,1011.0524552717284,29.689387533490358,523.5587294020976
33.07674198174008,64.4827318122195,999.4333449578106,84.1434829450521,490.2387314552307
6.168462236932089,74.33711839378765,1031.6288984618764,28.828673417698848,553.5412223748647
34.61856480863228,74.59579218223531,992.4287684647911,93.16811169372427,479.7776498818189
36.98753043002238,43.067997988582476,1028.9437665883254,70.06153410741544,501.2292999505179
19.9954148339385,77.38481947305118,1013.0111454930008,90.74150125022751,508.932690794447
24.64386457228812,26.3681735108033,1017.8525923262467,59.860886895473165,532.0669701175386
30.827582235216823,45.72595585588911,1003.6172529408917,72.16118759642471,503.4892067908169
7.818706463156089,74.26893716298629,1033.5013927557445,65.75122905919369,537.7536070476998
20.600076982074256,40.10502838993406,1002.683293133377,84.80759106914172,526.5734369214144
16.54785808312021,40.01947976767251,1016.4995098713136,85.2274730067293,534.6166017603725
6.708585694327716,41.644225679503876,1034.7037517298209,63.08136998606126,559.2289394050335
15.333842469369726,58.67723616658072,1029.649247837255,66.9256884396795,534.1539243916175
3.658720066034249,49.108302658789455,1014.1348421378748,92.9688328448047,551.1997132742124
2.0066643710299923,64.97041599943384,1034.5668535335246,93.68798355684724,546.6970240297812
6.271485277038088,74.22008534105662,1021.5616437779677,69.78248055056635,542.8975875092535
38.56148935197778,62.08096562185734,999.3915187263814,10.697885035584719,494.63748656000126
22.43165189990566,36.245669610866656,1008.2518294696113,19.39700932785469,537.2553584092624
38.66706428497558,76.29750462982761,1005.0522000305198,87.21482785969745,473.612866555295
17.867417254875146,39.54710803411132,1005.4806168722035,17.624270473372135,546.5812177603193
13.160829190325124,33.244186243048695,1024.220539771194,29.216726276955974,558.9011670065797
20.73953265076952,29.94820033735285,1016.2918317272757,30.749201219948663,542.8266972376543
18.140955856683494,55.986105736639104,991.7141720215288,64.02112928019145,526.1799714564346
5.120922686208012,31.25693543643585,1029.4851817642939,61.89695180953878,566.5805429031076
25.992226272918042,32.63267362619469,1003.3558263216074,36.04757710783603,533.6317313034215
9.425489117874385,41.50167643275232,1034.8683694610916,28.685022901159854,556.4859668529007
25.163930241015354,40.49091553264551,1032.9385828650654,78.80788268717282,523.4801933471756
26.35784260352798,58.233173068267824,1032.3238822506885,94.19105400453786,508.586523699556
6.928969272017277,69.92099037099749,1026.5007421828789,14.752511192479483,551.5252530541705
3.392635457316058,66.87423109115909,999.9275999257594,21.986241643437655,556.7041057665806
31.449701856669154,39.43664500940622,1013.9684734812952,67.79475898351367,512.9917676563791
18.932216527003487,38.492077389228896,1000.0936182071239,82.39973065042831,531.3717126723716
3.268388024713556,78.11853415588322,1001.6853955015027,81.20698018987596,543.3017792015817
39.79978636962092,25.452993287557806,1017.4928296246325,74.77148377744203,502.6838372734656
3.2534418788582986,73.38462931831187,991.8375095408878,89.86851590482827,538.7153480986029
28.106373925483574,35.98506855173227,1033.6256355069318,29.561399161373156,528.5036788053425
39.36347808527313,77.10063776993724,1031.3402927660084,19.656185184275245,490.9041704755773
10.328024064421099,43.826900665513584,1007.1345407470974,65.38266730822315,547.0689104413784
6.547725378800651,49.21934756412888,1013.1940101603111,84.00483023710892,548.1492737948332
5.734012637474727,63.891633766940956,1010.9753738670491,62.38392206325159,546.3893730631422
12.827730755136226,57.321797831029315,1029.6989900377862,96.66977387130156,531.6159128157783
4.940786629415221,42.486663133875254,1020.987084434225,81.60080152526105,554.4244550341805
27.994292326071143,55.460700372730294,1002.515006134096,73.07126208183348,508.35338490014357
3.429380127072445,65.18887863995874,1010.1078564509384,15.423156178456024,558.5887357306597
20.8674629978418,27.328422024637064,1009.3034689059044,19.69680148585139,546.9927011906271
39.8711773002661,25.615961789063725,1033.1700825727764,80.63538693320749,502.83536609348135
32.74484051073473,50.19368164900902,997.8889909731588,27.84141330193264,509.4099129404443
24.993558091009426,32.25101397919328,994.0309351782493,12.59516584710915,538.8998096050597
12.943891210677855,61.53893603055929,1029.627847447276,91.96846171722684,530.2959950356884
25.3319376153739,36.77288509250888,1030.3508695277642,90.17248363311107,522.2623060013503
21.554617092554412,48.806810873761904,1029.2282589560475,29.663544450834266,532.3884349899748
17.61725197172449,35.87190152808479,1012.9939612031501,80.21856322656592,531.5576004995929
6.097704692867779,55.16659721620185,1019.6884992721257,14.318169509048957,559.4120506347858
35.5775643943782,31.38294026615129,1015.3513371402443,35.65522034409368,510.3981061894497
18.541601304031577,26.270876903311414,993.125152172448,66.13002174309624,539.1024643360745
8.590277961009837,27.812240095868347,1016.8125703605325,78.6861096542547,559.5127087565285
15.342614684214295,77.48421428334206,990.6126366265246,10.935926990937062,528.7046946470549
17.151060348628153,32.82574202360147,1004.6244334300688,39.35877519463696,541.0938209495597
33.2739779271081,63.96630392252594,1031.9531659142924,29.29110040573066,508.4612982622505
29.61096084189468,28.735941232255442,1003.6820371336113,99.89023651738512,511.77174675169744
31.002890852012253,30.94881937293502,1032.292198918991,70.38840091467115,517.8404497245378
1.4302193127172413,52.988193827513406,1001.256028071716,46.51043075917694,563.3315849169505
17.230005929010698,50.5679011584889,1004.155300820769,16.808734178261652,541.8021675249393
19.77242191377762,77.33691701919282,1018.2783373397349,63.88032317562674,516.2939759836759
1.7484987960992107,76.96594991614054,1024.2732137755183,67.75313238424579,549.0472800887447
11.132715141056334,67.87847533983557,1012.5624495602198,83.47653347528217,527.0905840719674
30.651303101763265,58.11560065700424,1029.695205923737,35.971916762742715,508.7162958478691
6.347278523430963,50.022817456615606,991.8108189724778,98.32852724320868,545.4212057033802
21.877095126651074,44.58981938806316,1031.4987677385466,49.551916538255455,530.0023342580167
9.392873008672263,77.08981508365554,998.8338509952933,36.63493791935443,535.7590268682935
1.4727102111118375,58.159984628357705,1029.7907435288096,41.360440060131204,560.4504306023459
10.406856846382118,56.8489890227297,1008.0388430768871,56.76274476704114,541.4846027407328
39.059076441492095,37.75456169729031,1027.4740675141968,94.30314080564145,494.00452801959153
32.259947363436595,27.56837998368122,1020.2249497411663,76.16429181274604,513.0626199901707
38.4234891285203,76.98537188677494,997.9173734615218,61.93986845174041,477.6426317913286
20.026307713128137,42.25543923645597,1031.312140644665,24.65293491818756,541.6628797633218
5.279711748422637,49.34239628284523,1001.0482825719807,23.44179798017845,559.6264508388023
22.370420069974024,31.305196897213875,1000.9863053412749,55.19772224322076,531.9271069969667
18.720716047838476,71.03083814501106,1026.638050348682,75.58378341414843,513.9617836998756
33.92992622684502,26.519750807076186,994.7642965007634,77.59109554795991,513.5008684136873
4.825220650585539,70.86949191545031,999.9916157866708,30.332294548863256,551.6962075990646
20.04140434384935,32.71567570333817,1012.6654908039478,19.008956156252793,544.0427800718924
6.851897923065386,73.76102619471337,1027.371466290898,44.60148903284105,542.8047575923317
13.662361148712339,65.13749505348866,996.636778863177,92.63552889196669,523.9973521079642
29.756926018124187,34.05686443790178,1014.6450705530556,59.083052740244405,519.0239302764869
19.564707045381894,56.119989607270746,1022.0058266311323,38.80897901485969,528.6103862357892
15.659643120685004,42.19609728953707,1028.7267851122178,39.12739015052095,540.6607217612714
16.384574864231375,34.80282044013709,1032.1004502090998,21.887834069996646,550.8866814161922
18.91842396783348,72.25502096761096,1025.308796151102,52.59013624955422,518.7054296774945
31.61564520964522,47.19375215789762,1019.3772779199901,81.22264106633546,505.5309220158688
35.79130286866914,46.91990429009604,1009.5129038390745,97.17028223746071,493.9890997610841
38.258052773653205,34.3437671143641,995.0449569384789,55.143549996217786,500.4929817481626
31.68923206395651,46.06861218471783,1021.9381736636485,25.04934242584196,516.0398565384049
13.300868934172497,72.93892654808676,1034.6731787013969,71.4655359822578,532.2892667020903
27.837253537375144,44.97207907692997,1023.1542267629445,78.11122084707658,515.6503396536808
18.066521838160284,77.33819593748834,990.7519992181977,16.452977448079196,523.6912616133535
10.932154259795995,77.04698945646132,1012.3316990118827,86.5125216668106,530.3132118258346
33.79399159761098,32.96942626190403,1017.6590984617307,84.63901509962716,505.1303339956526
2.4986276095306748,34.75211894374547,1021.035339049628,52.52869486352061,568.0988163135977
36.168717693281515,72.44707386825391,1022.3876626020319,60.43802667542815,488.60290380166805
18.99762112036463,46.60185054085956,1015.1148798547435,74.20672573398272,526.111485420839
25.850857595522935,25.240569025565513,1000.0512149730408,70.90733125565734,530.2524453907042
26.714802966025527,40.06295008379541,1032.3990297664445,11.488238037388816,533.1904390658417
35.90959188755492,57.869594625755795,1021.3499910448647,21.01917734636372,502.7792032109374
25.830117604521085,68.95962812779824,1000.6578016591234,24.633150020312115,515.0606983126223
24.94340980564241,32.33637394012928,1004.5044824521623,78.0108300164889,524.0740693182934
3.5994295818669086,31.079775042920446,1031.4867451783666,49.6075206603142,570.5990074487014
21.21791285586296,75.71509594647824,1029.9368334018302,59.09523637481426,512.7078146177847
6.856591031864625,66.31316023024205,1008.2315897261141,79.54186932059358,536.5439172849572
29.759916980137938,57.43787804279432,991.7238249896153,40.68840421576817,513.1215140650489
20.976654911694304,67.30527344977605,992.1823816002272,77.40012045868957,509.62212873212695
27.52888338912578,48.586989871865114,1002.7763230913275,49.806934716660365,519.8666913681445
2.6252431234929863,66.71506610200197,1018.310499870255,43.946216899678596,553.2693176385696
4.306888625786326,45.449164520099465,1016.2887585900553,39.973353764926614,564.7372884546357
28.93661213444461,38.42520148709313,1018.5222504124774,96.84503339431446,512.1155819569997
3.811289103948261,65.09573817111328,1022.2777337369448,79.4776069638081,548.2548999088623
3.7790123828450852,48.08197606864976,990.8564514116732,11.817634669617643,567.3429364282781
1.4722305341606106,78.97574073794073,994.7288517827599,96.16739378663816,534.8783898458139
38.30355453367972,44.22168502694555,1006.1767553322246,79.78956667540061,492.24982953909773
29.762826018901272,75.69500812920862,996.9686998884712,23.425724300883,500.8550383116085
14.776804931580502,76.31294017118938,993.3894019145049,16.87043128701854,531.5887370933023
12.564887670218553,38.30191208856104,1018.8433978198799,37.737468429350805,549.9224035811956
14.638425960088133,68.90216498734074,1026.6901414870995,66.17633764114555,524.6714030445054
31.21148771606609,48.81909778295108,1023.8681995845427,65.48920202345207,508.2237981002822
26.793453831746163,75.46385999766915,1026.766790037413,34.82651126342984,505.3330717501028
8.22262714683125,49.75683499493813,1019.9635444826044,50.1107480791676,552.8125348601035
7.790264078029289,65.93670445355514,1023.0905394816391,29.070114014236193,546.9889445313308
4.837430338822495,50.683207504008884,1002.2300448393736,14.552081665006373,561.5824502928906
26.751806068352188,37.52904156420709,1034.6853616327874,56.52734206841908,520.684464098142
30.810533826647703,35.96425709195775,998.2424544522249,41.22920208268343,521.4375200223582
11.336810704675157,48.398715684099,999.6522243475222,58.8594189068137,540.6618917689686
1.8168534802055998,66.55220613578183,1003.0014824317132,95.18565902234064,543.9885746373463
4.204695031580666,58.27893168494217,1033.889959354796,22.9033280525789,558.516936240725
38.746541358956186,62.87461094452988,1034.4729865209258,10.17658164798598,498.5595667873477
12.52234632161939,40.527949290256835,1025.7702187367925,16.919039195391267,559.892659572606
30.99970276568721,51.478944027668305,1018.3075919351835,51.64374664914661,510.5580263421487
25.361879185316287,27.441739573312987,1013.4028158833077,73.62388268220911,525.7959907390419
15.89564594646294,69.96428287769663,1033.677938055908,62.26872429854701,527.2513978440888
9.02180322562665,79.4440689231931,1021.3030261286211,54.54051466363723,534.1398012990369
5.73407030821685,47.3783484443569,1032.5128557746714,41.85668179831711,560.6846072811796
24.9855057535158,25.603000922234884,1004.2447859764931,37.89767543783509,536.5572701307024
31.21071744487373,34.3385951753021,1005.0198656521304,43.865755759448206,517.7180504450855
26.112265888104098,60.888978276273036,1028.4626067353297,65.04714586081641,512.830246712496
21.681783196717173,58.66436250121225,996.7434714263383,25.09785602789826,526.7683759276537
2.636097713833814,68.33255957720492,1032.5667537583233,79.42258747491631,547.8086109127504
38.77106232618097,38.96362060285875,1012.8363459598534,61.772791608379926,498.1875018064141
32.14985347452841,66.99975535509238,1031.6886245362664,34.22407398502848,503.90406701171474
12.420059431337625,62.839121183801836,1005.1556754926615,55.10376665301553,537.1175171534245
39.21884284499517,42.754797374261386,1022.2181506862729,96.65008189166498,492.48531629212323
24.473381995816563,55.00184814313291,1011.7293804887711,11.844237623067462,524.9754901976904
23.71448367008261,33.100059467407974,1018.2061633610463,27.957037681110627,536.4711297912538
30.174853997751754,49.891047688957045,1012.6967621912619,50.35422159129502,510.4327271222308
32.65902173551537,73.46585367556025,1033.5202027817113,67.45957496018454,495.9408441838587
26.602665685928603,48.165525890396495,1021.1447429016263,29.100543965693667,523.3843982375944
5.995734108281801,71.17616885614821,1001.3093535881842,93.82635535385766,539.3871061002084
14.192432733785438,57.46393508928319,1030.9354614857289,67.8314811182178,535.6846982392681
37.19526197271594,35.55321922062962,1003.2313382169797,88.96887540607875,500.1652704877252
9.760008861910226,56.9608434583843,1006.7222294685386,39.63861372252867,544.6668408681107
15.51451392966302,52.82908310363849,994.5955664109096,84.60585408759665,528.2211634965307
17.850998434823644,46.92527343580112,1030.4984933908286,44.03972952095016,539.8798157310501
18.136794598083636,31.579674173383868,1002.8750410452539,32.747659521508446,543.2353043533376
24.904643717286493,47.91897651159764,1001.6512928069122,92.04898052474137,513.0081716524496
37.779957672043594,29.001930693179492,1031.4118169097728,18.29966281109691,519.0800780368908
10.387015761467694,30.43229782693132,1026.2487088082264,94.85999164507638,549.085195251853
5.738553675735805,47.87540931129938,996.3485514683719,51.2663685280845,553.4109751601009
8.701349104537556,41.795981508265506,1024.6196026756656,99.33629261372755,549.6402015134659
35.59007110816151,75.90493792242229,1031.0864894124206,58.56351883615259,487.0378576148171
26.186621693553036,45.66381929591488,993.5330048194835,78.17393548740728,514.0624659448772
12.150364780327244,66.68219671396551,1027.1346747707057,10.63639147042036,543.9578815447411
32.82193061977607,54.16361395014335,1014.6339023342875,54.700013796414865,502.488436905762
34.593429858174005,63.72471177532845,1020.1138852220461,76.37081244563038,494.09001056610765
34.01405920892084,39.306379065846954,1012.1784452507221,80.45443179626041,503.83739023351416
36.83813481194262,76.80477350610809,1021.4011388207375,24.224372434143824,493.3959829115336
10.837399786761102,54.154867330293314,991.5344037750039,47.707385534450076,538.5169185470434
30.446635221104852,70.72282392068874,1024.3218025450478,47.71647623074048,503.7297692139477
18.96104039369146,45.077513141186245,991.5004664036531,19.32767276491503,537.1746909845118
33.8379435627124,30.51162419777885,1010.4884931486305,49.874095692232,511.15221576232835
29.411136409302916,62.054140624646685,996.7934246908633,82.63836628264049,502.95403247306405
31.28145041348926,25.426780658558346,1027.0608424808088,37.01626638570883,527.4848569503686
26.59031166956179,51.14111371110296,1004.1147409129051,48.93170697044948,517.6465696617971
7.919722009318568,35.60410464665526,1010.434209507195,96.48628165559283,552.1874503789796
22.256049836980594,59.50565274394492,1009.293783358424,12.8537268302406,529.0400554540339
39.40211984145582,78.86809302258186,1024.7625884558117,63.23695911058201,477.8737767772662
37.558134593387635,50.54215984763553,1011.6514961908189,76.90924825998663,492.55764255420434
2.683775696083455,69.96240410891167,1025.5031250754655,78.47941906280606,545.6856979611952
7.427777813448047,52.928130282311656,993.3078724561204,74.43442223956399,543.6091318066875
6.137422164727915,52.27120171072133,998.6217285556348,75.38062991215928,545.0876787895421
29.313216489426523,76.17329212483278,1014.8190412340862,15.311139910574488,505.62919924630893
32.89362786442086,73.94812278106748,1032.6189746138712,58.072295722269956,497.2540178357792
9.326943286116204,68.21902558533858,993.3641031024802,80.46721644915304,533.0091071903455
20.72825502512133,41.29406643242312,991.9387897270589,18.465854413359665,536.536789723541
33.7874180924368,54.975462864816734,997.0447803717535,11.084493014818108,507.1264317064908
29.579260245883773,37.314347831812675,1018.851890798707,83.31056484396923,512.5124397949639
22.147251014182082,49.41541839255969,1007.9546812501611,74.10649488098403,518.0337085210776
24.023559927892144,51.63171861678848,1027.1498570737958,47.098577522299834,524.4902642231682
20.82606132973492,70.7402022093132,993.2369918166614,94.63567893167547,509.43049486113676
12.604389601434002,74.28156009287463,998.8386339066616,78.99382851863241,528.9903616780392
23.03585772150163,47.80410343180628,1003.5011882459203,97.10748474459197,513.3555088159393
27.86652677995354,25.973744479028046,1018.2028539009954,93.63837335927205,521.753595166716
35.0595937185715,72.3975611884145,1020.8327710635697,53.31642426813764,490.6995200736977
25.815362805190674,34.58532731757484,995.5891482283698,77.92380807792094,517.9569239190201
30.68373994468316,59.20350801397164,1032.4712119046283,70.2272249926875,502.1113940267979
7.242793763228347,26.373399523877215,1005.3469860835594,83.03006890832424,557.9864277437954
19.000741502371806,46.972856139331036,1022.0925943350128,80.89195620258928,526.4815181716622
1.3639331732566387,79.22781661634424,1013.5893473526464,23.79087730299041,553.3180797120456
10.620475716343298,30.53814806070917,1000.0241151096197,31.03619786276917,558.5284389571611
29.33200688940719,48.303123359980326,1028.0802745401934,33.91584194598106,517.5957493041022
39.68058810262517,41.89324726044737,1026.8207112686368,83.66487032953094,491.9522457406101
4.86794588390142,74.77984678635454,1007.823233426251,82.966753353627,533.178427162663
16.65827831859024,72.81370593490453,1016.4873413562235,54.58018122454979,524.5148505300215
32.20276777926722,38.073431816842586,1001.6021563171173,62.274903332672906,510.83888003319174
8.957389750527055,29.465328287773715,1021.0433232935835,84.42299376715599,552.7690781816206
22.648313022789164,59.49261167336146,1003.9062065679194,38.13342406099689,522.971435107668
29.589780545157318,43.50027915360404,1027.9835430472006,14.516089922472696,527.6772068262717
25.023432560146983,61.964641483333466,999.7823296924773,53.43367944512505,513.3141573959599
8.33296465000123,26.766586583729797,990.6661540268309,92.23454294638046,554.8975927098523
14.859998178743837,32.33695793476192,1002.0828618885563,81.14214348640657,545.5396456433087
31.567879594930492,62.75047280249539,998.5973618906769,42.995557279763716,508.12425443923286
22.614834051148648,36.68038604163738,1012.8728897876216,15.829422443455304,536.6980380041648
1.2039549281735966,72.16732216693208,999.166648124546,67.3227554844259,545.8352077485536
30.67863964109566,28.22249882405745,1024.3435441823772,85.1041716283468,515.191859333116
2.3771428426693237,36.851509053206605,1000.8616787101802,69.84537098091747,563.6699124339463
30.083617526518054,79.92081366667878,1021.8135680960695,48.25671982867177,501.59239846248784
8.89674184644426,48.819185642273595,1016.0311915356176,21.10182518611642,558.213508413784
38.36486572465583,63.663111494955395,1034.3812435412349,91.96968197236194,481.7492996484479
15.349689300781295,35.04646768713575,1034.9955439654154,34.836249317804466,550.1563151310577
13.750333037185085,58.54278042420457,1029.1286737492799,30.18583328436634,542.7697106230883
6.806633962965343,64.93583376031802,1024.199251618444,83.43789990486887,538.0341672110831
12.91856440411838,42.29621497265808,1007.3905386300258,98.30979448514714,536.7029084673129
35.18937971129982,70.58934115867328,1023.8974527209086,69.41442328702843,487.4944353728904
39.857039167462645,58.18796681597558,1033.050399168577,66.23294401220956,485.9203549378805
15.364071689767085,46.40176552882666,991.051990892795,38.748778229895635,538.6052610783671
18.49581460722716,55.67033163387372,1014.2061615088983,11.83721056166164,538.7475840383963
29.160766589906746,56.72184660897584,999.8099236974796,27.261807924043868,514.4865590405922
35.561635438137905,34.10444109816263,1015.1044342140983,62.59873929009147,508.1208390590369
24.128729033284582,47.15028034268314,1010.9901190391502,23.6184815634441,531.3516904810541
16.269502228935345,43.888682341072126,1015.9095861698528,89.54522262381944,534.2236353780286
17.092251793096327,47.04964974185194,1014.7932999638426,26.933021906759667,542.2106102006736
28.12910771337547,66.86108236668919,1033.2048167625853,56.98940077107114,507.9924301546752
1.1255122805668685,51.539612410667,1014.8483749020631,56.08119211919154,562.7319641664544
25.163984160933786,76.71738842815954,1028.080443965619,64.35510671166855,505.98786699059343
14.864227407212939,41.152202734713995,1004.3919129060381,39.469066274623515,540.8649818820835
31.973695919806286,47.8636968056711,1009.7145309955972,88.61807809587837,504.0343061115368
4.626634953102155,68.28262457634727,1011.1686064220164,49.98713823775626,549.4452234546802
23.93988841098723,55.031352632641266,1002.5427619500921,73.01382208629167,512.6113814299991
19.757942705558825,55.08654805334463,1007.090561766508,67.23197748700329,527.0107230211169
26.050695510303868,27.933708965285092,1016.9330885760049,20.544047480773294,535.5464332238308
3.5292901848357654,46.92298144951507,1016.108449348704,66.03754174323502,558.3735855234441
23.61936770969712,39.89035528319529,1018.6395905058066,59.56324101829863,529.538422519005
22.897898930421427,79.96343175571135,1005.8318061939063,90.87436569303154,501.6506522449493
22.865743682230665,41.959528884777065,1004.2124172818876,89.2788972836413,523.0981108848886
24.53601899726174,73.6473094136625,1017.5228047239374,23.585930867048173,515.342402398996
27.382249551828128,62.19285542722626,995.9787786792386,17.35166310279469,519.1254147630218
32.394570987550026,43.75040250556498,1001.3864194589463,36.51329972897819,511.09494717006135
11.52300808500036,54.8943908105768,991.8957481628847,98.79515710158779,533.8771780963011
33.17692699702242,71.22947339720565,993.2674883668236,11.941639876568507,497.0749971303267
20.43197160827469,73.58525639170016,1000.9522475667274,70.56030156155892,510.2126032509482
4.005272886238915,33.821663125337984,990.8788176133613,64.76623604568795,562.6102440712782
3.283486240515189,43.676522766449324,1001.0434766439357,68.19204524120352,557.9165111477147
14.03529442914637,43.43727491174644,1019.4739345377911,29.645730079366732,548.886582769764
31.610982107347233,27.31246378417696,992.7498185311019,30.404561121986493,522.7213717837208
28.599556454895716,57.90307679185431,1009.6531505007589,48.757787395644215,508.40121233995353
31.75598362222385,72.01510291457035,1031.0898954113798,18.62720263602607,503.9833678068996
21.173493201222765,45.98659133040348,1025.607817301643,16.715188811704618,538.5764046380375
18.167760920264133,65.70197697412974,1003.7446876032686,17.952350813748748,529.8983745503932
6.750648541545074,59.5235227480407,1031.6162465636241,61.568125417563195,551.6171385419706
13.79951739076315,45.660680452115045,1004.8340923536476,45.796767120810436,543.2706899709059
17.926755280781137,32.75828897207634,993.2631973351903,36.42551025915462,544.8314161764577
4.455416757505072,64.01281190267821,1034.7325180545652,38.4237441686175,556.6480501954991
9.603866155737238,72.00108429176822,1029.1510137235127,28.655497526416635,542.6941785265115
24.330786468485815,62.721997082082055,1010.9669752485491,47.03548017897414,512.5725297308398
29.690861455328402,25.983316621914994,1019.9869435886582,28.275226227997063,532.2783229179598
39.93555294432504,36.89280919150452,1020.2052635035502,72.82414380693993,495.16747954003546
37.39141992239875,28.821399168594255,998.7517003828707,21.153926138854253,513.1216132549439
26.06004278187247,56.371235476692476,999.0021884919134,95.34178761227618,505.4364816978863
17.42867407846881,66.60627233622267,1011.1311316508321,18.083704611455396,532.7195995972296
25.810917223621075,31.081855288776268,1031.0207913061963,94.91146428518884,524.0431249517538
31.64041310512905,71.10858013263619,990.4497198686357,84.9965474368366,489.55027695979237
5.615111446012105,55.55299381175158,1025.212753617721,71.26409085520423,550.1300515015151
16.98629069815524,62.948295667794866,992.5887052671594,92.10714900089353,520.8248815490506
33.75228913978907,78.42710167347553,1011.5199951697404,22.52969141656392,497.8796946890767
15.969485125388717,29.60245435362335,1018.7042774883064,25.868329676822377,551.6793205189934
23.303018577860275,74.56732126377841,1020.904167018711,32.69373328529342,514.0282652178171
23.92300507362573,31.93564827930751,992.631566862716,32.033037408930184,532.1799163819056
8.194573872211935,46.61273436501752,1008.8371627822786,37.97634438344441,555.1334077486722
15.127182224439247,71.82912829821129,1016.2726767226046,61.8067808445784,523.6303117999076
14.045940260935353,74.84398302058275,992.9720491787704,12.535535017459416,534.2669200287351
2.021671632750527,52.850442044983,996.079255046789,44.40453355359782,560.4043922129362
1.9434787917628547,57.67575510514838,1019.8642045276817,32.17466151033368,558.130310708333
33.43618470335517,63.948103402920644,1013.4737188465793,64.59668632474498,493.45650007967475
11.649761588939684,70.80172676489929,997.282289757073,98.6652397946382,517.8532462868703
21.205071883313803,31.68311432457164,1014.085770161163,56.588915096503534,535.3923013224763
12.65029736996215,69.55381195260752,1031.0711568049987,48.31167152065904,538.0453674248243
37.68649055949828,51.47018827813892,990.7014413148913,43.141919063060456,493.0896672618547
11.112573595765177,49.78428838094929,1018.9185198068635,80.64542969918719,538.2234157384103
17.756615696818468,48.3144863598349,993.3142695572404,16.478283848565425,539.589143017274
35.03647976889947,53.00663718853234,990.2902249334115,96.37934630141093,488.0566649970669
33.83540910488054,76.9777804367032,996.7794519897285,47.6126097389241,488.6254511099179
8.257955296004816,55.15120750356834,1009.0307984334264,38.23306532426017,551.8997317062441
32.303089082032706,77.42476460447266,1026.1054799541878,97.66613047597312,485.22958836118306
18.869288582777813,34.91595718386023,1002.6803473472052,94.22909769188799,527.0260673806168
19.835786011328853,64.82747883579482,1018.1552945574941,67.77407257891488,515.9671289215629
6.205718924221808,69.67317462348109,1008.5020487079888,11.66566373653612,556.9270062882792
4.143459036527862,62.3520857234174,1000.5449306384703,77.36814785859147,548.2032124737952
29.38963297197684,58.38072541245972,1013.1411201427286,40.20016600378011,510.2791100656047
20.36198494185669,56.064702959740025,1025.885902066768,44.9452207768835,529.0913376994158
18.037177401992004,72.35117654182828,1027.4621566525266,24.28679160796497,528.269287624966
29.450820917443473,70.1905628440475,1028.0933789344756,57.11122754784094,504.30124677203986
30.85500306065328,31.725879664932975,1005.2351015649741,77.00973365833896,512.0111893477515
7.197418539104789,71.67232113669829,1025.7055229122088,34.571000628376154,545.7784917938542
24.79878082962801,47.77377406922434,999.5480304799008,94.48596172390377,513.4437198556558
6.278809208829736,38.953325649769596,1023.2291295559297,27.526317040265887,568.9468483556542
30.30362835513278,72.83727124076592,1032.6772991822677,15.963610653499003,510.5926713172292
26.62125109441844,48.76136397985579,990.6184725610931,67.99274860149109,515.6321913311118
38.30797022225486,69.4600579597249,1009.8163769030459,86.4386858692042,479.3846904615201
3.689362637900426,39.48719865757145,1019.1496944786302,95.7819573376761,555.1281050885675
3.2251341248989185,25.21611267822198,1021.5799096719398,79.04539094648669,564.0588527358037
12.005295913034805,52.25025560966194,997.9239491221141,27.96850103554651,546.608430971491
11.206521665700333,30.512554115358633,1033.7482473857367,97.98950663233573,549.1070014188795
10.632173163807993,66.49067755387003,1017.6869415586938,92.74922884259584,530.2355871241064
36.34392864032043,40.18413248381757,997.3953270552721,24.68506804862027,507.73797864911813
10.732301794130738,49.40051056319133,990.9235130270632,60.2907244223792,545.5026147868857
11.60603931901661,29.786846080035485,1025.24688894554,59.9965683337881,556.004689967942
30.616532234300585,40.766258664598894,993.5867132750457,49.82813003165238,516.5258088681716
18.53985385557106,67.98196337922147,996.3472914481606,98.585319723372,510.6477883804706
31.291711721252067,33.33733515462757,1015.8673512085061,15.366001346219907,524.1033179229431
3.5492801450110245,60.59377586198266,1017.1577476552329,66.44880175992262,554.1467767080308
20.015276553261987,75.45842190424756,1020.9099203366579,28.47732604109291,522.5441239179403
2.310930407148023,62.391021786674614,1007.708130569863,57.45980842578636,552.7854575222681
3.4434749347588265,69.60619291107247,1024.825440103507,80.1766694608767,544.4468287325475
36.35106068043203,30.993439611715367,1033.846136982715,32.205412285169174,515.9927411583336
6.430569473586211,38.79025043011299,1002.1992724385948,45.40235918348337,562.1752087713219
21.764406608733466,74.1996368732325,1021.6362877442076,95.56912668523591,506.4530274008539
17.032728501427556,64.33080874899491,1031.781089357782,78.53326639482786,526.2282056401012
14.546389724094864,60.17546045075211,1020.8829043177669,61.545086606065205,534.442796935509
36.09350048180362,61.507170486693504,1020.6499274389917,29.979764902604508,498.59047557242303
1.8511124742440905,47.781030486755384,1000.0697656088342,48.27748937298248,561.3707022532957
26.887797760847974,27.450614738970927,1014.0808590143862,79.66551871449305,522.4511056356652
38.572382934328466,68.1442848138901,1015.3135279622061,83.84887702989785,478.58547039218024
22.846559155011835,62.32922799184446,1021.5058303105179,32.0145578328159,522.4309732779464
37.53607601929058,51.00424552619986,1034.8569652453282,69.58541893753173,499.52841997266626
3.038057292154927,74.48677884525415,991.5139720144693,18.55026929110599,552.666670123065
17.332939443892293,43.488781574180436,992.9354697570369,12.089107670541798,542.3991383233241
11.146153847519995,41.18769593271797,993.5077531243913,59.38065310897191,550.6492091023908
29.50201763424846,73.00379787936936,1023.434061052003,30.194186885238587,504.8378034073683
39.27058652939262,68.83432101174421,996.1359207799841,17.10208281179196,489.16519332325043
11.004672435325665,53.32388958565896,1018.0103343520656,75.6845481605707,542.6527399902901
26.512809457488903,32.19041067018175,1004.6100995052057,54.817712952818056,527.0018411205867
8.725807677629865,36.82893093057788,1010.579398029482,81.66493098626054,550.3439166156206
23.047879928292787,61.09253947248437,999.7048421917837,69.75498157125013,515.6508520977375
19.09336698084511,46.17726808122264,1028.9747952587045,75.6824445923941,530.9054960037174
38.908207855629946,71.00602554162842,1016.3767645873362,37.66245231663098,486.19501425298165
24.732563635162197,77.24752551327123,1032.5053468612014,33.694824311491274,508.57402310986555
14.630748511385933,69.3100308901205,1015.8568312366948,64.07874028857351,526.6448819969853
5.449735610629402,45.76499826475565,995.5758613768626,28.007392635827593,563.4339340508064
6.898626320662448,68.37775360772832,997.6891695227314,83.3870904068819,535.628154513147
9.787360268098169,44.329292040887594,1034.5083289365532,57.06281520768147,553.176569745797
10.787699792271622,34.19050482710986,1022.6504338798891,30.42909391129849,560.0350834629755
34.17402625580437,26.836626267622158,992.217543751309,66.26514090969177,507.6501652097047
22.887688743018472,46.2144192018561,1021.67014522656,95.0532161575256,518.038530565377
21.412245543600292,74.69576170335051,1008.5477871064326,17.38852539316967,522.2049094627467
5.475986002899481,38.144262326562206,1003.8243774070436,19.841068658215264,565.9110255295525
34.54544804062796,36.35822407113812,996.932735717874,85.9455232177006,501.41817410549197
29.189757825130865,78.34014318825722,1027.7956779550454,19.86343971101862,507.8787383581309
3.6390661141000615,26.375226206782568,992.8728620545095,13.543783241768903,576.9858574466117
28.605568791960977,68.21801827165649,1003.0425958070838,41.313752294182564,508.53629564236326
22.197990476363195,42.67534756574787,1003.7872302221567,52.00352964294378,529.4513022796261
4.187288484124352,27.061837627831263,997.2407377783575,61.24999930216208,564.4943358352598
18.873725019617602,75.4791397115271,1012.8683197479091,55.65702093078249,517.4880594697001
19.903155198071833,32.6803281615271,990.5266182064902,92.18661063923021,528.4900888239627
7.465207066367754,55.34786060491325,1003.5438981934684,79.18012903524736,546.0838911434067
37.88222773301101,40.072981408625125,1032.0133249814878,98.54292302755397,494.3211960083411
34.14903948774582,28.585604120158006,1003.9738306203902,52.880988090279004,510.5949747011658
27.091871155835225,27.74573671148585,1006.2206724198038,17.589664885526105,535.3470316356111
19.02952687902368,31.355618435998633,1011.2924271705332,95.99775786485871,530.4875370471517
17.05885612179583,28.925185763915902,1015.2762018683163,10.370184543018762,551.7144467378876
26.387965218887214,66.83069635359575,1026.3918890169334,79.84864124551436,505.79338110744726
22.271842906869313,51.7061411255886,998.5644550420208,12.815382769451151,533.2967164387694
3.428651129393539,43.85906502419388,1029.2285869736652,78.50927715864746,557.9721376413097
20.987603302042935,48.01029005726039,1024.089721071475,94.41450458632488,522.7363879919403
32.44974107208074,76.09207045649428,1022.51926505977,45.03342675979422,498.1534993221105
18.910355226281364,75.0913497005981,993.9062058171586,31.68683660977459,523.0525319894887
3.026306524616468,64.36220640674173,990.9738310488563,30.365123726064777,553.931358792755
31.66484977597729,73.65753075819282,1016.7305715408638,54.254587973518305,494.7544804676604
8.853187503303001,42.580641517319364,1028.8410283135422,25.379833218111237,558.6125717132097
11.086212560633513,45.96101293045555,1016.2998658863286,70.56312675937409,546.1636215066349
7.42354778385954,58.754170001982544,999.5955689450489,43.15171217395374,549.9245297571175
13.878387529988403,59.29942710134953,994.0733954077145,39.079854316293314,535.0462563714582
30.513308721856767,51.49349109067875,1021.4818403767981,51.515701863081134,515.4396304730693
21.256048520653557,47.03618166408743,1022.4796624793014,58.832875219577666,526.5496851016202
8.99036969187779,79.23991713847823,997.7639265309199,22.77372360329162,541.417952087216
35.23537304792959,70.16179943647484,991.2685641973442,73.69870274171589,488.92187554529085
35.30369234310964,48.92391088384248,1008.3727580950439,89.46523899147935,495.15514156367664
34.95255857679427,65.00108624817626,1016.222341595986,35.01882245810636,497.6638734184978
10.313052243880032,39.82589312888527,1021.7701084305236,26.235181164653632,556.9577779517982
18.598334423058535,30.509312943053143,1026.4475254118806,78.44548813471573,537.6998160804872
39.41459658949413,44.38370640540073,1017.474184228803,26.518755138908453,505.46728188744487
31.108486576089625,47.16350400678668,994.9896273869318,13.712964432666096,514.7795903864056
2.059529427796833,25.909541850836895,1020.7161752464086,65.7318898344501,568.5857835974725
3.54297905915919,69.81356008997429,1034.2879489302697,31.57762746748152,556.5532370291955
19.09332369568098,44.75563713140498,1030.7513063068832,25.462936803570372,542.3999675545641
36.45958802860085,56.92299911790809,1029.225100917128,98.34424675430556,493.10084162401466
22.009370120155854,29.067975299902578,1003.5976569011253,36.26784850597549,536.1907041721521
20.41468781333732,34.62482558128212,1023.7854679404301,91.30989611939822,529.7881034915906
5.113474298308593,73.9331548930158,1028.2996550684315,26.03968892997439,553.7748714016258
26.614424084247467,58.47781403355404,1020.5246792084068,83.70794188561916,508.40773351049984
33.0620232634088,77.2656227593767,1001.2752790455592,55.18169857436338,490.55585655773604
15.836380292794932,79.93125189152244,1032.9225287343731,17.073529220439575,532.9862475504162
31.24886218608777,45.45230634332019,1010.2868735156404,76.02447642792151,505.65090903094847
38.61458950213165,41.4341685245801,995.8412501399646,90.2866034561302,493.00628064055167
8.946891905979875,72.20958303375032,994.9400052775826,24.671529130196937,539.8433713696995
21.40985561659491,79.92362848705997,1019.1383544284571,75.30312181025577,505.31479332082796
12.198380365298446,59.630267882785155,1009.6969340887532,50.05472671658114,538.6393534288046
31.921322342319733,68.73273973813373,994.2517743830533,77.84834079310465,486.9041796206489
23.526141269365144,67.9960222348401,1023.3164057470243,74.25351533667751,511.3052713785154
25.748714284461848,44.543683952075085,1025.969632526638,12.394020741670488,528.0335087308515
32.11865222501987,56.5848709141398,1022.6437033853903,26.084893237043964,511.5062232701573
16.442848433835742,70.81813176953175,999.1017394957806,52.3924518639047,524.7964093873608
36.68851266787468,62.84626319435805,1021.0398955198232,94.02347547208723,485.70091528588176
21.788125822599458,26.164009769012104,990.4825261302474,40.78661110793213,539.4631163613294
7.160238090578572,43.51881178936434,1003.7300462855284,66.59861232521638,552.8138426430141
28.140065608583296,32.94616331270329,1007.9469689133394,11.087537096298593,530.86598851361
31.93719266709192,37.81347166429215,1027.5861126998475,74.00142293922497,515.2266580101825
13.35370540563354,74.80192126202292,1007.5677467881231,64.2761436477524,527.2505369752149
34.42999102295136,27.029130890092247,990.5071250785229,74.38552719541893,510.22887395703174
36.33958693586489,37.0890391579058,1005.8555885322604,91.41945517224505,500.49205124321253
11.799275007734549,42.02631437310273,1012.4515844261679,23.184903980602904,555.6926242041068
39.35733743589366,58.92862395815172,1032.7052154002747,33.54306364072603,500.38005528604737
6.487749593901579,54.375592954722606,1032.3465436705296,99.62028029513279,544.7768663312845
8.878611067697108,37.004821556936236,998.1393317199635,24.065556265866427,560.5029885268281
8.184768730283018,34.033258697273496,998.3315943782753,74.85643058734237,551.8135160815996
35.865598690306946,38.02389190278653,997.3521655409048,75.25683194598116,500.60127869782855
26.517409540673512,52.63912946859106,1025.5014869586346,71.46943716120126,512.7429102180131
6.932067045668642,39.91477821411619,990.2709918165783,30.46965303831199,561.852482610737
18.17261331636561,77.11813758842473,995.7229739186345,29.362065689248368,520.605478995706
24.99662297772228,50.512587178586614,1014.2081834239845,69.97069612313092,517.3240485083751
4.255099314585948,28.233780909955037,1001.1402930099044,26.762516601329445,574.1045506280971
35.41423836788621,65.10965232101483,994.1560406207668,69.54069985664836,489.5076566412349
32.34053788221988,43.08649085149443,1006.1945105550226,54.32754538227863,508.20589861416363
20.70306416948889,60.941891263203615,1002.339342227711,44.79659808844457,524.9360432964123
38.71793799510765,40.37769037877776,1012.9996937931428,37.02091144401511,503.84397409285674
17.29267819172889,56.39090579533259,1034.065511722359,95.2819239990805,519.2824682967486
39.380302442423414,67.46838776441055,995.5937086566713,55.72842919685088,481.8282433665628
27.048879953341455,76.04048079760047,1006.7727017175342,60.51267662598658,504.6687750045467
25.752179656903717,39.36199294381924,1031.9393258042614,95.43304762181069,521.041046884757
7.472240916535615,43.41713230494396,1029.459286957222,68.84895862874203,555.0697595878681
35.395182573881115,50.534653115726684,1007.7421965652926,96.20676349811447,494.1223497199737
17.67209782890399,75.99461607547939,1021.4528969033881,19.57300664704286,526.8670162686476
7.327102825516695,74.57627712458614,993.9535656111606,86.19756685951634,531.1586307035116
1.4916932790546027,29.943305405535092,1022.0643474994627,40.18731652207818,578.9830040413842
22.83047166189692,32.256140416459594,1033.7785978268134,82.94387725633071,530.4179956168953
21.568585262784378,52.25300475318511,1014.1869668775387,87.00729617754807,519.1971783704139
29.054791272397186,30.86406000429829,1012.4320602165486,34.43390975283002,526.2521526928388
35.72006406769428,44.006948034178365,998.4293378865859,46.7947554863931,506.5333373549105
4.096856801078151,33.16119580196127,1018.5204689508281,75.34129188834136,565.0729126815936
29.528363123274133,59.98221953225372,1016.5696776350512,18.91500678072736,516.0311465208769
8.309065819805706,77.2222487456539,1019.3369876764087,77.9980180905406,532.8992024332206
34.46890507312939,79.82035736619099,991.1737479008125,19.94256334492696,492.4611413348339
32.94347704060459,45.63826228733031,1014.6925569757083,92.30101590412522,502.27769013936177
22.09095644443623,57.94569504130367,1016.7720679573818,34.87053639667181,523.7627107058178
28.69946914630915,72.09472094382447,999.338856093576,61.80394121806202,498.0775527353034
13.259654414166187,31.46041400380112,999.3749785869841,20.54381500686455,553.3289671883559
19.37554805837977,62.92604260785807,1002.4298175829928,34.25438391962308,529.5235567213483
33.043839010708396,47.486401394878754,1022.0274716277257,46.355953913839485,508.2681122150315
18.911342689755344,36.33803881540902,1017.2819728589567,53.83439890147129,539.5598968298405
14.95413234769223,47.15144903110931,1028.0593190753011,10.006074788191698,550.060439167072
20.274285442761695,29.17781578307043,1003.3046357329395,89.97901861424215,537.0471161421831
33.30172084505151,63.24739317241182,1031.0430626949744,10.69073286029894,510.2831764982107
14.073113847464036,38.900846781164915,1023.4667772892511,79.63161066949824,537.9140457605171
7.776702132294008,42.127310477468285,1007.7755251506163,52.35210211207338,557.5962845289768
28.768546792900448,31.65947140328045,994.2867929531456,57.14920224112388,519.6114169910173
33.21315029561519,72.55625126394403,1001.5642648119367,28.74389314010868,497.9439960851944
4.9248616624178,52.13943536055062,1033.0545697746682,64.66315153111337,554.0933334725968
10.355090397481844,56.468078278252015,1003.9663519147836,58.3508718252507,542.2444840091119
6.536907600678762,56.318797570217,1004.8455432067079,24.781276595826583,555.967492810525
14.569715051704499,47.57712129977379,998.5315018993973,31.430710121429723,542.2620060674016
18.563688177311093,35.58914534909767,1026.3082770512444,16.021326611121147,547.2010619482186
30.204227141568953,65.982301167412,1002.4039903609025,15.96552148805074,509.8911075661266
26.39475581038529,31.988094594672088,1004.8616211765985,11.239820735718391,530.0481272414665
25.216214131658816,30.713058465334576,1008.6456648794232,29.842689293477537,531.2673190185862
14.742622917776522,64.05797706780768,1009.5177725898575,71.16951046573502,531.4921495721333
33.81645457030564,36.48603612485911,1008.5103355686759,38.459384932812064,514.702162169966
19.38019952852842,41.872501324405775,1012.6684662918628,40.8460842880639,536.2272019845378
39.185092582591025,51.13751068509571,1026.6530795827382,21.871485392990024,498.7969232253905
25.731543393533737,49.71432242012504,1026.867826833391,61.792360089077796,519.0417390172074
5.924324921015606,63.97185187857496,1025.9240910193507,40.792927739206355,553.7544969405404
27.370924920941928,59.288748639384856,994.550617760242,70.86851230871932,511.6477323461923
13.67905660183626,60.441788925502614,1025.9855461473667,76.73135219582981,536.1932006795055
27.7667606707578,64.27298818605016,995.411329806896,62.62235877235439,503.12612188557256
3.716004778333824,41.0937000082906,995.6125696523516,34.84625831308327,564.3647476347037
7.820376049862416,42.72833214902605,1032.6538247235733,55.77470194035289,553.7266006595481
34.37375309732567,49.089876134255476,1026.8729030117493,32.6737724214073,508.05153204133165
9.86000272391708,41.91041951684393,1014.8584710090604,91.26215518185263,544.1045150768132
33.64460388447466,79.17158279339749,1029.3736592015039,78.97471750743016,486.2620700366589
11.891767449722007,69.77285595317863,1034.5214089148337,54.37053154050096,540.3955598104532
26.072394492289597,34.05600785408163,1017.47889299843,96.8911428860332,515.7806328245218
28.071872366883408,25.307678573502823,1017.5804296641683,59.20799020571692,526.6430464797562
20.993535372657064,27.353079753599733,1023.9492163121968,39.568192926125334,538.8894599738188
12.90711639117252,38.42348980736089,1000.44625285644,18.59205707146424,554.5434410245356
9.29313067847275,31.28602072102711,997.520618768346,58.937108033207224,552.9105840070767
2.2943848279346226,54.33359631909147,1024.1811337506783,87.4374950423211,555.8391761335412
12.853909648388228,72.18973725000473,1005.5207157747346,88.00468553408038,523.1371766925257
26.473348830720038,65.5212621502275,996.078166033767,64.41103600144736,503.50898189611155
37.593887919490825,36.85849846952047,1004.1694976662988,45.40945269107915,501.03140823145446
34.97697480825903,46.961459081418226,1006.1386590543559,68.52666772816119,498.51197318700866
30.8765262848768,52.934181524220264,1033.4352446777561,78.59263191031356,506.05892179231023
31.74944638687865,69.56132172268346,1021.4081869989566,47.04623059547136,501.644935517391
26.934411235563815,71.15168817083907,1013.8885342829881,52.86287522934328,505.76161811064924
11.151187445074116,75.03450715492768,1033.5992912407173,71.25546766401487,533.3710386995374
36.380606197527364,53.00848877765813,1030.6412883213382,88.89873454924718,491.02356059211587
27.15856016432753,63.18511105397246,1013.0400385476372,81.19093403280475,498.7337335404099
22.85718460823716,31.149020417866545,1030.755583591964,12.015223238831382,544.520178509155
5.3285892993257615,56.09089279746901,1008.1937096128196,21.193510940612903,561.5239532610052
18.435166208450593,38.67804952091243,1000.3689299410481,86.75003622569696,532.7632291606137
18.953972576875124,48.74442867646361,1000.4705179569938,85.04405452405302,521.9492574330511
34.71798077138413,59.87277795686957,1019.8041985998957,44.99261048338383,499.4637570217435
22.31928058732375,39.13422658195796,1012.5481644318274,62.585013012189904,530.4436355240641
15.835621409845976,27.87017817882186,1019.6527881152451,91.52604841857817,539.9666492847576
39.095212811915715,25.562862102481663,1020.8734183917976,92.04028129063867,500.7372411895799
5.318103139726311,26.218774454948687,991.0045292803973,80.47835611848016,558.8899290337415
17.47938870416584,25.45923556325733,992.4317816556556,28.863004452371108,547.0992823110414
2.638962331684806,31.06952811068315,1013.9704976966062,75.72545266185504,564.1743156821019
29.856260709910284,38.171879301357144,998.5965964992034,19.098858911235098,525.1241293250587
36.804985535766875,37.16718328002646,1018.4640195961998,90.45446135091122,498.9505096143058
11.921455852469087,79.27381267989432,1014.8483582626792,23.423392322084307,538.2483937642706
34.47532539516571,41.83033578649187,1016.3592161266901,69.61137761003059,505.7837338760275
12.396510988014013,32.00814308476695,1003.6104920923955,64.92189468271138,552.2718094148505
36.52003630411269,55.005939929226685,1018.7929577825054,79.92096902916248,494.29220304631934
30.404514240274573,72.18766004686296,1027.3271686418261,59.641975212260995,501.5010478262981
32.39136429681611,62.29332072332213,1034.9132064116507,15.360991783815896,510.7270303912005
1.7022556684177255,41.28451490244977,1027.7299973777497,73.52616286397343,570.3798626635968
38.54960392588701,55.888888788530025,1015.0874441855976,44.48391029517411,495.50362733845236
29.34016869074261,64.3170785810225,998.704331625598,38.82565010971989,503.18761346851613
12.8852927200592,65.04574708022582,1020.665064425392,99.25061945803613,527.0360491939404
33.34639192949503,61.65961504137289,1032.194420350109,63.1359789363755,497.77434876748345
11.979326738182268,72.89457336265899,999.5339942879536,73.96471659424702,529.1844243430916
35.03739974307899,72.85580020892574,1001.5198029236959,57.36935232420835,490.63452370188475
5.390635226065544,56.84151076738518,996.7053844535243,79.29753813564875,545.3041047277468
28.443753120971035,48.64210030111667,1023.1524739631881,77.68654619499777,509.4823463621268
22.087240589151502,60.28636625608049,1008.2952676540647,69.14315041121444,517.3935319480922
4.764844337622192,70.00166007537547,992.8213037498873,99.79687552993991,534.4627378078789
10.43385930209472,25.31086576626516,1029.3727496170627,51.38141806748239,562.8002197068744
1.4837574148152768,79.55983549581681,1015.0952357116155,73.55731134683396,545.4594116357348
19.28195065311573,35.05915747810596,1004.899243140016,81.80001665244264,537.7647642538387
12.749345169640014,50.86369421129869,1005.4792339227494,43.84312386350899,542.50840113127
24.335941887612595,72.96163541635767,1003.0613049085908,51.145752479825674,509.1846156320431
12.592274500636071,37.37722194743097,1010.4966077576689,97.22505397515269,539.9403935580024
12.696845348772403,51.223737314521074,1005.1668759819665,12.906191541394728,549.2472879363247
29.984534750532532,32.29201990996486,1014.6575836831774,40.17660885648229,525.3664219670032
2.8775706031557844,46.72919789635059,1024.8082763522082,53.75916661048029,562.6320769891448
36.2129048124875,34.74245001361514,1020.3507577549968,10.131849376227121,521.3990156632561
34.238291101256074,44.99952618241363,1003.2505601739352,90.92143909059506,499.1766313452582
27.044382645829852,45.540531923599715,1013.79334551929,35.76199601909428,521.8053085278405
24.135641234187986,79.6243934279083,1027.8056771960512,33.19343488984998,511.40303843618125
35.799797427446435,79.71471661170747,993.0692805634227,83.82935758183676,480.3258072515345
8.227877001619863,31.313245326333682,993.5233770144107,35.018490565222784,561.9388786260876
4.079797325442316,64.9282828630591,1015.0276530622389,69.18603345118201,547.8759021061753
10.340896626471986,27.846001381800562,1018.7601807775411,83.93528295117633,551.3553864161208
31.98855286930742,26.660560843545376,999.5135857099157,81.32291629393352,512.6542083638378
2.3521404023328496,30.793364183473038,1023.5349057011183,80.37556636833361,565.369932778904
23.729466568256097,78.10171113543637,1019.0818519668327,17.977381287871136,519.2722364609818
39.822063131461086,76.74749513420835,1031.5480170706328,17.18622708151278,491.0982153915373
34.37214765966404,35.66603011543742,997.6029390836342,37.60930321636487,512.186014741375
21.336381872699988,33.89197845545414,1023.8118419411105,13.2353093076416,544.0037095678902
3.4819954621790514,38.22942975837709,993.763939076247,55.038676286733796,563.1707002756456
33.42356706104268,53.35508467413282,1015.4381584283054,45.53038596431964,505.5866951252791
24.360161818911212,56.333754761947546,1014.8352812774616,60.13233212888343,515.528020688337
5.482386885323106,37.187638674169605,1007.4773270091033,36.89096848027214,561.1058750174196
4.660434108110891,66.61425334494699,1028.0057016450855,53.717860269138434,548.7656887107257
36.4754459580271,42.02542431714579,990.1966790153706,40.12702892731484,504.06871225172245
27.09881025458506,75.71722290411756,1013.4080730854334,27.568728300097774,507.71492534277695
33.342185173353464,61.119748855120186,999.7719097425835,68.44300130240335,497.3514590349725
35.28017711100843,48.999315686698644,1023.4574378602395,70.60923113492666,499.7616146440726
23.29912172988457,68.4451600936565,991.9380341837743,84.6308523474775,509.8537809383187
21.18040771844661,69.98530443256656,1027.419960968171,88.72766048383524,510.7560893741046
17.786669002518618,40.9764883084919,1027.7141502018128,73.40157139311239,535.8682859801825
13.360916923853653,43.684299910984635,1027.4789705581577,71.87482780277608,541.903407564492
17.949242473489758,76.47753345507319,996.8655837029702,15.100809880282526,526.998549329892
31.1813065734761,34.06075710997996,1018.368293335247,19.880131731235437,526.8355748580248
24.47501380959013,27.31827293296138,990.6465311632526,83.1306439351786,525.9409249234009
35.808408308238995,49.973042743525205,1028.158316608014,30.96561354612684,503.11946008605116
18.29182056078832,69.06654451339959,1022.533883707888,42.00085541953747,527.3943912417083
24.676493570031408,67.44174584709103,1013.9019178904664,23.076761830828914,516.6145217887167
25.62099457058756,75.57418459020579,1022.8766144893477,27.56367717174271,512.2505051355932
24.076189329946697,54.32603654029721,994.2445843493298,79.78755118331856,514.3454475078913
28.402717150335135,30.50355693615933,1013.7895124479585,33.567365756398445,526.0492869380031
10.259905266617444,57.37789358848089,1003.1074421317401,50.413146963777116,545.3832345612368
20.982187324285835,67.81175878942663,1033.7678758450338,23.650423575331537,526.2661144919068
5.064767309525559,30.133046614840453,1028.5703077780756,71.01369156844888,568.8130627453878
15.995941778147689,34.49615706036744,1022.9974063125289,75.54427607201285,541.2874673375884
20.019015676229312,25.6759863635619,1032.0186435862379,42.552308610884246,549.2298667227568
26.436746122273426,57.65089186957457,1005.6079487054463,80.62719815104755,510.41912473452277
38.07071105086194,73.77039155702474,1030.539595454468,31.59159867299138,490.10095397667567
24.42539159538588,61.886482380115474,1004.635720444802,72.27134758901406,508.49697500965806
30.000162730885833,79.01220481750401,1022.9758523861019,75.69681232784086,493.8790821711706
20.744376320312906,28.466850887486885,1023.1387610299402,97.17916400098986,530.139454245445
25.730057223676923,74.66505968333229,990.8257444404342,30.908949866804463,512.4135891865719
3.7663564292171636,69.77375580626745,1006.2476864225188,18.433943203847747,554.7779421824125
10.921271652832033,42.28328362747277,990.8744702583824,33.67318800608079,550.9520707187505
15.11227063500041,78.54396035104884,1034.8691407924612,21.057597692390715,530.0095303007688
19.42724084525403,40.83657614942783,995.4988542823157,25.27248776448787,539.9465003053224
2.7803010745929657,73.91175981055201,1014.4264903041649,40.07030606703769,549.1197214135719
6.4609398045793895,73.44117173908042,1025.5750307443186,47.25916720498008,545.6402659414142
11.795758003860925,66.67116891316348,999.0568621017402,91.33518031762416,528.2308847361137
38.88977494514098,55.99087605970685,1011.8273700642962,27.605419435001895,496.16526996437335
13.92253327701898,31.600151228928844,1017.3342942414517,97.45830783290945,543.2942922065
19.79960126637122,54.258445397307405,997.2092139477995,82.91378889065545,519.8199077599445
8.647810796797325,44.6237940610214,1025.0349956960192,89.33242509040969,543.8165706949658
24.820422771954963,68.57193682354435,1003.4701405735215,93.64995907662191,505.744867521364
11.946645405122998,66.69710635732648,999.4960384352478,77.79170774270086,527.6918062389514
9.072710559098644,75.08368790549329,1015.1229935896838,80.9901848455355,532.4556805132701
21.146332509393183,25.815658933743933,1008.4641132439322,49.40364669450576,540.8460429498068
1.214726167256412,69.50067692526753,1031.4128675086388,55.94052112086196,555.7947063108448
1.2988972733197879,76.61541292185677,1029.6028214189168,93.92368840899708,544.2735467390485
9.543683554972453,68.41152470094826,1011.7507798524997,44.043032039738456,539.0417035547578
2.4321331375320243,32.160695292870166,1006.1668698626519,13.775236575778647,580.7861515801222
5.213004411096963,29.470350766248828,1004.6483091734069,78.64789469272957,562.529166956097
14.215565324211312,26.146488189423543,1002.0403630386678,61.58417605457665,550.1760528771601
32.3008415036127,59.580987420543906,1014.5046534170615,83.33883661089804,494.1847371317205
23.309897091402732,59.6319958522938,1026.2240372130545,16.79961399498659,525.5319324803255
20.99404131230024,79.28025428200168,1003.9840473691601,65.91087914282107,511.1017406585889
12.446064105116744,46.89237457572527,998.5542340359636,32.29352991916822,543.5402465192964
37.338395057879836,43.254845669362325,1011.3967712782479,91.29417350450356,494.72171620793995
16.483586608250477,59.34337099514158,993.106548755895,19.89189457675711,533.3277809730452
4.396617905035088,70.40847698791767,1021.5575552758368,85.87623454525567,540.1262943404914
25.06559412859425,76.5225672237651,1013.326121983587,17.969882677471933,511.537147404177
5.439697345587454,69.17182913984712,1012.3368663587785,12.258761994729829,554.8967772765155
14.46370256926599,48.46706893386926,1003.520042079751,31.155348703773008,546.0854582792757
20.789065609994545,59.92028294216353,1030.710304688928,39.974008683401536,528.3918042107659
35.09467846272186,72.09646296938644,994.0718831332299,66.3875894630684,487.82668380096123
20.24831663326463,51.98353285714567,1029.1420803999165,21.85521376249484,536.4403467113532
28.388091875234906,36.9177654037966,1006.9517341087166,49.359694023196745,522.6311735506524
39.71985672096375,34.334789186133015,1029.628058218876,28.383724189258636,509.55709552173465
6.128075676021283,25.00867595179312,1022.7942656249572,86.9772989392357,555.9188961939194
11.71452949526126,64.50308972397063,994.6876826997917,14.046985715617447,545.1342866487232
16.38846694830821,31.11034648652948,1027.419132892921,42.0343954019669,550.882924382601
17.451298963014423,38.41115048327672,1020.6979575164777,66.8236671972198,537.3625232758226
17.029821935356285,41.38319823375363,991.4535860811907,92.17793602467451,525.4160793472006
36.39682909970564,55.82089230752226,996.0166206949351,88.11940804245057,489.0379899790409
28.847273134207402,46.88765025126731,1018.6032625126063,90.56727995654472,509.0312751010177
24.708303349537445,62.107069561273896,1019.8170226296128,15.656796431468388,522.4408952017415
13.065535996648501,28.06012626307865,1023.5993144776918,85.68309353171136,548.0486842646137
33.12782498463049,31.81665568454417,1022.4110430348742,80.19213206897072,512.8079455910271
38.24735994791457,52.45663269432967,1019.678397960148,91.21884843480571,493.44554929223295
33.02673301945884,43.53306333157564,1024.480750578589,38.041864053220124,513.918858492233
1.0610391024674433,41.269734951324786,1015.8788567651568,92.058859564603,561.2992032661978
25.819653437152873,28.68654434706375,1001.7356123486005,46.2376976577803,528.4597955925261
2.9942798762419285,74.26455461114008,1031.0569476178823,67.068971697322,546.1671352475653
11.046681593015153,63.050022236877794,990.819631391939,48.176109208629846,537.7656180508587
3.321463313563096,31.688998625080714,1006.495277394217,48.48835874640861,571.4841587839672
24.54802266502612,28.577527675542733,1022.7991631893724,59.19733169154114,533.6031608578668
27.777006626211666,78.61798933871836,1009.2220218517353,42.03340386587403,507.0666215034745
5.465017884570299,62.46449027417277,991.1175483366006,81.34632948423122,538.7927592561804
15.9697164387542,47.96008391015578,992.9691406402296,67.0274861873715,530.5184153404153
18.793223849266138,63.59520724156817,1019.188681611223,72.07801853850512,524.0820237744301
15.393067848675747,66.59824825640875,1033.4189069732386,30.793132019958723,539.0743387901404
5.719975018922529,67.89792113138287,1014.8338636125525,97.26177596332532,537.85237181218
17.33896381731154,51.28325181091817,1012.8041018110696,69.41584879956687,521.6142719175159
30.295943864528308,48.64355169686664,1004.324634587532,27.747627807735245,514.5414047688243
3.7692989167969633,25.60654463478952,1001.5510803239729,77.54412191239304,565.7292605865882
4.127020549194235,75.96064133280109,990.9443241790328,25.634269288686042,546.7597949320606
14.836080381603384,58.181933311391866,1002.2829690438213,15.704640666955754,541.6617097422843
37.727302753138076,36.17346654544825,1010.2099698389363,57.479805653125084,507.32626852263985
27.074333222193648,75.57818806817902,998.9077402372028,59.81715587461125,504.25671465395004
27.46812831023003,75.3212545973663,993.9306594816643,27.00690172584387,508.5062118366407
15.114879642676733,79.40512904013528,1022.2977540264571,41.35410498629431,526.9207079708248
24.152770857133,73.07311097264383,1030.257912108063,95.11923661108273,503.0010647436277
1.3951161770819918,79.87814133010356,1032.1547431359188,35.65029088787409,555.1506389827726
25.807745809972147,38.45774034677999,1017.8099427823645,24.00112546888318,531.3487458581204
36.61819095547323,71.32372718595788,992.3748562169677,99.33057627989086,477.91617193163256
24.890365265447947,70.26655698376705,1023.3388183482798,37.207498274242006,511.8540149845277
35.074245145187454,37.70171975714035,994.9542887367849,71.22283058314707,501.83730085268974
29.23494916317766,30.41406519505449,1020.138665295952,30.840416329533973,529.519563107075
5.70177823974392,78.86812825226798,1025.0714626086544,59.510907728775045,538.7055660759403
36.195678984147825,41.28135033363357,1022.6639119871912,44.7653787948654,508.05183229866816
3.5913099298752202,72.89904847572933,1032.8347712592508,96.54213350432697,541.8861755031478
21.82473142936279,25.226993507103213,1023.2165828010326,48.95252870954389,541.5749148432978
6.543347827944849,26.15636439707812,1021.1944400091813,62.57567657635518,565.8686288295227
1.4565578185052586,50.62292197830026,1001.7784427482396,95.02896393101324,554.4942385324418
17.45933614497792,38.1293076164285,1031.6145908896156,99.03108699441596,531.6161966368188
12.506587598512093,62.941270588978036,998.0794741857375,19.149252760449684,539.0602947673506
19.954019258106516,56.10603790623749,1030.7203475162908,85.088864083815,520.3369374923889
23.510795582647482,29.26171885977703,1004.069814450566,44.39048447685239,536.0384354648419
2.705823820048947,33.94455629736444,995.8573617244951,63.53458355850515,562.6343652483868
5.79712850982608,46.34270985321278,1027.2007362272027,43.754327105972095,558.2818005974636
22.78705346156659,35.208223517548824,990.1122954120373,46.10045850893131,529.0780418483077
14.38352677373367,68.57222909841607,1027.4439742956374,24.297178238660038,534.0165501304166
29.437766014428473,47.8838629554304,1001.8040328920689,61.54898125850793,508.6466880015552
26.439374295085646,30.13875267633746,1029.812457274003,59.20443513502523,530.4809024577198
33.97857015660637,51.63885962496687,1021.116563200871,27.042020968455986,508.28886672658996
28.007220240099787,29.99609995837778,1019.9782499782766,58.75573864005473,521.3377545453396
17.767312018215776,32.091551798089945,1006.439380342418,97.57916943679776,532.0778789052197
27.245698273382864,38.17854076155129,992.6731338250847,74.29677362684107,517.2975258160628
11.739865795961322,72.27402378861194,1027.353289419251,53.28843036250167,531.1473270126211
12.946226452350295,75.85368927831345,997.6906707829438,92.44755870232378,521.9561237039744
31.77042123691094,70.44417511326381,1006.7516388852639,61.778292085477524,493.0286980576412
18.410361139661706,43.3742469579816,1017.0159608479087,22.154319885502304,541.6539912993353
32.13683328021575,39.98455426098574,1011.701418235228,59.27586830312107,510.65986090802613
33.074472573062856,55.20356299346315,998.9397285827093,26.287580382928102,506.37774443992953
34.44493116879006,64.70192382932117,996.3277360597028,79.07543548729069,489.3362450930664
36.74877419780709,79.6355033488096,995.5460822512631,97.04567928652375,475.7370478453174
17.808423600018553,32.236389153340944,1028.8353546674641,42.473672608899726,546.1338407256562
13.435805914524414,27.711059946309245,991.42017970776,49.142609211267505,550.0621681890375
23.70575111717044,63.18957389473991,1033.9656416819953,47.9346820154767,520.4591861763492
15.475724514067476,70.7724180927148,998.9337910673437,35.676997821539366,529.9299938279927
24.441892505209086,71.54918289265328,994.9645033595585,81.47619683907679,502.09220589258376
28.51784864310916,62.315495199243834,1015.9637244649558,65.59554994722963,506.071990144
27.84779572119334,77.4708692265553,993.5993681073313,15.764640117090366,505.84085686947424
15.607562593784733,53.10526199495228,1017.1103968423618,85.4925701520822,528.2348045307372
7.50754786625136,75.25981390849168,1028.2781990166127,26.837940803788655,547.9283410557051
17.790644200026094,78.22966753453377,992.1554109660341,98.1236045538209,509.3467444716637
6.5611716191944405,71.59366013517092,1025.9940872037846,43.89968251023092,547.7532925066699
35.713784372168526,42.036720979224135,1007.7514848441954,65.48046824352915,503.6461394785013
14.48922096877644,35.79186081436624,997.1770785224045,17.004125700642735,550.5659160430231
7.023930141709627,55.14660357400001,997.9243416120356,41.0196947219521,553.3746830348693
1.992462636324284,49.91581127091037,1031.3444044662401,82.21185616247033,557.5525166127271
26.187073065172886,73.2767088206003,994.9772588373299,52.94876427579326,506.99132274749735
25.839190380734987,30.501741908693454,1029.0052254202046,91.41431351896206,522.6060129786157
14.283562496670376,39.175703372133526,1014.4910079442626,61.76245969457264,544.4246708511969
3.796763665058389,66.34894194852896,991.7575280467397,93.5714975856173,541.139263574075
16.975526900914048,30.22426547375217,1010.9014265572803,98.43489163113006,537.3614839415494
13.13748230747235,42.64204277119351,1026.7852281514336,50.85051035664483,544.2708389627496
27.407704949665366,46.29354667296907,1022.6791254437595,60.864091532002725,514.4616565666743
24.625390728654924,59.24265881094795,1011.9952087958123,85.14285789261429,511.56733831420985
15.219155399704059,33.697295514565056,1028.7022445863297,29.93797049822317,553.3522278122252
9.497809615944615,72.33324696923403,995.4164142801103,87.54666164029986,527.2183410102565
39.533402680068086,49.614822950645085,1030.9473474026565,63.27281263395426,495.2012537320631
18.70606322664848,75.4361941534306,1028.0898543817507,75.29501218460729,513.5450516963632
27.842695195429243,50.73284524986624,1021.8724571545756,17.18686203971007,529.7951783525477
6.48156573555607,40.12721424174033,1026.8049483957936,78.95689151080633,557.7818338662029
19.937998286716514,32.80058557782212,1014.47169780792,37.97082141162926,542.808921148281
2.073932074909154,25.205980209120664,1020.382309309395,82.47090491648578,569.3592428496005
20.712749598507546,54.268661674165955,1015.22691318185,55.823728447243624,524.703209424729
38.59667887759039,30.89361833098079,1005.9942838728577,34.71529013340698,506.11516673675953
15.984061806446208,46.54502699971481,1015.598735881253,95.74837273194886,530.1387290352963
2.5208444904215517,57.40994686803977,1001.5859399639367,78.85561579403493,549.4254560494177
2.2072758458543977,40.16272432964851,1009.8125626878353,98.71174664862822,555.5815645543892
16.13148363792791,34.637336080136336,1002.634893326711,42.80229085709834,542.514179293364
7.240972522064568,67.6096892435138,995.5299505257625,68.42976701874748,539.5277725912158
1.9107317567992506,77.07351447548913,1004.4837835375458,65.0429810077354,544.7097207405785
30.492330944056896,30.52422298240813,1028.3394248183147,71.88010669619226,519.3797571017383
18.882397346393738,33.55746784117543,1007.1486346789037,13.448490943719774,548.1723137223595
12.280546106933526,77.80069614889953,1023.6601642035992,36.254739148963665,534.5686667837964
36.10324413764275,27.078132199673547,997.8839034407173,91.84038164117266,508.21428898435187
5.529419447820499,78.76977851027597,1009.0988621625439,48.143804938500416,543.5906919944706
38.28083432925745,25.255446569674383,995.1685231200829,96.45793111733926,496.17090898974004
13.24470197771676,73.05177606082322,996.237947851537,29.21528553804782,534.3318589830853
35.64774322003857,41.902884954326225,1017.7846370950531,99.76815761329804,496.59941442767615
24.514772182699,76.6223871997513,1017.3366817852055,72.7822818063579,502.05636714686216
33.24158702991801,42.4319908749572,999.6017358309688,79.8754081659839,500.09097409841587
39.376513365208105,60.98684768437308,1011.349043742996,45.71750549822822,491.526661209652
12.247812074931083,29.401791337126514,1028.8487775140077,91.63073091345588,549.2068692350275
38.484283930896126,38.32813962995564,997.8390678904417,59.091661086275984,497.43727928254907
16.189793901194392,67.55236405635878,990.8644739883082,71.28445422021716,523.8520796108473
16.03496428473997,54.07772195233508,1019.3397813298608,18.53274442026574,542.895461353864
14.275097065925722,76.03829839828745,992.4074193639908,66.85126308036041,524.547883716402
22.114896686555824,48.58132745877448,1034.0973107357602,89.11710894359409,523.668072316348
7.011656683960997,72.83968011976577,1017.4329127709497,26.045490539438926,547.1764972473884
22.594747928962438,49.69254906130306,1011.1678358779787,76.39533411713614,523.5920954217909
22.126487683990156,78.85865532860919,1009.3496643010938,12.28606830951891,516.9725150924777
30.71417069158993,77.79089097693821,1015.788179633262,93.3582714906267,493.50679994177125
33.51234851556584,43.10251880558442,994.0780996524097,98.46254044280677,496.0842437848972
18.177212662184537,73.72580187292417,1031.8508576468773,41.8762060118285,525.1319553705724
12.790996724708256,71.61862558186071,1018.1538930848345,19.636646474380136,537.9205765209766
11.114060995366684,36.587421853015954,998.2790323924909,69.27187313468306,546.9209259183849
8.590329631490006,59.335972043079835,1015.3161474194098,12.685106273273115,559.7111214540923
3.2482557057619705,28.997527357439818,995.9965427624855,53.42376531674681,567.6438358889856
14.35547117455382,71.01908963209038,990.7898722901241,34.46012576240979,532.5397858908742
11.539659993100546,34.60002359269231,1018.3732643346299,52.600514855758924,552.7750178558113
38.690278048789885,28.89480857621705,1019.1817503841557,11.644796326452129,517.3724118563703
22.750644223751713,47.012050254634616,1016.2663462261537,14.645096476363584,533.1521115605303
14.543804522189795,56.73071762298039,998.256744196201,11.43782459590441,543.5061667363258
23.638236438754145,72.0204327207874,1017.1543436322645,65.72186830424026,511.26941535317275
6.428671352482125,78.5833389036955,992.5429923416034,60.40836259076877,534.8657259230181
18.317706218885913,49.172088191342496,1017.4157260007365,30.984219868294403,543.5022651852001
25.42313853542149,28.32458076418986,1014.9307658598428,68.19788160136193,529.291442606326
20.067015439905603,66.2013568464229,1019.4864673877595,89.57865312054776,514.3596679905902
16.669373225518648,56.08452909231656,1030.2964022588578,34.95898909235023,536.5962370216225
39.76008716708823,49.63402396644547,1028.2661147357792,84.87944270910887,489.64900009502855
35.33227572380815,42.00978833357043,1034.1294386203142,69.62582224019633,502.45279292312534
25.312832368218164,52.63191903139446,1033.9308464821459,13.043839885568485,532.469849420311
23.20571708610903,43.6273782451367,1024.7543862018188,43.7634906246491,531.0012681624896
25.20575871315878,66.63565272610481,1033.0388829979977,55.69814942731154,513.3000942327764
8.851172205074896,54.91415330709526,1029.02777486501,75.85292709592493,546.434961153347
16.410371987308427,73.22662757847615,1022.7412102452738,35.84175024280752,527.5107580534007
2.5389217827450734,54.894915305719316,993.392291458969,98.4457094372139,545.3206512237924
19.54629546198624,38.10443273369615,992.207244972145,71.60857664545773,530.4031948262422
22.177958774348863,71.81005352276794,1027.6919805377597,43.553230944792446,518.4882866085449
9.882239708025175,55.64704747115242,1012.0345136042264,18.732253516940084,552.9066178601986
38.59712503945504,36.376257097895866,1026.6573007968714,26.323098424372894,506.78560094198116
36.46872982655244,59.292929547592216,1004.0813221794849,53.88469840496409,493.4283804153267
29.163586182780328,44.67442207183352,1007.8942436245355,54.522581946253005,508.88631222194454
21.80207852184914,71.44230867606362,1021.508402445537,79.09468883392181,509.00230845859693
34.92879722625971,49.93148562555986,1031.1897031619442,75.35589630150272,501.64073630324737
6.095441409115054,64.95427469590791,993.9492663515499,28.114573466603556,552.2451316746227
31.829881976720515,30.254491419993045,1028.7665165085573,63.54609585024385,515.4623901420875
5.868011744707084,46.78133904662904,1025.6855726195715,11.85596206685995,565.5950650866491
31.97421583942681,79.07827900598193,1004.1992671828434,45.869265944590005,494.20455782566313
11.754935161802921,69.46531592124316,1005.9847476359201,78.76947165144452,531.1092594591206
35.20653265970937,33.796744130181075,992.0907664749859,45.955773395844986,512.8059808487961
37.817641659190514,40.277022721249025,990.7083275002523,85.20366158212818,494.12599859687816
6.8030428067995095,43.13986948709986,1011.4652756860978,97.85397611127534,547.2390872394012
19.044348597550346,60.770105827249516,994.2992840473789,64.64913424294292,518.9478339495327
39.25850774834472,66.63471177193105,998.7300816486846,23.050366870758094,491.49640342685296
19.85289000295272,66.22396348443505,1028.1045239787,44.170948711486965,529.2789239110207
34.67835337806726,53.043073096852154,1015.6962776062703,10.853501956153766,513.0367398403239
23.960529363121474,69.59512958109832,1018.5134596769751,64.24533314566773,511.42547828691403
15.637866408864472,49.03929455166113,998.4365698874363,83.94116508764183,530.994372776829
12.145558665508938,31.813431091255904,1027.289781200449,66.69460710307386,550.244302832982
8.925700552357403,56.04430129095973,1029.0590897597885,80.74776062651048,541.9536739534005
30.71012946373019,77.37657615306087,1013.5497417170869,81.9913534548298,491.2853807206667
16.075079766098085,68.61465082658813,1031.0650997345397,86.59113185957173,522.8470832899059
20.939743025829294,56.828535623073336,1028.0172881229562,33.99974046977988,531.9174753261165
20.200693720046097,60.57431131920033,1022.9095879503498,88.41416705383797,519.8838868940669
23.513882140092118,76.18091148695649,1023.0334162062132,68.86845986171419,509.15533961305664
34.757508679357535,48.55885369392283,994.7427063277888,36.07530009350383,503.4179757878746
39.24883439975375,43.22667764184506,1002.187621696305,98.8565243496635,486.263385916855
16.89578413437886,78.7482860750247,993.0081248917954,95.5164154358502,508.6351919820461
33.27323796214582,72.48937234306834,990.3906544151839,61.699688488575944,491.0336538188199
30.81658399153399,42.76739715402313,997.1239289122759,85.88875405596072,501.6284502087504
23.367629106767357,50.50793285485075,1029.6219232191122,33.53450398478845,528.9270425604176
38.28583860086539,47.82929709542895,1000.7943326566224,47.4433296949801,500.5788947303023
8.818506105607709,33.200262326928865,1033.6569283166275,26.557458466945032,566.9144110540767
5.261304202075235,77.68006280972925,1016.8780949802542,56.80923783663232,541.3141277402074
34.30451671126146,47.23718371708674,1000.6766319435611,54.64012870644988,502.3764046867526
18.126842848716183,73.14309954508494,1012.3708861567895,29.153190336540973,527.8180142176925
34.03178531407536,35.41459252243658,999.8592670215052,70.55215243444877,507.5230971208114
35.83051800262118,55.13289458504708,1034.2788101182068,20.601126597287127,506.75341108995605
3.435846151143786,26.31787618183484,1028.1269242757235,15.552230596274008,579.180723387529
35.45512575645637,67.03212661132697,991.1807454952049,44.64144717961475,493.0072614256871
18.484443159407466,56.95026440354531,1032.6499214160362,46.88423000062345,531.5349427247988
20.906867071165056,59.4074270908364,1022.44792982863,38.77665458738376,528.7221469317044
25.4371079326352,27.84464854050594,993.7071563409576,33.21519738204254,535.5008958006484
37.12892166247338,36.607108161473846,1020.1786985846901,40.48987105085773,506.04978291942297
1.7455276827607973,29.08819797944691,1019.1117014084558,24.70380165568927,576.8327218459572
19.596895264394867,40.890287369209645,999.8454935613413,46.31072222195896,537.6989621265243
27.821159654791867,59.5091454225183,1024.130101500341,91.41430361656994,504.6291272221635
29.18557135023091,56.140229137455634,993.9179116490835,30.198419308795444,510.48466303042824
28.00876482994721,58.66824018873646,1012.0250331554062,71.60059939153155,509.09898986228234
6.242970046916753,55.208819925784184,990.4465443223389,22.760605935805543,556.3341473975082
12.676427946495568,40.01658376217227,1033.5931870002637,41.851596160920764,556.5696288069139
14.989905491263524,38.44791235394339,1023.8203634299609,38.905730249073066,547.9245008774043
32.3730510995007,32.53828259451197,997.1483434271845,94.3326454967495,508.5250799611487
11.871635024167567,71.69889811969207,1005.3753317978077,48.5183850221628,530.717795193735
9.217493590820924,58.90636471976845,997.2253070013679,72.14193494032455,542.0415279890371
38.34047274248575,35.25810568772329,1024.4977858858192,64.22165280741964,504.85186436318435
1.345668119425287,34.746515890168176,992.6503346442472,22.69270677562853,578.1397264168369
39.91501337159715,73.01695808393751,1027.8182995003672,94.55864059275565,477.7357593556594
27.39603065543843,65.85019750698257,1032.3988352476078,41.12823626701869,512.5781859663252
33.31030267851557,61.266949394795425,1020.4482574262835,14.028252020528475,506.3049026917232
12.490156457501534,47.37752591466149,999.5834452500645,37.03993361597689,545.1752074202495
1.5582958290153393,39.408656035318465,1006.2040543116098,40.20703532940935,566.5474370809959
29.77691122389967,78.8697919712053,1011.4757943664019,18.347079464085446,502.6030292928335
33.53163928302636,68.848176626254,1017.2081147491015,65.79796657419485,494.6319018359136
29.878569146187246,41.597857272495204,1020.0898390415259,41.208778498739086,519.0913693473698
6.5711612047327055,71.61606379531722,1014.9396621893497,66.62211456978739,540.0862409585355
30.383688968021794,66.74125717380748,1005.8091264369835,10.606650723016045,508.81210793785715
30.987988502197997,41.33943024328991,1030.0912776254206,98.38435590916772,503.3393641333905
26.683080111132142,48.460406983290184,993.6626426108081,25.346472269021344,522.4013883420681
30.878521379027863,35.22743949650646,1010.9815224409573,69.33978880344428,514.7934566378408
33.990936147431555,31.107884440796013,1024.9004177310367,74.4205872951564,508.88516990820415
24.930560455260878,64.75191180618333,992.739269938113,25.444751477272845,515.867131435468
4.455583844817483,39.71315215446266,1021.7400847565085,20.05410538921767,573.3708273080834
20.017484577021225,70.10326511604396,1026.8870230238997,23.73194726603278,529.1782039596704
4.028324052192597,79.75847913329343,1019.7374084337174,32.213643026045006,545.4319402541115
16.894178210264805,29.214089766130677,990.582160152391,25.140890619361794,548.8441994553632
16.87715307589948,51.01693187960352,998.1061662209493,70.65994842604735,532.7011968252092
3.5743839214694217,69.11344076209417,1005.3950885501378,47.87498833534605,549.5410577536375
14.604000824809694,68.39229930976785,1000.5160516037121,58.40124350638268,527.350118942739
5.328925852861278,66.79984370820327,1033.3193463102343,14.260310992824243,559.6733592966929
32.52117319035966,44.1947214416051,1019.3217261351207,87.5124066790651,505.7683573027996
37.95983301261436,49.961929062677875,1003.3636930808207,25.3514397885573,503.828024087087
3.8203425350596056,57.723259653780865,1031.8363874399452,42.413709830957934,558.4386808894569
38.249493084376354,78.56673209652914,1023.3267389764284,16.47114758449903,492.2317668131511
21.38048737413306,43.015099901617106,1002.8073245322169,22.31138211834967,538.8155198332141
12.683061440201081,75.77291382442718,1007.049670623088,69.92194689780953,525.9048627812342
3.997620935770377,39.814630499927176,998.974298623678,72.33283020301201,557.5210116447878
20.524346454746293,79.39909560105374,1033.6983299219619,70.92689361628169,515.001228128049
31.9861062351392,61.86450277551754,1013.2783423150534,59.692310906141984,504.973009045062
28.57637261340123,50.4931314197203,1030.3225509374092,95.7269497610716,511.43283849467593
2.958814447094977,58.73647354349827,1005.5924896957581,55.64594446917188,553.9869342996715
3.843171579348237,39.989214297211376,1028.7378721393864,50.447082636680186,565.3239741961762
16.71205802267285,40.07956216313066,992.4249081792224,32.27910091454291,540.6068604463642
12.516329267869788,31.245499911392162,1034.194064288593,18.896457633995134,561.7240769130282
10.062988599185866,31.272766373796934,1031.0415465164986,59.33394369695609,555.3393653839105
11.95917545743983,44.12194578079013,1006.3441325149495,38.34011680235453,548.3256342938223
32.3358269885785,66.95705128430043,1024.862497439156,57.162284487146366,500.77303822121957
37.2398940916423,58.43841421789894,1023.8516066913222,28.550717043443175,501.2039556068168
16.79900508657509,30.642150818206144,1030.556465869632,85.43554049871203,536.7878113119485
36.33832908316739,71.8730088736751,1003.8264741507965,99.97274886931622,482.18318545122634
13.538332348667396,58.075219484453655,1010.9484002391367,39.01631591085845,537.7109766976104
19.581042467407872,77.8470567231629,1028.9249825672723,85.80948465342968,509.6393286753676
9.815130914823989,61.860200707616414,1025.0360754360847,88.56875227531667,533.714676784525
25.978565644857916,34.634617503729956,1007.7060023433125,99.64664098813716,515.4399784469665
39.18026349181755,51.05808492693022,1028.0576354810455,40.84481168001815,496.7896717060326
24.536230745691768,60.66736786509623,992.112931765458,78.04372543426952,507.35878193252086
14.954749280428405,26.554558557748773,1025.1920836333345,30.592810327778686,551.2762742106694
26.264880393630605,25.820064528514433,999.3044636745166,66.2316401162929,526.7571561555084
5.793906460150115,32.117165032921235,1002.8754408520704,73.43583125255539,559.5768940255963
35.657704130350545,38.841543927500894,1012.1946679618018,76.70086232815868,506.76346840795145
20.62027408041362,48.62520179363715,1010.2380525481489,28.645495172601546,534.8382939740625
18.52463993954604,51.80922605678836,1013.4256548091446,86.38530134465753,523.8233622529694
23.84872674968725,32.591518491584324,1014.514901805241,47.887467435328766,530.2490993412823
25.366570648786695,62.03653685137069,1004.9187460964174,29.473256596109955,517.7265747773199
3.7992564428340083,57.787593393309415,997.8852380857663,58.82779795347114,553.1879517029116
27.622071627712693,41.19552543626381,1024.5816553179288,87.70214166462479,513.593548312215
10.435335532305654,25.75129358894106,1007.9989267089214,97.03791188003024,549.8550915949625
28.844152667757,29.270635344430993,1012.7628388106576,77.33870395550869,523.0484588039036
33.07885698098367,46.54321265309617,1019.0113523258003,10.506059764422618,516.2181541332985
32.35438179454829,33.46858931411262,1030.9337065037996,22.123068441936052,519.9230239651645
22.547537728907677,45.725078338138395,1021.8398774013099,16.864658779497915,537.1099224779113
21.286625800119296,59.550043248069535,992.0456651515673,19.109236869449628,527.9204139686474
6.572162492237057,55.09805853336059,1027.7352163529108,44.473146041779756,551.0819866517123
31.23849986572229,37.714673572556684,1034.5209756807383,40.4643983345765,521.1278687111327
11.58496583742186,43.91023701923138,1011.2618261417122,20.231648314147904,552.2760688360911
20.371121489899917,58.77171591467578,1033.631565140457,89.40118164528242,520.3116883505603
12.086689624173152,72.34702654238967,1014.6297934054418,65.38848186991243,534.2702553902639
6.219306156988033,66.42673913063825,1010.6827198142378,81.68169780608041,539.9698731036237
25.552750178777725,55.43700147583782,1004.9132144127354,43.439444996988776,520.2565237802299
3.1189493580932495,44.92611490740674,1019.5899694125003,46.92124146588111,562.0406077140977
30.1971641309218,45.0778202647993,1000.341918923627,38.585908948305516,512.3843662419674
13.38588501518355,73.36795206454178,994.7220398331482,49.4583950888642,532.836696850732
1.0052530271749274,27.15839668223005,991.2256696162897,64.93395361195482,571.3627524763208
20.93403643025196,79.33904544311434,1003.1571050721868,54.36856070562173,513.3645499524064
2.827224432576522,61.540647596835925,1007.8096874475167,85.41253055696052,550.1431794619946
11.77061275501508,62.46257344898148,1014.8434513326562,91.01252517488417,529.807820795175
28.572083010772932,27.08988105176082,1003.1737421334153,52.27154680308393,526.5386076269784
3.444895243252769,58.30411011901997,1034.2826807573435,31.57731823137845,563.1070262567113
33.73420120188409,51.662793304974585,1003.1285325708525,95.0673177513378,492.15682124937433
1.1489769836847412,30.817839879173683,1009.8438924800884,76.15347787458305,571.3025857856983
10.626130898874187,40.28571059231475,994.6474274489356,67.61143774484918,549.2862853137518
29.895258189930786,73.96729509175083,1001.7281931001684,77.08723602615783,491.39282533895897
13.334535839442964,55.249362872627415,992.1749462905046,16.83836041572306,544.6235494815184
4.973803134574528,47.73791163456498,1015.1778885046798,16.086369487390527,565.0165540196474
15.049122833216687,28.9975185712446,1023.7979107409594,23.780858732288866,558.8730538820777
11.545338168996496,64.27668400712682,998.8069416451231,23.270587069647917,539.4854020305884
33.86576418426164,63.656795286781794,1006.5559922017231,47.8603427364464,505.50158754624226
13.220568785820582,58.772398383490994,990.7477302027222,24.166367405682777,540.7093081941695
31.76836639926428,53.06444554213571,1027.7784925074995,86.90730798399369,503.15799569657014
35.78301364761865,48.85814212140549,1025.0983586219252,62.028723783522324,504.0405921430773
17.918879363484653,57.62991011433957,992.8464313893431,43.143570671522625,529.1949924068473
36.48778261032129,37.83674984506237,1006.4190424194185,16.266028440274038,512.562431161587
15.71540410456452,76.76924852977062,1032.9878976232274,63.19250163632126,522.9822759943198
38.59905824311422,57.38369910491262,1007.641217523554,20.48795385329137,496.725445339373
4.482291456497344,42.11558443949071,1013.6793904525807,76.88982253623456,557.407775992156
27.79375139362647,49.73239179868365,1005.985928745466,82.24822870694393,508.9834653649384
20.25874757782022,69.31266338822908,1016.8259124657718,58.957863216385704,517.7501928724581
16.118303412770235,33.88888334016636,1034.017059403657,23.46425732267717,551.8495387666933
25.675763271195436,41.10595923531432,1034.8876126566538,80.8176451366419,521.7083456403143
28.450426573738916,62.37294125051055,1024.8621740105036,37.70450103334006,510.952951677696
1.1701675163620544,42.35190635652231,1008.1939994109198,30.038782847811383,571.0354591270324
7.51117046114075,68.58759250238063,1012.2494490373044,52.35009769165828,544.7383570677334
28.80879597473843,32.174941794754844,1006.0529097650538,93.03816172446261,514.5488059198449
26.989031129550053,66.94773937500347,1034.3508583456955,36.76359628670713,511.92912232381906
38.67585270001841,28.759344316781142,1021.8492137621432,91.50206508753583,499.8405592027895
30.680473819780538,25.692593696712212,1010.201915044508,14.82879778658451,530.8573254654588
38.08013560152219,74.40229353576892,990.5451871549321,17.517133451615212,491.7842455570182
28.399079559857473,56.97365693127642,1013.4217536475746,72.87049226217223,505.65214790545156
12.624036136938283,44.35047933977463,1034.2767690765727,27.1533395303358,551.9814448398117
5.109231967783402,37.79270503301177,1013.5377409037874,38.49586148769629,564.1713117568831
31.49113067045249,58.92871807934489,998.2092008470102,22.273568288252115,507.92677178178013
26.12181963756072,52.9951200945206,990.9942186197148,39.902344221929354,518.4121270541101
2.8792544833385527,79.53787765414918,1005.9616691155894,35.2413994503217,549.7852683841779
15.041968170138155,79.07687926595602,1031.3202625063473,76.27038750900853,523.3657733953726
38.31519280388716,59.92635113778853,1034.8449348679146,73.18210493701395,489.73520006534596
20.515644682697847,49.35787783582398,1032.54155886654,95.9434458785529,519.6477214546163
17.876436304768482,52.012753302406416,1022.8238996964416,75.19795166557367,530.397777965658
18.850284601212465,62.53634864302741,1015.1164227798295,72.53359777192465,522.124523476717
9.146426236201386,30.586599932945976,1016.5808765872014,72.47835001563865,555.5254894225889
15.379579663727013,43.0593640595895,1014.2546404091382,89.46707100833585,531.7523174381209
15.422716983499889,29.139973255198214,1021.8172187215345,36.6613059587995,552.1269117552839
3.0418457873114235,29.034841773430575,1008.8492952012908,37.00828982744238,571.1032186785134
30.935137512198814,35.771158304182855,1020.1141802230095,76.70924287344431,514.0646727504544
17.24367284425128,51.688929002627475,995.4725451730741,30.583462343511467,535.6876983702315
33.065015585840506,68.16258766395342,1001.9562887952668,92.0818003733173,487.1418781256445
34.16357204367592,51.70227401412299,1027.6201367463884,58.130355257819744,500.7160649712187
9.267768133247664,43.451213580847835,1030.6687018834525,37.01124352835485,559.3112237917726
26.636785804635014,29.529414468521697,1014.2553706902135,79.84899367209842,522.227687389539
19.418990362356286,55.26625377507213,991.4236027745819,38.10885668877665,529.107240940601
35.32611277893792,39.91977225657472,1031.7138106856296,96.69504853646845,498.8145020495085
9.41388648788171,58.821379785443106,1021.5928916112279,98.46902887524863,532.8086476952312
27.434714812091723,78.74532565228301,1008.6312565689913,70.01166177695765,497.04239263724645
24.70233276785618,31.12228768126526,1016.9270524439773,20.227050077520634,536.8788697305745
12.516757625301478,36.666896929706695,1009.3398675498614,33.68879649399633,553.9181353076206
6.327435242395731,51.02019959546561,1010.9402652029423,56.38752659944498,552.206973144582
26.413950658613786,78.27375984402613,1029.906443954673,86.63027050881834,497.5459014667913
29.805300867160895,67.44953769484977,997.2487911112701,26.639784724782576,504.0159329635714
13.30946640677065,74.40260562395565,994.6651110967007,19.39631131125391,534.5258134940998
26.148471556870238,43.354316666168614,990.1227935030857,16.702973487013203,525.3341571299135
16.41010539684863,79.56211605782269,1004.1300169025457,55.62708061240422,522.6099508920662
28.815068448022092,30.655804883528656,996.6336194917992,89.62308726352352,514.8440121709473
8.769395720868072,27.913509832535546,999.899347281215,13.81233183795031,568.6100068267672
35.7183851028108,72.05814448797155,990.505754219942,29.108938059418115,492.4090450484871
12.208974262157609,75.99956786138424,1000.2237936609466,72.39313142555515,525.9703760579437
15.343653522489962,29.982194665035596,1004.9720211869568,84.32770916293438,539.2405559815685
3.2655861311336416,31.238508471021284,991.4205373384447,82.66595763692526,558.755115283569
5.348976280529779,26.82457867656756,1017.3556855933716,80.6561251588298,562.5941590390308
21.118614205780798,30.747915945349824,1015.596015699769,21.681982073200597,544.9765249226587
11.436114392390888,36.51808992401545,994.3666100329466,45.75138239646267,547.5507101155675
33.58372880394558,78.35421404005005,1016.775439988328,98.6270196548572,481.3261142191262
1.5730421575431999,61.732312223182426,1034.9394263373995,98.99988144292793,553.6805785657621
15.78466789820551,67.82041640351981,1032.5011028765193,64.21846527587692,529.0422619172866
14.156476323994614,67.68766720303373,990.1201947015448,73.83404842490208,527.9950108678479
1.7537776057864405,54.429056237856805,1025.7920240098663,95.61554166567782,551.8166763549299
5.850367561019898,68.86189377421594,1005.9122374306419,50.49350751170894,544.6151022137898
17.132064321826775,57.76941428144833,992.8643116650583,22.318017209541395,537.0338714452743
20.221718793450417,42.300035368184666,1003.3192446172294,70.20539879644704,529.988773900887
16.767300142939895,55.861055982262044,1004.4781432340833,96.40920744104712,522.8655354346566
21.70656945807166,54.34297223739824,1013.5459907689076,72.7485484479665,518.0365466255323
24.21013532132158,70.28991795676264,1019.7487695270985,82.29890143213639,509.10559803397615
1.3870290239855896,78.99499695599124,1023.7075025493783,48.047392357355356,555.7875773573523
19.09971121868665,47.60734109815118,1001.065636915347,18.681683873036597,535.0433437976222
38.576470394615946,66.98648731427478,1004.4796756611823,25.199387789655997,495.2844379402398
21.2422589250524,30.486965222097346,1003.8771768086881,98.43893464919294,526.2837797895726
27.424148430899173,67.72572531965588,1006.3231590654394,54.38658852948588,505.861731063124
13.162690458758444,45.42793015962776,1034.9845339030353,11.08185311595249,555.4145538366106
31.18566374795774,27.166458958932765,1025.0074486272342,95.98305526580565,511.17566302549193
31.14393779316849,44.97853982091975,1033.8745709370914,54.80019207739477,513.8047838501782
21.330545858511417,58.58535130069046,1021.1899976796176,85.26415584626538,514.1560031474386
39.06453910788933,31.55875922248066,1008.2821815741278,59.36123278332041,503.812586574864
5.896458375743482,75.821897083664,1007.5384882632138,19.1532055307285,552.8660781779317
1.6609589306936587,29.271982730006123,1011.9861515238771,65.4012623918752,569.2135822554336
31.03617025852674,76.15036959082414,1008.7591402513997,99.76602486876483,486.6449311140434
32.47906595723042,63.892563486462755,1027.2746810741735,13.126400438134876,509.45463120139874
5.688081935702473,43.1341696477812,1010.9250905862011,85.76147777635396,554.1075183831763
11.357730485385638,46.49126912400013,1003.3026462094881,31.193271608568846,551.2132056016444
1.6845421712985273,65.74451506030093,1024.8687120913494,45.4479600440967,559.3335377825316
12.439035820442022,58.080910548466406,1028.4489184221627,43.54385605956058,541.6929302088706
31.15253308282819,61.94036068002199,1008.9193030263203,90.89174748422077,496.5359789263258
21.20046058079058,46.4040539082414,1020.0513857357489,55.40375699486543,522.8259197091863
14.575728133563235,51.82974149941795,992.6462040249737,50.245685815098476,538.3992269933328
15.497832501346881,79.44271162208413,1013.825918338716,83.62225979530987,514.6051001437526
1.052791402903258,36.765757877484475,992.0241511985479,14.401642087445298,575.3889954753978
12.6922205750442,47.98209025871723,991.3135878222511,17.78106835857014,550.2286051633614
26.211890923879288,41.050275316568204,1017.5816182735233,11.951997118866037,528.5890414170725
38.99358330883793,67.08113307419174,1003.6500922077744,71.91846136067957,484.43116605208144
34.03537225237208,67.02069441161464,1023.4141723104959,57.30545233712631,495.85769988096985
1.920203621175636,41.08450035485677,1030.3237152284667,88.84199132814544,564.1715875342475
36.043863582318735,29.47646741481406,996.2726028178657,54.86796126753451,507.23079155462733
31.54473811864641,25.628797216971222,1022.6035277360515,29.963761548579473,523.0470977931462
31.434668819268236,48.509779328336705,1013.1533999229755,82.46326357939745,503.9275003068908
18.861834601139286,47.5685676884674,995.0453662573215,36.48914688093606,535.6452732589551
16.522206425225612,79.36144332519245,1019.3216672916326,94.21208039369881,515.0109313000415
12.813713424494512,50.83911416337238,1017.4260061397913,32.53814990670164,544.4797531150081
3.562099499220265,39.10301032664813,1013.2038840330353,25.094858758325813,567.088866249478
9.901179176254265,74.01761925673071,1031.6912042051847,54.3991592359619,536.8337084798999
10.61754176414296,52.00873723094682,1013.4485863246807,14.546360617321898,554.3525306990241
19.87900571869786,57.95465993658178,1034.5731801952595,13.277055563435589,536.9739402091044
30.150331857271066,30.261779073551697,1012.915296623165,54.64130907299122,524.1060336407987
19.47858330751992,46.06040240313757,995.2133417235616,29.35961927153088,534.8108487601105
3.2559335284392636,76.93230209605827,1011.1712062983763,10.841737455566317,550.9321488630552
38.35380223853995,57.4227961296484,998.2047943149782,36.64512202883695,497.1365458081029
37.766248444670374,43.94760203283539,1016.8710068347842,52.96306184619327,501.53183072563684
31.622392182787927,59.41169493473762,1021.190947883712,45.48598313143808,506.96012058669834
39.6617881610046,75.07260992679639,1011.0795875418193,22.192251954438078,489.276165494301
22.234810979210256,40.069483025992454,994.3966335457417,62.17073450487798,529.4754023587611
38.54796565987504,52.781419515887094,1011.0888629362598,73.92996920328733,490.49980453894943
3.94859658405328,77.72798596514654,993.665439663048,70.79852459469657,541.5884754801525
15.26154918219348,34.481787881414895,1020.695667997794,45.438572915494525,549.3744422763083
9.789869452263867,64.58151590781914,1025.566570118929,22.383653605400262,546.8562385402124
8.63749028123653,58.79645545116403,1033.3071147252167,54.95380961416504,546.9277623735438
6.491315006814367,62.382132212734916,996.6960948207806,90.13885794433745,539.9998928213743
25.274132021073868,44.31707968671633,1013.9589150989987,52.185056404710956,521.8892532191787
31.4715523741449,42.26336554160707,1015.5391815390939,27.611294476742884,520.0241004185693
23.553637577394067,62.63153188236038,1031.5114440201442,18.374797278435736,526.0802383675322
6.731545673940177,36.85488068074999,1018.2274488268431,94.95339742889917,553.0510793216367
32.63382702740537,48.08101096724528,996.5479340540395,76.87084679892234,504.38024055976757
25.802233579385412,35.34960553291049,1009.6358095783435,38.16702754304341,529.924485995029
16.138462538952826,25.456766261783137,1019.4643137827812,36.5817165584657,552.995296073409
27.291081525906456,78.35315480209383,1021.5127994431184,90.56966380503377,495.57164610941027
11.136294190470482,48.743663826103045,1028.8383299365757,25.9811411328686,553.0011293916241
14.462496131274209,78.3142287930904,998.1228203929978,58.15335606908901,523.6166021210505
36.78194788214762,32.71779358723043,1032.8193966039973,74.21538476613712,508.5991056939243
12.329675721185396,57.305172870161734,992.6612735407017,45.675131676912066,538.0615457648048
19.329542458159526,36.05357180351818,1034.2692960556005,13.59121082887797,546.5138108359964
35.71550435844457,68.45407698298011,1028.5995191789884,30.49829323475694,500.8154267246532
28.60113266043357,68.10366438185363,1019.7122752242977,91.16273236981364,497.07251618904274
3.4259258204234073,31.19339319716215,1023.074797511899,57.080707015559895,569.5601650054401
6.744818726879843,75.1635449082014,993.2711402663458,83.38971218391728,531.743130497735
1.305822040104756,35.70463059617735,991.8665938302504,60.01169885115556,563.6225557258039
25.605949818937372,58.71375378741482,994.5794608448115,94.92418861410731,505.4219721804489
18.459263591006316,79.20984910482372,993.9311916598862,91.82206680011606,510.42744257779435
6.236719185188746,73.53180941215001,1014.6321555061246,53.45992378093617,542.6551218514251
38.359430721214046,77.6110160708643,999.6949794200306,38.64466228927145,481.4247650240189
21.656729233879176,43.84293241699657,1028.7092536743028,64.15019086110493,529.3554495318293
10.433838470402678,30.806660322070485,1010.0586880380632,70.73989135025262,551.161748348705
20.523539275033595,35.359078030919754,1021.2979714406224,54.85195830705684,531.298485605639
27.505192976669203,52.527219229213756,1019.3792891836572,84.0054898985585,509.20210652259544
3.9733295009690144,68.62763230503272,1004.3933867518369,26.499566960639452,554.7089844165713
11.713448786867787,33.258450430113136,1000.9425408086578,40.09706475616291,556.7168190544785
32.47165414447575,61.28523427434164,1005.4105328383486,71.77387216298077,500.60839373393577
18.926929945703787,42.79676822217316,1025.8496268232427,32.201547884880156,541.9796664467679
22.3165085392595,43.76611398156844,1016.3824581788829,49.58602702152705,531.5354028693428
17.8798240861693,61.405475158685945,1001.4092398133629,96.73601919654634,515.3381683074233
2.7120977630771996,50.68496807432712,1026.8030899377193,66.32883754179167,562.4339330778037
7.464241412986081,69.66183111642967,992.4641723749638,95.41515111770131,534.4315572755095
18.376123910933746,33.57551803145549,1021.4632518745633,75.01972629237183,536.5433669036405
9.158233150909185,68.44715483718711,1009.759536258719,75.22000927004557,536.5868749322084
2.949182117727471,28.532938643158147,1022.908067372965,63.267145632118506,571.2245168442815
33.902336898021126,35.67296341350827,1031.7357576109541,22.798773533325413,522.6935599523389
39.26650863740052,61.0882342976741,1023.7515344076107,56.774286179765895,489.4942479643301
31.932572085872838,72.02091110810892,1009.8884409890122,32.73995804531239,499.4593019058131
34.297611946482014,38.8973795256642,996.7939056681246,99.88052989161523,497.5388965826669
10.43710808236477,42.995538320590214,1026.2857939112446,34.02657460910984,557.3322927274786
38.46445204501479,54.5416411557707,1010.7317487114617,30.761725911530363,494.5742546096435
8.680102473683707,36.63650435691163,993.3890545555709,66.14948396116401,546.1724251537509
38.10576260411146,69.61359438731282,1022.357492899959,55.98539318976671,489.4299987849215
39.79795246467209,67.55001547531684,1003.1333384662465,11.921762192906275,493.0672701622858
28.757189424095902,32.99104415811799,992.1999703277334,21.657986109322287,526.6668634410835
39.26460553988105,50.51063524991477,1030.6237956738335,82.99386476447613,487.9209057617679
23.212051403117044,67.61552716600417,1011.739549144226,53.532275963280455,511.4582640839632
11.122129543867523,43.55312421068781,1002.643247392786,23.141369334071292,552.5705974211625
18.042839540959214,59.82087524947524,1022.237395104821,51.87183065521602,530.1852147797141
24.148876479772653,27.7617216801665,1029.8656069957153,32.783417477416336,537.9095272748798
3.8501809190535847,58.47788182911249,990.013818376519,30.123231500110936,558.6076693692612
25.2713873200726,33.395913900033385,1020.953348326897,96.1952748800594,518.7617070464898
39.265935633729484,70.68208288129483,1024.515526230829,42.58220741719669,486.8766954119639
8.414198341565378,44.54972049692631,999.4467342275772,14.178799420510522,561.0948983847435
31.91120953524695,40.48546245005076,1012.0330724134578,97.32940053735724,503.3006887124354
36.408052957405154,71.24889371913167,994.0178654513071,81.5355617294942,481.2810320956916
37.80436211998861,27.757921268949563,1023.6037447131906,32.89719759077427,512.5671455954125
38.44528857181244,46.81348396338896,1028.135520835351,46.800265123485225,499.18735616627555
21.336925910137406,45.35019473162673,994.8683995796097,87.60606171356156,521.5924183189804
39.11500841166865,40.664020583725296,1026.7407114044775,42.167216739094684,504.4690149490518
30.535098078243117,75.14648826008124,1024.720657671804,61.0663637805939,498.176669215286
7.305186013241514,66.30106164341973,1005.6110994166904,58.13711826981514,541.4014534310546
19.59910415225083,28.51577403055663,1021.0630288470112,46.11650937659197,542.9437427202262
29.014915839508156,64.30780971892247,990.002165575244,67.55517116323446,504.3002985211439
10.64627231694425,54.001452322083665,1031.9308944509698,52.59616635716977,543.6676730879225
25.983992158406608,74.54773419208686,1014.7672455888768,11.910744250657556,518.8213052884381
26.99741868281815,42.212008954159714,1017.91524888279,83.29447968831438,515.6307105366986
7.34529000853407,56.578909978527065,1019.9096736092595,20.184020447834737,556.0829334867811
23.038327185657494,52.54154011075423,1015.2616057748265,51.768093780222706,525.3395395094809
31.0934495281657,51.92584984251832,1028.554374939276,62.19107118347474,504.3515570471585
20.456930916901733,50.08579697344669,1017.4365824468194,73.49554487739617,527.9398142812157
1.4720215542681896,36.30962115427547,1030.8491996058212,46.97168817591545,576.6015846084754
1.352500294092395,66.5640457370816,1016.2049230005304,76.19936383274784,552.8400418705146
14.924144414830476,49.82348180066088,997.7005089891255,21.82150762467132,539.4259777891316
37.121568668839494,77.71839512514332,1031.1103150127685,68.81009934437012,485.1993260615211
9.918394404540742,39.344463495602696,1020.67323742619,84.37050348271326,550.959878486139
25.7401838659958,62.55091117948726,1021.4657547496,90.0499575553751,509.6142949908203
9.660958957039503,76.73943938015097,1034.346678775722,62.16098463585003,532.4268466432028
13.545129596722397,61.49020776588509,993.383844939431,38.16056782675336,538.6126474347556
34.073641494457874,72.92000991895671,1009.2866673192827,24.702086054226378,501.78683067713877
29.425596248527928,70.51145278663533,1000.7592926843977,41.10028775897004,503.69300351326984
4.720571815215214,44.80647435189521,1018.3691909121146,58.59769358389958,556.3117114855172
17.71937881847091,58.00681669667231,1026.3065257686633,27.66972015924045,537.8557235088842
2.1376207821653144,33.59437368962456,1033.4839819001586,95.72634151237837,565.6659415721339
19.75471571751735,54.453923548257976,1010.4568248129624,90.74218859856185,519.8333783672718
26.834926456341655,37.67320844978855,1025.3798203789172,12.966147537888812,530.4238337722771
5.621602320327911,65.9055248223845,1031.267321641817,60.576561840734996,549.9035173763245
12.266512617457462,54.04321320406685,1020.7496444641148,81.03779112219519,535.2284591772722
16.51562839458412,47.61750494474133,1000.9229648602397,32.08527639406063,540.9330510776676
36.86170996158594,39.783840289183765,1017.3534367998507,57.15066091534695,507.178546131495
39.7369456014956,79.92841650127077,1033.6478421517734,46.53926941684411,479.248623804577
2.7515406608290185,28.944078648671297,1034.4399222987704,27.689163779626877,580.2968749560623
30.67930901632029,27.395837431483102,1018.906192067255,65.32636454882405,519.4915072912031
15.497238589691387,36.94915702716255,1029.9144491042396,99.43229578661479,536.3740712101061
16.30586926294972,78.40898522453008,999.0157213731871,42.87585342519504,523.7999770357708
30.416333960533883,78.85809925759915,1001.0735372228497,59.714110743802024,492.4433127529357
36.81863085367094,61.02102541246748,1032.8799425798186,39.506921345935055,496.2525234720961
38.086215185599386,73.40586669635226,996.0855918972663,88.92537551222472,472.99697386096534
23.50778085549451,36.76789519624374,998.5997897142065,87.81424303813239,524.0627026446206
14.92772521271961,78.4623151797143,1008.9246869604024,26.089604915317324,528.8301403700063
31.71441434849239,32.85316675767606,1016.5312929489007,90.99539868142546,511.08140117719535
10.78905394722971,30.561885349991204,1017.1717748535722,23.63578399504604,561.3187167565756
22.998887124507192,31.17163465860001,1003.1389203899504,18.589596366280084,537.2886376055761
14.984559999470052,56.52203577999106,1031.4276254077656,68.76411541313787,535.4613387889856
26.608611874607167,67.95359203949289,1031.1794958423538,44.73136952829055,512.9553034319875
10.375557602846769,45.166694783104816,1007.6430623873567,57.76665341156837,547.4778261717705
8.472124883658205,78.78427932823695,1009.5431296243634,68.7313703743717,533.1698665597416
36.81132438034204,48.893107596508116,1021.612370257076,14.755351401368639,506.58225995007615
4.97034363503194,33.27467029252689,1019.8348153379505,36.3657853981894,571.247570313947
20.732358401662335,50.62817115023752,1007.2033656732433,51.48156805919804,530.3764815344426
9.613258535557348,62.34704409823419,1008.6409913184451,33.99286688253387,547.1067474848913
2.5182685697010303,70.77241792774083,1005.6617524539693,14.407424585696885,557.021626420738
2.404733913365629,50.232255947612614,1000.5923253128989,17.800891590794805,567.1730987846333
7.833649112127267,57.64837543270421,1010.6162263315863,82.15730818783601,544.8430777736799
34.80404382573401,39.70395916873694,1020.8895359356143,92.02480832916333,503.7470658922614
12.01667101510404,60.52540895230327,1023.3885017391432,23.700997218740397,549.6936766078447
38.06790765243653,79.22845691726891,1025.0493141715183,32.43357615623371,486.32071624625854
23.683269426578548,27.69794649232866,1006.8629406053905,68.70244642579627,528.7265219933997
18.02795340098188,73.75918688878423,1024.4086197428237,95.88445984832025,514.2028010136229
23.62346455210873,55.92553765221375,990.2932342061343,36.9630738219944,521.9654951509045
21.151237023824443,38.865426275926495,1011.4672471972597,86.9692263612401,525.9633613365116
30.59227389653568,77.51893405050919,1025.725698005971,55.54221800053388,496.85919730580065
12.017346572941237,51.58448666823944,1018.3520124288609,96.09027751727024,537.7284689396764
14.768965272411792,43.242963842036204,1011.3328405869529,22.26327961853722,548.2935445425343
35.86967779879678,34.982369554896266,1019.0088902972857,97.63051583871878,497.88775821086585
37.911804012865815,38.44487156411641,1030.8125701416898,49.688076504655726,503.4805805341502
35.8097708719725,70.80669728752935,1015.4871810274593,95.76445513836356,483.02901951202506
17.35847176433523,58.79255051244412,1025.9903786157047,51.282119534636735,537.7063944924411
31.434254617268387,75.22850907185739,1034.133422635134,57.70739207085203,495.72406351484085
19.577093598742852,37.758264868678225,1021.7505690934005,82.42975087995889,530.9414576839258
20.404054233697984,31.662621561689583,1015.7996593750079,75.03656506654546,538.8236540732227
8.982524253234075,25.33481420365745,991.6868676206403,65.76429883755569,556.2113147772259
24.054081827082143,52.93241206887966,1006.8515054214564,47.52820212306004,522.3268784768887
8.259300012380569,79.90688117100935,1015.4449230081804,81.31945306596452,534.2122425250179
13.931023263620556,63.223089785025145,1025.8742957267714,95.34054999603885,524.9289754446321
34.34617786317747,41.96170255808303,1009.714715534141,10.882980724872414,515.3723835316355
9.075956559223354,73.22722206643945,1033.2026224094147,62.906058680739505,536.8199857977027
3.7751731217638795,67.99472462933778,1002.2307188680654,87.93828360805136,538.8069505054181
3.691296111899836,25.84783413420966,1023.5055237844642,68.78012836110015,572.1650085290792
37.690596299621205,69.92732642975623,1008.8564137687857,82.07463320500031,480.4931695047425
20.76989708051155,41.52897164811728,1011.8694822554658,90.55549934640868,523.1730564356416
16.967070800863716,33.232040552098056,1026.1125915239447,77.58559142677521,539.0485253732949
32.62426465930882,37.4481961855391,1003.3296867743268,74.53156612282895,509.8365437836497
33.59721118851012,50.771889240632646,994.3565425467814,96.82713022275264,494.43509052450884
13.95545029150858,48.367735988740606,1013.4115013076042,87.73161921024155,532.9078151587657
28.051104241478015,40.888801465582475,1013.7957575311686,83.38400826244964,514.5846854230056
31.073789818223577,34.4720077213868,1025.8725497501418,17.776302442468854,527.4883583485217
26.531376787772224,66.92269343031931,1033.5743642804446,31.512689482547607,515.7895444225798
6.912207917203876,79.45603810542045,992.4885308847756,60.10804218925806,534.5877294892175
35.15944025716522,67.77853692308298,1016.6260263184399,73.86040944773323,491.74601169462284
22.02468755670434,41.27653322193477,1020.657533864166,37.28934039704292,533.9668106009459
12.016424628430144,38.46449287766734,1034.3610607836836,18.399530180874102,562.1107722847657
17.583899232070063,36.971623183626605,1032.416559642461,37.99892681337229,543.9897706478516
2.465272525557388,32.518229096896995,1022.060284412039,79.39262625224673,564.0690711647811
5.986805247674285,55.32318023307657,1013.480523506001,88.96609264072357,543.3094006999347
30.856323270118573,58.29702045743393,997.2685765034668,92.16132835099086,496.12700695183815
1.0004537554592794,63.80264633647255,1007.2879449841988,44.098001122973294,558.2120624684949
17.246067310809394,62.411735401351734,1016.3305046275719,43.52847173741768,528.0272954359951
21.37789706233795,41.07833212058604,1022.6340178468089,46.603672387461195,534.1168010705157
3.1307423800379195,43.16710529682656,1018.59298008656,43.8228522479303,567.0065470011604
38.950048355920984,62.483299449328584,1022.1355260822484,69.95769467564887,483.93929379818695
9.818887918737206,44.219620243099556,1009.3118627048354,42.249093591879344,551.6552163240691
12.863750065814953,36.694275429062216,1022.7432280756954,11.830954295282124,559.541215572653
12.853757977946065,45.58848845332068,996.4683565208874,49.51221406190846,541.634545720992
9.986249822576646,39.96462866678877,997.3163840293402,30.173685956072898,555.1073801538602
1.0574790613661453,29.85719966702178,997.3274465623258,12.592642400615796,582.5585211700071
29.44444696943186,70.65763962521595,1030.0889230666098,52.37586563806434,507.7952603477148
38.70697449217213,71.921126403637,993.4215328488885,28.535910327846377,488.8816843540895
9.747445848116758,37.08626650917837,1026.0678767730064,50.74676333557607,556.0303926573308
26.858840480333473,28.562470973886096,1000.5106904121031,34.99749879492579,529.4216248894104
29.93395675138989,65.63550905431487,1011.0793473222863,64.33379832523899,503.3638065850647
34.08858978453046,36.63407442248776,1031.2180467959556,99.17896481865635,505.8763256906969
17.482538683530755,46.63895191902731,1016.3671753359378,59.250872864049846,532.6856257766796
12.81430531997674,28.527438873056077,999.4552958804561,68.22063252034931,550.7927877033775
13.686510226898214,37.44482716171393,1002.7840527143463,92.73481819760812,537.1592170391868
28.792231990842,68.60962530812998,1031.4200980753103,43.660037595258245,506.56006050299436
32.85439919371981,69.2418045803361,1009.221476629949,24.989360480702473,501.85816632088984
8.082944742507504,36.38966536882407,1016.4143467353056,35.45175546374979,563.7901768449798
15.466699318152843,43.47526148086793,1010.6969488481425,46.251544664309435,542.8605070885226
36.17566767321685,32.3831130501559,1007.0297139621803,68.05159131302544,506.3495581263263
32.46104726809483,29.07949466567073,1000.0475607119581,10.412922648674893,525.6574224340542
39.409477707736556,79.56944429466252,1020.8786175218071,86.80448932902858,474.94049790249863
30.41568212760115,61.05766731846616,1022.3208911822454,16.84845757448474,513.3570336793595
16.33461284008897,54.81530800590753,1002.3698291223329,91.05896340266955,526.4790106473694
24.034875525790873,67.10241752229147,1025.5054879374675,95.4491069084409,505.32737831253917
26.779555915645492,71.20424378282482,1028.4540840135755,99.10925147009206,500.5202508696559
4.059776836367834,69.36931224246001,1031.4303793307834,82.85591659661898,546.2935708827304
22.235381405050738,25.909669710943213,997.2545586263267,22.766997334613734,543.591808200281
28.663512310431773,35.27443440047742,1003.676565762597,73.55503389026677,517.9271681025787
7.525530856041355,61.01979161648071,1028.7159006376662,28.298916154735885,554.085686764165
31.44463697959673,45.66676412921796,998.9343091272552,90.74150520223635,504.6582870750804
23.767138440050353,79.03654580836088,990.1560806659573,38.494533308981026,504.47435174057114
38.136649642206194,61.597263595103975,1029.1872289613236,39.411637936753706,497.2992860703888
2.654469630068776,77.61018998010636,1004.6902248788116,92.588796632338,542.3190378915523
11.347719364663211,36.07955649051866,1008.6523886312527,11.19079637053341,558.9176155374477
24.460601292693138,72.51763654632626,1010.0850311574287,27.45695363352128,513.7617520723029
12.565836576031296,42.67437681983739,1028.1723570300253,47.97390399071096,551.839398684033
28.862542398778444,79.42606445307938,1005.2051465067058,73.06494105791737,492.3884392157877
30.60120601835531,33.672876964023104,1030.1525948635417,68.28095494402618,516.1070105573468
4.998122598592504,53.398690036107965,1017.7622612121621,70.24706876504342,552.3707437120827
21.04032410406394,68.60644936104171,1013.7279025815158,89.20198255695978,509.7586832586175
20.84673166805118,48.795336433221976,1004.6526528207359,20.892737106393096,536.114981645679
15.4019500384061,50.74462331032057,1000.9670263326534,56.99455265968933,534.0203661325219
37.38406964021721,79.24956875281575,1018.0826299249807,75.29299201922397,480.55482155526784
33.27274647505563,48.39194826656343,1010.1102372025459,67.2506598631748,504.0429388852308
28.191165894475834,58.2239655329485,1030.9732204469403,50.34827079453407,516.4993626540735
28.858738793664905,27.99968133713329,1012.1237422251322,11.540312728494758,535.2893449122423
19.006929608711644,71.3215544115643,1013.0307712515536,15.440703908309619,527.282630759123
36.91878632276646,60.64924269387489,1008.75254765112,20.704719416845297,497.4268893408814
28.08922166287813,47.22110565745474,1025.5168348646077,40.89049775518272,521.8783697974711
29.430261404576843,25.889324697498587,1009.1177639149172,20.588810740043222,529.5680996969887
34.605945247706465,57.541785132642715,1002.120389988739,48.347408175634754,498.80960987574645
11.68879198434545,25.69618056662892,1028.791389343208,26.077779152702146,561.6560118685169
32.475765250801416,25.066198764995985,1016.8572699614358,80.12495777735855,516.0292824683049
8.614383515303189,58.88542091821451,1016.6179598896051,88.43388550409941,537.7334318686126
14.468336137550626,35.39593870340048,1017.4869993223767,45.068275717135826,548.9239870129136
14.088807716523865,35.55381523449524,1022.347788669255,56.01985887840748,547.8550394524685
39.16249326717648,60.9299361208009,1004.0880595190655,95.81466174048474,480.65553890231934
34.404951726169145,27.953345336665585,991.5229966874851,58.19569798137584,512.9308513004754
28.34562460202013,42.237305881100596,1026.4766922394654,99.55658942590824,510.1099333707899
29.355213703000214,33.21875461781105,995.8007274246737,22.791789432284915,524.0900977179313
22.92083898170027,56.90970033880936,1022.4818881744745,87.60037785370285,511.2966636427309
37.93653601723224,61.39708351000677,993.7041884229297,54.74827024056688,489.64171746689357
20.3540913624121,64.6624719479474,1006.8888528912821,12.044270012470134,528.9974327790826
15.840190684925886,39.0377169305211,992.8361731424192,97.50006472954136,530.3314570099645
7.358378140332049,29.90873634001212,1013.4996155832476,96.85431097690221,553.9047554646457
31.662020438181262,29.32760113180438,1019.3911097751709,44.49437561645984,523.0967638448265
29.643313350948066,48.438335164789805,997.7144913530185,95.87278639773145,505.2435364115485
15.98984650244126,77.02144249844932,1006.7232428297281,22.690867801469118,525.7714309322114
1.982543144409945,36.97509688358635,1031.8607770969375,71.2099127008614,566.1662464657596
33.72089578100242,39.120788073785214,1009.9075102698356,27.27360881990511,517.2000732451024
1.4453013547088718,30.54888411582224,1026.114460603945,32.19825127013449,581.4878933790266
28.444291405532987,58.306365064166165,1031.7233135277095,80.14036934823449,505.1568231147648
38.840027279316224,62.39300806709462,1033.845562123978,43.962227610876546,496.2402034123712
18.068791797779934,60.3612164488418,1030.4244908861117,10.641475254575907,535.509528012802
10.163962794842158,72.36216336746297,1004.2832398121536,47.28145817760351,538.7923867574872
28.489969391691886,51.75342092643395,1033.3157798772536,30.526238856966355,519.504162183659
32.867997538607824,32.39513724218855,1026.557785878572,71.4996922202462,516.1215224845072
22.310782327036044,40.917282188742696,1027.672901263777,27.500382705115026,535.7211018698079
38.7143757349897,61.433648538174346,990.6827842877326,85.80281755928281,480.88523287132745
3.015080144660483,58.721708555785796,1032.9407488493232,34.03837108973478,561.4316168702959
20.687028333876597,54.20517213586294,1025.0140600731934,45.372543245471235,526.0135599798699
29.019703945579455,62.5630430278778,1024.5585373428555,36.82331747173882,508.04925628243853
34.64297837481798,60.05649677053147,993.6686128917863,67.95310130284292,494.41093995475336
7.990968864403812,73.47286892057235,1000.4655843482999,19.104718710375703,547.0823609712485
32.20013578878358,57.230900761306316,1033.3017749312055,53.02894354284197,507.3638489897707
22.555575953023265,67.8230747285306,1012.5304683662464,40.10093336935523,516.2133348546894
16.465593597608567,38.67889357815573,1007.9036108206765,89.57241669594832,534.8587399682488
6.136886114584649,62.30004215239874,1027.797336771611,16.607088421695316,555.2814919629628
34.746534597447585,74.62067651104717,993.9303186351275,84.67255584395693,483.41972558023946
7.133655119008899,46.21527803449083,1008.7623907321977,25.091242887691823,562.1723705546249
13.081726509154871,67.85073030362557,1006.9065348489937,17.971989393695964,540.3587164445387
12.311775746535037,64.86341156574895,1005.7433124163676,28.20905723107072,543.2766854732689
34.985147333443315,28.273940827950238,1003.8461509643882,19.238768381062933,519.1266508633477
27.235416774147023,56.98295702932398,999.4533730555535,56.8885553381913,510.6190988871817
32.07057449046352,32.16041420604413,997.7809861345735,98.93934576242032,506.3176908706785
10.76824805290746,78.20255447268252,1018.8182752613853,13.089461673183296,538.0945292923298
25.370089884672957,69.6274126485361,1031.3727678543905,51.50155143875152,511.5511962297751
23.298093342606197,31.034809068591606,1012.8983240362446,44.74632961970756,534.2563275892159
33.480384694742575,31.696359870622313,1003.408854855599,40.56457728217603,515.5470977567032
36.33739535876916,57.69606202019404,997.1622088975001,39.86772493900248,498.0239155803948
1.4741140876180854,43.96890457952509,1027.3564514273667,90.5511480963816,557.0268996363387
27.286776843292913,26.91982224902101,1033.7171425412946,11.707853518756364,536.1628061402195
3.0215961656694317,54.790282930817924,1005.7119930660533,79.74247486421245,554.0528289634259
22.405487938016883,46.33148048272158,1003.0927691498458,32.76398609253475,526.2463647185589
12.217676432703449,30.559207080445844,1017.0671828838723,44.496595973581734,556.7687201123275
12.964287381363507,69.10562157407904,1024.8898041429043,47.81349215637199,534.2906345479269
14.765381634641907,75.32922209033433,1010.4931261597349,37.4258578666369,529.6420880184503
25.230405512934794,66.61266637077715,1018.3532917437427,18.420297565185805,522.5464041233338
14.027948661082,70.23322705089525,1022.2447080610482,20.28977639464913,537.537228840049
29.575262973020937,36.906981199636455,1033.2266529535282,36.83180116743799,525.5181171216209
16.77656803738092,39.49651230052305,997.4266798734037,83.96281475985255,533.1211603531866
3.665774812088386,36.46901471645533,1034.8822122221416,22.116488750867067,574.0132691125473
31.56663385688018,67.07848872510601,1007.6470494858553,76.83758498313377,494.57165205134066
12.144574659115534,77.13543934139733,1022.5440064226949,35.99827564863589,536.0289081524483
17.877908304371243,64.42604637036465,1015.7586470087849,89.51184416008834,517.8170340035674
27.732311445654158,73.48067206837558,1011.9000877653978,48.54956278605768,502.5575532058605
13.96579012879977,60.12845021857449,1021.4133915929214,25.4550981967638,541.9966221256748
3.206840589721909,46.32129453073395,1007.8089232600618,98.72600050994592,552.4882999043275
15.58292083349973,48.416888821166786,995.6749491601563,25.897106730692045,538.4820553281965
37.833494725077834,29.142678769207265,1012.0002022404558,61.08578391090425,506.2902586948997
26.02764149464377,26.730145738531434,1013.4862141807043,61.23578302865208,526.4328834102865
27.18768679802107,63.251158230399255,999.0855969029973,43.553210606000185,511.8881884323578
25.659003991867955,49.113589060614935,1032.1028710347896,95.63397332942179,509.7331210101315
8.760693419418036,55.37182874300463,1000.2364040990831,85.94871061705585,543.2288874197685
17.315020699988924,55.671368619232894,1008.4152417337843,84.68376047544179,524.225653675422
30.286652136169412,40.25566973333158,996.9718359080125,97.67367418865301,503.78871614432524
4.9535430045732065,51.17408809562199,1014.1108490784125,51.13984043766852,556.1137504435285
11.836258267498778,50.89181219172362,1003.843692364504,18.746719805802634,550.996396015198
11.77644523016829,46.36349716753213,1012.0172633989238,78.89103329048145,542.825109862197
17.848738176185734,70.13714608705888,1000.1077612406191,44.273132150674044,523.4112253132138
39.234380896745215,49.81402020281777,992.4198807576922,27.131063662316645,495.40949879813127
3.6325993206690557,58.20044884782933,1025.0651992987014,53.49226088982281,553.7445702835422
21.229338780843207,74.25360662094543,1018.8488827781846,93.31470461504469,508.4551096363005
7.995222598476207,72.64284925724073,1005.3332710069956,25.422131711316556,546.7107297115796
38.85638527098002,73.97322120785408,992.1372401107045,86.38289337067677,477.24399174841227
5.4188366843711036,39.850274805575765,1028.9508778213703,47.63844474536056,564.0245405492307
16.740439092102058,26.924036856943456,997.6407752221056,22.312178263282778,553.6414322076613
29.777514408549642,39.358673994243105,1031.8833998226642,86.35440735897907,516.4632940131437
28.477622693070366,40.328904009138974,1011.5367920368182,97.26583070722857,512.6570356356125
17.48641683886336,75.01481796987323,1005.3174019458818,36.21436442515105,526.1499838174761
14.51444255015601,60.708350306088384,1023.3791764600934,37.31825888578619,536.7809797593425
16.506882763561954,29.49371777812258,1029.4577732733833,45.149138473593986,551.3819410100027
11.306774263186933,32.44582278061056,1006.6821103640569,83.27173280147264,548.361224367847
9.007984609565192,33.56218690480865,1008.3304688476584,10.937547706554984,566.9513628505675
19.83854820479671,59.673196149290774,1009.4921198706239,30.156089656378093,531.8942217703964
11.472816486636685,65.44777140288517,1031.5045377665401,73.53098299956935,535.786417496088
12.211004930992754,72.28041508109678,1021.1653796181449,46.50755054369735,534.4899187754168
26.613486475507724,76.73501029434337,1001.1440752670545,39.72660606713148,503.75757389487165
38.772955936295794,36.0937506562543,998.3249863875891,88.50546000118158,493.7001779897724
24.54185082181563,42.0374866598227,1000.3665448541167,92.56005281316155,516.7562736479252
4.002199215533684,38.21775844096569,1001.8603750133483,95.31875972495759,555.3646864282649
3.947760940308612,44.731886210637576,1000.3582571100301,34.529547938886694,564.145755922692
38.10550561297707,75.30658090830622,1019.6327901236579,92.12613485851962,479.2138712026721
12.594340821986012,56.63119118166489,995.2170079795878,76.326899925456,535.0016411428946
4.590612457216542,65.60055435284744,1007.4311320368582,23.87932736397226,554.7796916485647
24.36273889886488,51.95655798697301,1018.1274107836665,64.92430254773893,517.3021473424636
25.322302353320378,26.58718523348685,1003.0886988274319,12.37013373762921,539.7278221560525
26.291687984628837,28.53075172987979,992.9373473115746,73.75403401937785,527.445188785241
11.428679086444111,54.58576671973371,993.6820765280686,76.02107703858445,536.9419720801817
1.5893166843645263,64.5333969151014,995.6685049337109,81.04046577354976,547.6394409445079
38.6355994087244,36.843179014080235,1027.612936119067,25.527254871019142,510.7618464998932
10.784828781952998,64.70502656957672,1019.6038577522237,66.54249468527779,538.0781542633856
27.36502523404935,69.58661754159318,992.903508499394,26.097101634488894,511.1898775317678
28.558564925269675,47.65436130991611,1007.5980995618139,95.19850750502582,509.2332713248242
24.790289266099943,66.05305780642577,1002.536332778118,70.75096234127511,509.22657714127104
13.203388374332281,47.2216472680653,1016.011805023296,18.579326320365016,553.1592170012465
11.572753896798565,62.3092846200261,1013.5262677352541,26.832900700524053,544.4609155366452
24.309063025405422,67.01983771257487,1011.6505810516371,69.7114088316773,512.9815405718289
34.77772971085597,79.55596400694608,1004.1530566667676,52.90034465436478,489.8708116442692
37.92261542801243,43.99681641349778,996.2009897419796,76.26678995897906,495.9512238283367
5.1303263717465475,47.60724293160363,1023.4069372292687,35.27099190330932,563.8266578788451
7.038315891311074,34.10910326755942,1029.5935545979194,69.21257831623691,563.9963549125458
37.84471409254011,36.22401821209938,1032.4867909154768,25.926415122739513,513.9841367717107
29.72487390505691,63.13672514291078,992.6378536776111,58.93392370249298,500.7052310174556
35.43675916836115,75.43750745849619,1023.2958920214998,96.20196323949875,482.0760774248887
8.902672731278383,46.70327234136823,1022.6926556733133,66.54000090618877,549.0553847626538
23.915848973266673,34.891444575954765,1032.6199326365515,14.499425575442483,543.9968103423051
28.34444418228147,40.68047246606467,1001.3811567523994,98.98859239629641,511.48303655403254
27.524363532431934,50.027843764447624,1023.398056723282,24.117969668397905,527.0223375472895
16.917915943801226,40.98576811509526,992.4581829944918,74.62621924273947,531.8554526380419
1.6004007759610306,37.84684957170265,1018.4060574342728,57.92770351577764,570.6542682147905
23.734116215366264,65.47914688163937,1005.7881520823481,36.49246190238734,515.0902822332063
10.870960028004742,25.431470668234276,1024.6009247796364,25.95794368849382,561.8007756874631
18.559915599572722,54.65767900350657,1028.8486928895927,25.993212784904415,536.155626886046
38.34565958826887,68.65717438663646,1006.4169468997882,87.25597130873444,482.86447625102113
16.562377388054955,39.64255574746075,1013.6513741714685,88.5621262747081,532.033924908068
33.752262659912645,58.18103308366096,995.283182806362,51.86309694622408,499.27748586807166
8.353083624220794,61.78950580902398,1008.7608134350564,19.325931663247648,553.4582773191586
27.225959422976125,61.02635830227995,1006.2360176966627,89.5748593462111,504.88155011024566
39.103271223118796,49.52172988092947,998.2405556903033,53.831483755758015,498.34337883322587
4.9738309340445355,44.06178933316785,1030.251538114505,49.48861805802223,562.1503838364017
1.3244777468604885,70.97582401652974,996.6639527118072,46.66213219938582,551.5787377894285
17.90972891267196,66.71452763499254,1018.6082710888584,42.85127564732851,525.5068339569564
4.612393839003321,42.669034537765185,1030.056418956595,57.34048632477347,561.1647185713815
30.186989637373024,30.666055694321336,1031.0385860938452,64.40871039505338,518.3453094175699
36.667397890093795,28.949414999500807,1025.6957864928256,51.97889832156603,508.10488472323095
17.926817935641594,30.185178784441483,997.9263510243379,90.698334710954,538.2188916465515
11.089754044062197,57.05781486556236,1026.7844134146242,38.589510567654756,546.5678881143892
17.94172944125778,27.841419670594433,1002.4454165587031,62.04806711081032,546.8020391466054
29.21446489615004,43.53097812302211,1031.5079112344629,36.99585281745867,519.7215178120285
1.3531123016344682,66.42598360528262,1021.9089006640733,77.80150214132809,550.1243784751504
23.98870558990319,41.1891491583458,1025.3370402454,19.190898939541206,533.370541572119
24.918375710607783,66.98194424490714,993.8264604075872,26.98290971157993,514.3605035669096
25.869841628941487,66.00068710138804,1016.2244301049595,82.10812689342556,507.381966637441
10.438861119254211,38.520492294826894,1026.9513957104405,26.487783569758484,560.48003462755
28.848056211746943,65.085219905101,1028.7715658747625,66.31717115752662,506.89543007311147
4.56426796693928,66.12771510496555,991.2884267130139,97.32191067137772,541.0694638283562
8.771543122205232,46.85996591168647,1032.2621654649804,57.06015523893692,554.810135011233
35.22133181952479,36.5731266057835,991.9502429986115,26.865680170606232,510.11994819881954
29.81020287833609,53.669894379052806,1017.6533405853683,38.86219411233738,512.4519457381999
1.5360766064424647,75.6768673400108,1021.2024387426891,84.11122688088143,544.9375925566341
10.686674154422208,60.17892028376341,994.8305381025559,41.649482180797634,549.2833504437808
9.361852836733418,34.51073736949937,992.1605339524136,75.11602231268321,551.6309454260977
11.561446793441931,62.55163086034359,1025.3210469502828,79.96150565956091,534.6667615215623
10.65483104091557,48.496166500500905,1007.3101781158846,55.106456252064774,547.6294968807687
3.4385255339709837,57.534083854545514,994.8200631891806,80.48920459297501,547.2215494030808
18.898680147275993,65.37352192627094,1024.320051737444,38.5212703985393,528.5482168878088
29.57660551666044,53.32210433329446,1028.212338156463,56.45436820447652,513.5407424477352
24.66253726398002,69.76911860153197,1016.4323785841464,71.79024375749265,507.9500713619034
27.24199507532511,64.71855686241453,997.255656379559,25.126583257394234,511.79227291159015
4.164817962913327,58.82903370101808,990.6850112171171,34.62597706439708,555.07636841972
38.1081376968947,33.29360487077933,1021.5361116585875,68.68329430542869,502.5363487977805
33.70118151987797,70.97720110013626,1014.7562853671393,68.9824107846598,488.81416425459173
32.398522421330846,76.47480719258988,1019.2858713774036,54.397238180768106,493.3512912265111
33.09636839662893,32.533081809511216,1026.5933101589817,81.60268211039084,507.71316500247144
37.37570981717769,51.853262118838686,1009.5402499646838,53.384941180447804,494.6005382490476
22.225904678434212,39.23888080837774,995.6031960975129,89.319003887236,519.7885610312007
8.810998696837409,66.49878190840604,1032.2992478425872,76.23130877847508,540.781377016505
25.054560706249106,64.6896299802585,1014.5367957261086,38.32253769730072,519.3244778984921
29.97237825304962,32.74868163137193,1017.6882353589843,45.572860763609995,519.2574703579247
29.77877834080699,73.23649991939004,1032.0035143298287,70.09180171928611,502.12230744852695
21.336511942508324,34.953518518790126,1031.921264533962,90.50073569411421,526.9563102127422
3.669890054009544,68.84924641064592,1015.7442573027678,26.083785943315785,556.8210034270182
15.473404598774986,50.133919779540264,1003.3925141124641,56.319718486778214,536.6733366878582
36.90989773007094,43.05497614569832,1034.8701135305732,20.690597919193905,512.6552908716674
23.793507480539613,33.703159447081745,1020.6367690479091,35.15096397881181,533.0221048148945
21.994945786972824,34.218784088064616,1008.3796504601426,71.7383223363918,526.1652915528083
11.485287060905547,61.403980508549516,1015.1926561284115,16.996117172334554,545.1387183942045
15.369507876746578,55.27367133709163,1008.7125322620614,69.61227236999628,532.5005862054386
35.9184974769736,31.7146981908178,1029.9737318533491,91.07300088507674,508.1859368053299
26.99205885354659,31.198382324107886,1011.7124718689586,97.24332619166195,515.4782376547535
31.70809404334098,28.97708161250353,1027.0587769191561,29.496898092296394,525.0457130158941
18.71947149963855,65.90720410554493,1027.8079334020351,77.40081609470883,519.1538209721207
25.579641558790158,64.15351468761091,1027.0949551980862,93.37334038349768,505.8802629279287
10.686960740985093,28.213704497001633,1022.4984875614053,18.22323797644924,561.4002488565174
28.512972381055963,55.81485415783351,1028.4694972563411,47.26212476402848,517.1598340787907
17.676452014430154,29.657188538347945,1007.4253310830336,92.74687901849494,535.5950215660288
18.259275077775076,74.7060173834918,995.1598442763882,28.25087484293471,525.480436955283
26.323570658498383,74.89145805490728,1027.910439196763,94.03846154090576,498.6907913520062
37.51494423728814,63.40281443972216,1012.4175787059305,57.44728639790006,490.9052498962872
3.496247517736216,75.94039067916975,995.7319214637533,18.99037742838001,553.7694207744827
33.1649862565333,69.62991667275298,995.1890634981903,50.48895850799635,495.1726146962718
12.402941306075531,70.56962167598772,997.1659077304452,39.36350759203596,534.5691967139384
18.312858725748736,56.33393178134632,1023.7937966850197,35.39837444966275,532.5817110962976
1.8546198222253492,41.83325590188967,1021.9885503059827,58.732801807031535,565.1285039148834
12.740797035538208,36.97895133140319,999.1718406083197,53.523342167668304,545.763974021946
20.602618462575087,42.99600121214111,1028.1115538149409,53.377044365808274,532.0769974926673
3.1908670165501216,59.567248654898414,1002.658265798771,17.932755799280375,563.65454868371
20.15273344594344,34.49610947078194,1025.6843512491726,82.20863629244229,536.2209515483539
37.15731452547867,39.22521301505269,1011.9962658480724,53.32953838202157,501.54339648575626
5.110335506204404,50.743347453750545,1022.9196907142355,83.88152458316868,551.7357300868201
30.813188394944667,37.81775541885386,1007.1624448383104,84.21351773958553,508.86554133518575
16.977171081663712,57.37540183438339,1005.6213268692649,38.54217923632389,536.4010251089069
26.551774866449183,75.77468156509815,1027.86118195317,10.391167342685112,515.2970696209782
11.149227321423945,66.14491511367196,991.5886014531332,92.01211097123065,527.6004198061864
7.220198239112973,61.653463778190215,1033.8631626265878,78.46252237776163,542.3811844432885
7.258041956577831,57.049681179107836,1019.1680801219418,19.6526761141124,553.3333965997928
3.749185880082641,51.837135009138564,1009.4617524689749,73.15543306027912,555.1698635116227
8.240221491148478,35.26101227990628,1018.2624539017692,11.802094180199255,567.7088788796196
26.904556014569764,74.20907504847762,995.5233425906542,12.498316229862864,512.2748209436693
35.38593386189682,38.669480110706,1013.1323604882097,57.32409156380582,505.6203425239753
32.75090173805531,30.021988266798843,1034.3292985502908,18.643368631271194,525.4501019758558
27.720238085104878,66.25083485757824,1000.5871247031018,96.79028702364269,499.26095105583096
5.306842673033004,34.65885438821415,1022.5025144566357,90.44481039852363,559.2437706198544
12.278310405542044,45.45427997476468,1009.5737119124266,68.48308281230963,540.0757126795856
13.08246813757629,26.555671056003884,1019.3606166819579,15.733807375448196,560.6963258764641
10.748320909507228,32.53873683972464,999.2199252911299,39.23517320263586,553.6788449874662
21.0852207286792,34.52619969179516,1011.1709242177922,43.45506981154395,537.612110127137
21.88659878030723,27.99255702625979,1034.1041721236675,53.27918522458297,541.1311004739738
14.918553031673298,61.116132614256486,998.7879217957204,25.2012586605807,536.8696476492169
14.797777190721005,71.03542876917145,1018.640026253194,61.97604785174763,525.989366465087
33.31366831833717,45.532347350126756,1015.9018986945058,49.21935831183009,508.3449378514037
31.78242108446774,73.10170621950104,1015.4273213830681,95.25672670535727,493.3448023653959
13.00403743554908,36.73406160080696,1017.6805480343228,94.25757066626971,543.5260986856335
36.637749311057114,42.89647329586818,1012.6007088159703,60.89265598059751,503.14734862309996
38.159785663097736,33.29053461671426,990.7618837615946,67.99144023914818,500.7851546175621
13.742959139171592,59.130755748044926,1030.5043565158403,22.40168209963682,544.2419119778872
14.82257300292914,48.09282749786688,1027.2140472367814,30.099091495615443,544.1612769421585
20.719731983456395,58.730584076304424,997.8375456414504,91.06438637817186,512.7866868315209
37.703711688813264,66.8921197966801,1008.5972929820491,72.92493306061615,483.8261803948514
35.17645789255015,55.013665881812166,1024.6747041312105,27.04871775547698,504.3257099549253
5.000150540760002,59.51966951959833,1034.1028041924278,61.31892754659006,551.1707632527178
16.316498987585234,76.43876729168831,1032.8011670898804,94.12851254405041,516.6615411244412
22.5814764002411,41.44853702848637,1030.471163985428,41.06539955457133,533.4125072758254
20.62216642951006,44.75401662486742,997.1268253784613,26.723833796717674,533.6302453421818
8.560659649538813,64.47368489401353,1031.1513797704051,94.78227492181885,537.5030722857806
34.49385407555803,58.62180343804627,1029.5300210827986,51.51388242628893,500.8723738236977
27.400690536876656,34.819309749684315,1006.9627460024875,47.55177987964898,524.8844180454552
33.67842661922034,45.68810205057696,1007.7535167541317,34.081047981347524,509.0047423693914
34.49180689462941,50.731090721859324,1010.6959014879823,90.24267654524299,496.956002177507
30.18587829296385,48.06644108826141,1019.5279033934887,86.10550902006176,505.29419486336775
18.129213448738977,34.80511445771224,1001.7376027192357,46.269135949307866,544.1019001189532
24.81132344560156,75.84365504813442,991.0326793247975,12.755195190737096,513.5200364599999
7.254250838669983,66.92753189316866,996.3553286068759,50.19862874555256,542.8850215323977
27.2721712815214,51.47457076593187,1009.8052158409548,26.277221492204795,522.0850605686346
7.990876973831949,62.40335655687601,1002.690115624179,22.846066313399305,551.7382418553125
28.064034029896117,74.35054696745371,1024.4032452466258,45.37842507058812,507.5132921333877
9.954328269404778,32.489577829886414,994.8010531747173,18.91692436101645,565.0853167114245
5.584500705858579,38.77051778888377,1031.2859351499662,96.17180562384985,555.7806432720473
7.44609511557534,54.84856859911548,1030.289723097476,14.278526360315363,559.2120385524017
1.0776932735437406,68.94557042437972,1030.894056761998,46.12326646588544,556.3928274476505
29.03084509628768,26.994019249284005,1023.2824499371497,24.64324318285254,531.3794089927852
29.563640913276785,79.12099826079984,994.8149987167619,71.99301893758806,495.27587629071814
21.082400646617117,50.01986315853185,1009.7161907116305,17.093030429310556,531.8208276360795
7.2931492411599645,44.75771273419477,995.9132417312459,59.21250167877709,550.6042826032657
4.2586191629169,41.099844081187456,1034.4464636742487,79.57913456817438,558.8754094328787
1.7460296910541935,34.58961892079794,1004.9867290529403,95.50538515440736,559.2953020310225
7.464178901643607,68.53656499115154,1016.3398743850528,72.86748066724714,538.5391428168373
35.74336586434272,77.5477790610353,1025.07268744099,18.954258187112515,499.2169380970349
10.41993682636559,47.7504615164969,1031.427723790154,17.966849474272692,556.3220993591945
14.816581761471411,77.3831382114401,1023.9996476628612,75.84382436842593,522.6930807465582
5.108473894771994,70.30886884892688,1020.3526700444806,29.37964645031218,548.493256579341
9.67209088517864,51.457812011197504,1010.9691801917168,50.25153777699239,545.703066326216
21.249758260428,62.0714398519373,1017.2430060187736,97.8958991216223,514.7252032020579
24.702354640730448,48.924129854375465,994.2373713983774,83.79161185634881,517.0751683651553
10.56874025248223,55.729787451690385,1029.7765143882568,86.19340215701806,539.2931660216859
3.251554209779571,28.19254853601771,1014.4699788977948,87.46929142552708,563.3920352402827
16.25028189596855,63.29449114152932,991.8060772695724,65.75908061094022,526.1233618830388
10.13393146612703,27.905355446627517,1031.3955956546954,76.95405314762306,550.360125541165
9.562603005962275,69.93967208058072,1012.0185888226591,42.30648231708585,541.0162836548624
38.434649305824756,70.37208112033066,1029.086511370245,99.86016039155656,476.47598854784826
25.035718951103238,38.0392508155918,1028.559957939241,35.16599526891805,533.3270631848068
22.71825928371174,42.801452956969015,1026.7088214355701,63.10066629731676,523.3725578785661
17.215229037409554,51.47207082070613,992.763135868291,35.3855510489074,534.2190037475387
17.728829003775626,57.816459881286484,1001.1179990440894,20.086394550406585,535.1924471706722
22.095295149685153,40.80445139580982,1029.3996542609443,61.0827233359309,529.026081425658
28.160762474408184,57.58675225475588,1030.4545975223443,41.801380377952576,514.451466294955
28.383697751091347,41.37828902761144,1010.6130988065963,62.48973407710489,518.5924313008215
7.696062400512533,28.051989658908337,1009.8018660444391,60.28106289984935,560.9960748450628
20.504397330988454,25.139015240754993,997.8813285248767,58.80310562292054,536.6889273018178
17.066365706329975,30.563308185513574,1033.578485491102,21.097100984187648,555.0181161201375
34.95055168450598,68.573788509021,999.591231391157,49.61626969153214,493.33994365233036
25.62533792751668,77.87872218108353,998.5921552957844,83.08035454589125,498.7631502194984
21.76765859022329,48.48314096046706,1019.7328036567128,38.36291459901722,529.0923194527762
5.5003910449777775,53.19761743974685,1000.9279936350201,49.94483547628587,548.5091063220874
24.619877683613048,33.076649299038436,1032.2447224956475,54.444843128824125,529.6691366770644
5.570952321529104,55.30672439740864,990.4908147893008,87.64581813325702,541.823104318751
14.151056447064331,32.95601961038373,990.2588968045486,69.00397923034171,542.0485885101175
6.5708366277589425,58.61678821593566,1012.719456064602,19.01822813535826,554.64868860947
27.990872233950387,76.32922671694696,1011.9628106961062,87.86538872245191,495.3004169636299
9.043832439609952,35.76341966166718,997.351380985541,84.8859377933881,550.3590972598364
16.282515554333013,67.05100449314061,1012.2533803336628,77.82813825392579,524.9780029929171
35.93131632713237,26.29263325500782,1008.5247497326494,51.94522164869539,514.315168343911
8.968338952559842,45.65234827268915,1030.0648286404066,78.17908451372261,546.6062317587205
20.804397494392386,31.091167930677997,990.4164264097634,53.08678563784815,535.548587644801
17.35159478547486,44.38614928776347,1033.9321412264828,76.29611808944466,537.8383769433631
1.7068376007834596,34.54453058013859,1018.0976743933129,89.20991484752827,560.4537428324003
31.917566429339697,45.53177445675881,996.8329550540374,90.14874266175372,504.13250026071233
3.692790346269389,47.96375433591417,992.1042006215025,50.912071676870916,556.4068992627547
19.49594581810119,41.53251175295051,1014.2147546351655,87.34084114168263,528.6818794612909
22.86645350261905,61.1142072210221,1000.5700574687319,19.13116424569418,525.3396232164471
25.508631807968897,75.53686281924004,1003.5524491650567,19.16374757381029,513.2183528109185
27.85663354300715,47.032745575789974,1001.0309474175531,59.3440252180732,519.032922321238
10.877622957385888,35.57887360612618,1019.257754110763,68.66601566106421,550.2217503515633
1.3891722896795256,39.88975170077909,1014.908803295226,23.769439838056243,571.0126306402514
29.214302831841568,71.97004529230028,993.5088490584815,52.49620403253937,500.993770490929
21.890607374555564,56.440184779858136,1013.6936939928829,18.492640103433075,529.7075757450237
33.6085904250827,50.025606776882654,1025.6035394503485,64.18895369979793,505.32389946792335
33.034146153127075,33.23001968299097,993.6537565869146,86.9584633077563,507.66140056376355
33.88972054372744,49.73500195780801,1030.038253930369,76.38750784175714,501.78994652366316
19.918691739202067,40.31706018465627,1016.0237992251479,44.04623971863441,537.6535776171808
14.01150743763776,76.87397203193422,1032.7781011171642,99.44144169734095,520.0202982330072
31.87076990106343,73.62385601786522,996.6663547975069,69.66414788195232,495.13826696066286
18.600470408140943,29.61463980055089,1034.710424970899,83.37235909982311,537.7672805364607
8.154245659733945,53.41594190936836,1018.9922789686354,70.27276485625595,545.0849213873875
34.3439867628975,37.378209003306964,1015.5372389766478,99.04746619784139,502.99741178944987
35.419835194121546,47.59273992383598,1013.1875830850438,83.92237904959957,495.1238495565622
19.186080489466633,73.2266399038301,991.0644467894241,56.74808961058965,517.3928775350346
3.952289365081711,54.01329859386996,1032.283763619731,43.01916065538308,560.164595769476
16.12521750676032,43.381841135391795,1018.9797512784389,71.39393462339581,536.7002347542164
32.33796871904153,36.43385947577484,994.1231918024681,63.1199627926308,515.2376624375789
36.16918711330292,69.0178672673569,990.9428476632536,66.64155319247908,488.6206771800503
8.935436957406239,59.348490845039095,992.2852637656538,40.871058965538126,547.3394417042458
3.6119708689855896,50.74360032344272,1017.4228093544508,48.585557851349904,561.2129629202336
35.216667672180705,36.96163946246379,1017.6306936702563,60.22869174015848,506.4634812349564
16.186792620176135,43.38355057864222,1012.4850281301649,85.53550617296587,533.8363629462607
22.128677606434966,77.79138847061853,1003.8044619293828,78.66180259866128,507.0874203479712
38.754566669979596,53.604946568320884,1013.9284229226589,20.679028345251133,501.0943141933707
3.5960243886546914,47.038460468378915,1013.2335819394316,32.09988250174526,565.100808214514
26.284402290631725,53.678212329157816,990.8737001944454,12.399195243972468,521.6616020853552
3.890111480419816,67.84436782447847,1002.7111153647375,10.716451116903228,557.7503540354608
15.643288210193514,43.705991507657785,992.3933403660217,30.19379223522176,542.1385183544735
32.34876726254443,34.828836651293486,1030.5069638151444,81.93888532083966,512.4275662782543
17.905417077469743,57.17148650864763,1022.6350423253311,91.42728923569484,519.1310099893095
39.89011180221507,61.586225691458694,1034.8251826586811,45.25915293087383,494.5528607228767
22.803312112917485,64.19949016272022,1003.597706848738,60.68787369460107,512.4531572576062
13.525323952802186,73.50931749213713,1029.5318631490609,73.54473417598427,525.0094875704577
9.584341710285372,45.41457663790122,1017.1374420569617,95.76430293265538,543.4194885929442
14.67030083716031,29.14451929258905,1010.3906433106622,92.16390135676885,542.7073665672388
15.528797676622482,77.70917209970182,1000.0157900079886,15.147307304324194,534.3222516249714
3.679833431234478,48.925656009061136,1023.2276474378764,32.33492588883527,565.3618204438861
15.413393777644153,59.279163032022225,1030.6863337006935,14.423008955965937,542.7194317311199
19.10530226982977,61.646792772056074,1000.5888779133917,65.48881788901463,522.1307824989003
29.186772337313382,55.05825397856619,997.8925650738125,73.94439848253751,508.11603513700214
26.61244990414271,36.28916413549486,1021.329986175219,37.74550711208603,533.3857052812292
28.641860553937015,66.53286775638779,1033.9637923226483,86.8466717319893,500.8356614127685
1.3261835931974268,69.20635858672449,1023.7479795496835,50.75314753703479,556.319403518788
9.489028583640906,55.41365723095919,1002.8061332571442,99.85433635873113,535.3738876189439
26.805687247594403,51.870863832166286,1008.8979940866503,10.035972333039243,524.5084032977965
19.875585359010138,31.266600072039193,1007.2942935956268,19.8540737576701,549.1073621735204
1.207225551065492,29.61734138248811,1028.344275812117,37.16139186418063,576.5690090774867
32.37529105484107,43.67606650599408,1024.71168504925,12.295683815834185,515.2299121722805
31.139573358323158,42.096538553456625,1016.5038945642684,80.41055119644257,509.10366661352145
22.388347356748945,77.45110480297993,1002.3731599678606,14.74946090841585,520.664859228989
3.5920697052746124,68.09925083438864,1032.2094837474924,77.40816699644445,547.6637573412739
30.8940869317708,61.295836239248295,1019.3991851146116,14.731161291059447,513.7408187588537
23.764829921523194,53.47064489596828,1033.6714490898803,32.74545381877411,528.8108246007612
31.49643910916041,34.20521418996582,1016.1052664868914,85.71491340926767,510.8931686221832
30.318132703437776,78.81511697013562,1026.9536741263626,95.59857648139518,490.7080700119981
32.31708080635565,45.62723840321155,1026.5897420727538,47.3073708394461,513.2923591836475
21.202314589780368,30.880908134598464,1005.1797949575116,97.29450678812962,523.5372486147423
6.472656209547084,52.15893926436603,1033.3809325330753,66.41928313826884,552.5517196037455
27.175141461807858,73.06989063871958,990.9873660418904,47.42516101896383,501.01793878386337
25.198477617026853,73.80100509775312,1024.5919908945336,82.25212095711252,503.6746696282912
29.9478743007644,25.603125383104597,1033.4500688593819,36.579566812618104,528.3307951928075
7.625359235978677,73.74626596132698,1005.2508691477675,33.92166352241966,545.2099971136033
8.60403279611128,39.93163196249222,1019.1649764505937,69.08929092199668,553.1343899648335
35.72597117155381,27.14348001826327,1015.3000462429894,45.143862577128544,515.5691296831212
30.249134139630762,71.6284648699581,1024.2678289354435,22.232622425048163,507.33468308629585
36.420911059312594,72.51267157935146,1028.9780064740273,16.02678117609179,499.98283124095866
30.589897525392907,57.792709391329254,1017.1370056184796,80.90583186236296,498.379713266958
24.289056933621772,56.59385665129971,1026.7157063871655,70.831965862211,514.6969417558627
26.511176744087074,69.72161499417807,1004.0528509150165,47.0618402145943,510.98460565535476
35.675989033660386,68.2470253990654,1000.2864176417168,90.6604871653951,482.6849543727069
23.57346342596568,73.95580103934873,1009.3800460289779,46.97710771983396,507.84078436217663
25.663261648807108,55.40110961781869,1020.4981469811353,73.92659243188452,516.2753529882023
7.102591924140422,78.22059010030448,998.4261127022426,91.82037476865635,531.7374479456076
19.482927584528007,79.78807570133361,1020.6158486468352,85.66439128375991,511.38733791833573
28.93948736636586,31.409953549924793,1007.734214185743,55.9994298705621,521.9662934239443
11.566765234338252,71.72490677547671,1025.8008873251683,71.25727532020593,534.9674968952457
8.887913040456862,52.4902241761724,991.6576117696486,47.22991990546321,549.9936584930886
13.239245520752206,46.31614860649077,1020.0592187023227,68.24774550647027,544.4633686659229
10.418524491720504,58.71897704354932,1019.2420051492486,33.17971945108563,548.5664249787305
9.381592844419439,28.078105649410386,1032.342096425639,49.1267902392598,562.7285233525538
17.56918287185539,52.85536153218939,1022.1015399103832,28.859116384165514,537.5877910367412
36.40570204145783,72.89898135146666,1025.8335853390477,13.436645741159321,495.3784273503837
20.775326222810012,36.740383387643284,1030.7065957133925,62.9685865517835,535.7152545970355
8.328894851797598,48.45144421231838,1020.3773363231395,87.79864108157179,546.4309872461959
4.001895105854089,76.67144882431815,1003.0569135731988,12.302044716087236,551.6065841475914
28.150089660379084,48.57101107931335,1029.1398209812585,27.642676665636632,523.6571418928927
15.929151813019125,44.71021977828191,1023.6410153764189,51.4166553343378,540.3888316550007
33.05140691682901,49.2295156467858,1009.0996921800402,69.93071351580281,504.5513916238523
26.720919976990036,53.569902158465595,1021.9738127692483,25.41062743028978,520.4684341667665
32.053416571113374,59.75952392723079,1029.0459994731514,15.102534607356185,510.197958164207
11.605895537319501,69.0381040504202,1033.9043459126071,56.71438459542003,536.1567362253543
28.00199797598127,49.86562131703728,1032.8558176781576,83.68387417515778,512.8699707085038
11.298417403055032,69.96145142995772,1004.6397522043864,13.171141838149417,540.1942988830127
37.62367069856137,54.35463637436443,1008.9762171173181,41.443250532312334,499.80842019869505
25.8185969798016,43.61642807023877,994.9291472239817,69.71632685140017,513.9827844845854
13.655960206838342,61.18729554656778,1001.1394929158121,21.76678054922203,540.0927252849553
11.510962629398634,64.47472401089203,1029.7089543819127,31.23520992034811,540.9406064615529
8.446136817794097,55.69269365962181,1006.2382466825711,58.194337940763944,540.7157652498976
28.090997396855382,28.11382352240979,1017.9248696367697,95.79085267277962,518.746512963127
9.529908906919164,34.34355813384537,1019.9684528238165,35.860835641938046,560.1434408373547
24.216827371172073,40.69137464896255,1025.1823173814491,53.87746790986393,525.0125636979201
11.320766050088936,40.54440832733212,998.2260013610534,45.993777675797645,548.9410338311501
26.816788846960876,62.038144013577885,1003.7165910576496,90.7657004827072,503.8128775317637
32.78264941308103,26.009176392049792,1010.1751353656181,16.470087762800407,524.9738395104526
31.342984482641473,66.56249773772359,1006.4178477557223,60.95328322066879,498.35514496268524
30.673201906300488,39.593836114381325,1034.230735478686,86.15077292709496,510.387324333272
8.321173821997832,42.05120154188563,1027.572336144617,98.93058193563326,545.8027993139362
4.4470129323962295,54.03504053691584,1011.5859039579219,72.88529477696267,550.3687133441423
28.259004311008038,36.87590805164267,1029.567088173891,44.19419280998721,523.5643137371644
15.365541337979701,73.64592224665401,1005.6443826412484,47.06419172805495,525.1643786346772
17.861502829730544,29.69528286296109,1025.362274575062,41.65139977684875,545.1730117817593
2.2148146189422517,49.44102992655857,1000.0654019147904,64.3251789826258,557.6748984821429
11.12348152172692,71.71822482001895,1024.7544920351866,76.54651936464259,530.0049104768162
2.313379751104097,58.871414193167965,1010.5404031438078,83.75208072300379,548.5604362601773
35.288245131448654,41.078123371344844,994.8374694446509,47.493379871485466,507.45919735860184
10.492470645522689,48.141811427705335,1002.2968104550012,74.50376520331353,544.8368470728773
22.736149613347315,63.8681909188383,1008.1023580810604,92.46003328267987,509.45885883891896
2.520193505784086,78.52934088501446,1023.7181810248996,92.87423150056348,540.1288990253205
27.007048260920666,74.12262951086885,993.2842221628928,73.36261024431784,497.5967706105949
13.59806648440966,43.833804461030724,1019.6796147791688,67.32119735312824,544.2443628184204
36.01884829134897,79.90088336083215,1022.220613841978,57.83734679725061,489.3465856500561
35.6366093684274,25.192756494208204,1019.4264616466588,26.48779013639157,519.5752253690628
13.686334116108164,26.51963656946283,1024.23013371754,21.126668734487662,559.2595668743453
36.137474931928246,70.31122833441566,998.0175877210277,53.713990611044224,489.53884213712496
39.85014926645238,35.97044777581786,1016.4196509778367,24.34997405867134,507.31433980660296
33.19121090083397,28.342309761793246,1032.3515226241745,61.92999331024024,515.9335081470572
33.94998256245393,38.043144028007625,1017.4852921412042,68.11324572710964,508.9367311083423
10.711340708254507,48.43550846894731,1017.5101356128829,57.305403776803665,548.6680805113756
23.491393555452497,65.18114487383727,1023.1397838950971,13.278404126135229,523.2115799249
3.6229806447273463,59.3384539603163,1004.9941904456637,15.195516292209895,566.3537916048882
4.701799536045119,38.06916696582312,1021.5214155594693,20.200706621333694,567.5482932696918
39.956811869298335,52.67987464553214,1031.2305224990946,23.82812244895051,498.3918476199345
13.738930727610526,75.94177579692129,990.4902962861404,99.08943523923999,516.9981154332112
30.17917256990501,69.82542773410668,1029.155086849899,41.00455151768102,509.9731201253245
32.459937068045846,42.77543816574864,999.8378249066486,36.277603627715756,511.7874745764036
34.46290756928194,79.02455087456329,1010.5165473165168,14.703997209780617,494.4338536025153
39.9075035986841,63.9741220239322,1028.3556510428687,67.17883516170369,486.67771353920614
10.418362925017846,28.434714561672997,1027.0760457355484,68.69717066181526,555.500571079887
2.5736822475282883,26.933839230875126,1030.1367365156725,25.79038206207982,581.0865609680717
17.036469201788854,34.26243719555165,1032.3187556684636,92.73173868321518,536.7471035694067
6.073146123328931,65.03207274275807,1010.1220630547291,82.04441919356145,539.4412899891296
1.8746096773201497,35.10564092133353,1019.5363714860453,30.728738512675726,579.5785235070548
15.056646258517958,53.13177230648584,1007.5715298236748,53.726475782488365,530.4352272091331
31.56579179193422,30.129306609945747,1005.7822522871475,51.25517705789649,522.0845887873804
23.081046957777765,75.64873868066073,1009.4217934768951,41.36683999080887,515.1650812936653
13.198341579203808,43.91783374709621,1023.4384260652204,83.58712415430519,538.4193074764916
26.51933821421607,74.94726311083468,1012.5648336213699,19.83380370590359,515.8261224896177
10.048709032043618,76.96816030507993,1026.6326853501755,47.378281584501345,533.8730174094102
1.560876396811316,25.337075602252444,1023.534831473827,48.52280174942953,579.1870294061254
30.809782071020667,50.52743529593026,990.921530750598,52.18530441527617,503.76847659010804
25.325980309696355,26.356083063879108,1018.3607170697773,87.52149919887658,523.2752093918688
30.72980235553744,74.97810214665982,1009.6457005488866,29.635018318135113,499.9381474266686
2.518582650818959,53.51241496040167,1010.5483045118013,19.263085616104547,564.4112437554267
33.647665485395436,29.121920698417327,1026.8267874241453,65.60276165389972,514.4585304194715
25.16152180141583,31.065220055211178,1014.6423593738105,25.645102748024243,533.8599133894057
22.972418677792966,46.09299634710065,1029.8529820556525,16.743887726915776,531.1668469632087
25.35994787646673,76.71288060800892,1022.076251657626,48.398429851394816,509.4504942512404
34.7128966278662,63.110003336244446,1014.8778003943823,29.768178777232684,501.5938305315653
23.890523755797375,72.71903764040229,1023.9542089267997,42.50949569811853,515.3489148542161
23.657064815638993,45.15511554869888,991.7257072916433,33.37399720922117,527.6813326633525
39.63648712556487,27.376753475249906,991.2187644672694,18.337281645107417,512.328837118034
30.51247651567415,78.58747004624277,993.7507197114384,60.43124826317814,492.92166486085114
18.249458412594276,25.944514486430325,1009.6904396316214,12.431657623553711,554.6864713221871
28.58848300128418,77.1208409194599,1000.5952565532125,96.97378131949596,489.0936862331782
16.17998839597975,45.27725831170296,1034.2917582487103,40.71974695614696,542.085277406349
9.92614303685646,25.554972276203483,1014.4030562555115,72.56417594408234,559.0350056230877
24.277223198622618,62.90364774484795,1019.8087085736521,82.93265852927048,512.954850838021
37.19910182644411,78.92971672172447,1002.5469061311013,35.11943159855996,487.95504693049816
37.236441280603046,78.1094147560676,1004.4808608864424,77.38648381990615,477.1122718158241
14.334305846114123,33.85153561613301,1005.095786136352,84.91787698822387,538.859220014327
21.579421182646104,34.968629333638525,1021.4431067317636,31.718551043045217,542.1294555937076
9.253800044224587,56.10464030408131,1011.3167793460188,99.32452092064655,539.1029433739841
39.829613270456456,60.05176545355784,1013.2957643638533,11.861981455788042,497.1108348162869
39.263598406849496,65.66798525162261,1016.6401341971705,29.530043221198696,496.9333048712765
26.330848258590446,34.957769825968114,1024.5965245307198,80.20186806492936,522.4626672055315
32.372148327421456,77.7453897720439,994.0666386830616,27.471792255017757,494.5553447938598
28.888906290064302,60.130659095908086,1024.959326049847,72.84338769755858,505.3106319960674
24.13317054253926,71.58758053788051,1015.3455780993831,86.99773644846132,504.9124544307459
3.08057188256701,54.70361434062945,1020.1092950184866,96.32928453708341,550.0210333089948
18.73580935955378,47.78522661744354,1004.7398294178342,52.682276386024256,534.8204639443635
27.31666578452901,78.74505986272479,1008.4224076567402,97.39982106839057,490.9071703831527
27.4237329414637,57.016675395090985,1000.4024618844264,47.046006701351075,510.0969632577679
15.55178211847296,72.67804705395484,1034.0684998837833,29.631523570694718,534.3529613000208
37.72598747966319,77.43108180014595,1012.3651337629642,56.252966777625275,482.349632639453
7.526924257234459,62.144504485476254,1034.823461210847,68.48409198803434,550.0118240646514
20.514018402406865,55.191627318527125,1012.040369012757,51.21669844449494,528.326091191732
27.94447508548209,25.193096800085783,999.8888068972831,61.02751995701124,523.8359802397349
28.18829642978056,27.20108024064533,1012.8353578531586,47.476826895446976,529.8744041898672
26.296919313983807,36.0468168828114,991.7818007309585,57.22857586191248,523.8354232843028
11.736240324622546,35.23046375207974,1030.7146410639878,95.73361047519055,546.4516718459269
7.092056178778257,39.0117337359915,1026.83476130375,54.98480372826988,559.1704595317474
25.801672746241724,41.77140507337134,1022.6619234312428,32.786166952833426,529.2211471759138
24.372782529438073,44.80360214529006,1017.4422021949107,78.28719593613135,515.6080556054459
7.994884401280398,48.12957295378821,1016.0925405151663,40.38260120033944,557.711334220694
28.50042667725197,30.437648615080807,1034.852769633576,83.45864537392517,513.4018307826426
18.7517076776126,27.32990625740301,1002.5098845308972,15.115779008549664,548.9255595149237
27.042663072522963,62.06694469901629,1025.085796441451,39.896017939782226,511.62768906975106
33.657316111035875,54.55341536636928,1016.1632146596146,18.49239174345755,509.05626415175766
7.619408714500003,49.42793112210658,1033.9146244691499,17.67860418212483,561.2786058185126
1.7466498518766305,59.89419676425938,1027.2511432484214,69.25506032551935,553.3894470763981
31.385000869435686,70.52236739619472,1034.9336300845316,44.68013212182467,497.2541968357282
24.77819958095202,48.52311000139125,1016.4746247508101,88.43310477866012,515.5126587212219
28.285943215262748,60.26157057785886,999.2044780895221,56.47646240861762,511.7525518148821
33.68804402455706,77.44647231093373,1012.6659166062631,36.580889905505444,493.88613794615566
32.30962645815552,71.17934727238584,1022.0000010322758,74.87999991659753,495.3956607714868
38.475885730224164,48.430044577632515,1024.8462173781716,66.16151124271298,498.78947256116857
21.90146807523261,60.45942607981086,990.0229495057174,81.9635158746283,509.1571603512303
20.05132967373631,34.738900705376686,1012.7262189826032,67.92294487076964,533.3116388557361
16.673600795738473,55.82872016922994,1000.5855560986791,25.031207538902823,534.5727013617654
6.993950670923977,78.97305601261435,1029.3710324964654,70.32790339003594,535.1833292817125
23.331682082398874,53.507331336138726,996.8807449822602,45.239427785422926,525.2935189270473
11.803488448713173,76.02010645545809,1019.9905312308675,51.68287272318113,532.8535051158862
36.930992976306044,47.40342062767934,1001.9727985646216,92.94081181636102,493.00926702408975
23.744441366806804,79.93646549515472,1006.0443964446423,42.39676416679723,509.32906139134764
24.120767039816297,56.85710193751568,1032.325166734058,65.07632286917548,515.9502151676724
14.84206177420339,27.3247946829764,1000.8201656433636,42.71335600710156,552.5174682222992
3.0275847271305922,57.27151381802634,994.2751242820319,18.52547368220126,564.1421590168003
2.238006849546556,40.10149826237782,993.1178205649902,50.81728078434705,565.7039128715942
17.5100706219747,26.78647271197421,1012.7076799544758,63.73553540136867,544.5905461631521
4.298049745792277,70.14693175820648,1018.877016702793,46.67529628338389,547.2730842193396
24.667031266065425,40.16513003394158,1004.7282139606899,45.15995662103659,528.3713360422715
35.35794721994664,68.81017047255742,1021.0616883806887,83.83406625049572,489.9819930016398
35.43367784423017,40.85196706257268,992.7465173357957,12.67166550605232,513.3428859300114
26.702770995157064,35.687949463057585,1028.5800590215295,36.6026857066108,526.0349397462655
9.23804142744431,78.5664565757435,1026.7455244382656,83.05815388394905,533.4224778113157
34.656876422996014,44.89049302652607,1034.3473322126438,92.84771337500474,498.1479186843201
35.55764397721512,58.07569162937382,1032.1427241405831,47.10696272567454,501.52684854902907
8.66948981316539,58.54898210479593,1006.0288723763517,89.99148188764687,539.6309706811319
29.759617345056412,55.8260415195426,1007.967392280701,27.903710991252943,515.8949016930486
12.174262408157794,75.3082658936668,1023.5684181365217,29.928436107415536,533.203235687092
32.30297218176426,62.09425892517777,996.0337247379742,86.15722389263232,493.4138828176523
39.8922780962405,47.20531522577116,1004.1306619610176,91.29319672065564,486.84771188761727
2.1710142078463197,72.43092114883507,995.3343421639041,30.052519116640074,556.2777006199746
35.99726876584634,34.95845945137804,1010.4698902082774,15.339177097175,516.6222871820015
25.282590810347664,54.93302166857296,1014.8401925948393,18.129172334975898,527.7792458216663
38.96192214742803,77.2802704569066,999.5022211483239,33.52427518387269,485.5536071840044
19.135371183530676,59.3968696434227,991.1984259111347,78.53041694321153,519.1233238412821
34.048129292283576,69.9332647761182,1022.3710124287735,55.899264501665456,495.191702071451
3.433368675332812,60.945839904985604,990.9002323991776,51.002995801849266,555.283634345661
14.075882953053533,71.16539749458397,1033.803117401776,62.572593804940084,527.3526412453987
3.613644972297189,76.9468333914884,999.9723265534078,90.12008021159676,538.8071479873834
39.03838220568375,40.010695014300524,1019.8755041452331,18.13873416090918,506.83013612251887
32.86198238360163,34.33135946911953,1009.5638276807995,72.52517148729231,508.4491422770813
34.24934942859285,51.61949126828969,992.6853237151698,93.41117610898647,495.17457527734007
37.58064402592188,63.60243347533187,1011.248262298551,29.201503758256,494.0719749838566
4.319035958671629,37.495518925021884,1013.254228543356,85.3995084365651,558.4776464127534
16.038306108020002,25.225579773659188,1028.4607443641792,72.8222239683552,545.8220059171618
3.770360672716083,43.861431371018796,1022.9557081341554,11.302168246583022,566.6038988759077
9.220930960451117,78.28726345072837,993.5686113639024,30.845051232591537,538.4019753959045
9.945265304469222,63.22321033332157,999.4123207544519,64.52602848062926,537.7755862105274
19.29518123085557,47.072899416767314,1004.0349457896726,55.21603055420905,527.2723515153722
11.473924530692061,35.59168535407622,995.2383458909169,57.514262727417936,548.1748961282466
4.938146165892682,44.584932056511086,1010.5604581911521,30.87373821461404,560.0861848159053
7.5321524746702,34.34116883156864,1034.2939135888141,70.7503123637764,560.0142497905282
6.743746978531546,30.846820172212325,1013.1575756056993,33.97765338430992,569.7340586416652
38.949995118579636,74.87083049149047,1023.3846975745427,45.04914698306085,487.4822151117459
30.61240776982047,79.87076861065106,1020.7322008964705,43.20243242920686,500.3732756264034
38.74269714551291,34.02629417776846,1028.2460145791463,70.48225199079087,500.9424882976154
18.149878973808434,27.998740738305386,999.7075570709525,18.122748551489565,550.7709094970103
11.856370784843607,43.13521089304168,1023.9221817761862,28.498771093616668,553.7652538393717
32.133434691158286,50.39125494187785,1029.6609858137588,28.044736361656106,514.6919704261984
13.723902803604725,36.26516858917199,997.7179420341109,19.75822067041391,554.8994036491629
12.675951574508582,41.57837014892071,1005.6060998904602,28.683548095281314,553.5689773027085
10.067733696105417,36.04789046304117,1033.6545793949203,64.63542411310189,553.5129944530843
6.057480150745179,67.58433126378482,1025.1354530690905,75.89513537867694,539.8235987052299
11.002059379653872,64.19178687859934,1002.7165874641889,69.42731022722104,534.1117873089123
14.85747019048162,59.922333366854,1015.377379634002,52.76693241827941,533.8411918828226
27.285774117683488,46.29698213935626,1008.1946755282265,14.719111398645728,526.1819565516133
3.4400288465586115,74.99725177228298,1012.0484329347208,96.31063096180975,539.9180311280915
9.209770646948375,78.3242897844261,1005.9824786125819,25.126881475374276,536.0039755784951
32.55192197137538,34.55016219439766,1002.5698958338653,70.15792333651038,509.015037168027
6.7299550197670595,37.26569527765329,1020.3643368626139,92.16015539339,550.929859554541
14.36316071437834,53.90970654002033,1025.0343816788752,72.79993863828898,537.6366954617221
34.721697952467466,30.01878131052349,1029.3280705236305,29.62446761700552,519.082724772554
7.042087134594263,49.0046619352712,996.9898485293185,38.421666888762076,553.8107965261506
4.2267365891094055,56.99851956277406,1027.0284985640358,12.718528030998566,565.128361993313
19.896981808120422,53.714046412553316,1001.4660371014678,65.14824167579022,523.2593522122633
12.79436093986292,43.199972069291434,1009.2301375459523,65.169368279341,543.2289148187343
22.97292621487031,54.83451933424638,1030.564965863216,75.29505232387413,522.8571016678811
32.348390728855534,77.73405248423663,1010.452662044217,10.989666034805921,505.32578409117554
6.348791037956984,36.33095723602568,998.8678590319943,83.605715994202,552.757571571898
23.647264297617113,61.0157247116702,997.1940894856702,76.48398616602773,510.98495001949635
20.714841655204694,27.386818178582853,1011.284269499346,22.679794857167995,544.3742869083795
6.619072654514783,28.65290224647892,1024.320259078945,41.286394834208075,564.0822344896065
25.335940935630315,55.35055233229718,1034.8742314788435,67.46724036137951,518.7863839155187
11.671976296570094,30.77165491803722,1025.4333882793906,54.62171874462951,560.0662945195119
20.02553842321649,26.229073363477152,1029.4655381524285,20.358483751113617,548.8274523461904
4.2086206468054135,34.43321487064122,1023.65245624207,17.86108376229309,572.3673168175994
18.923778231331298,56.06670440497659,1030.2945795340247,80.33106691972824,524.3213979578921
12.952075253669992,63.68375249854128,993.4332094491261,24.037040621602884,539.5503932103727
33.07286723622882,36.1363210277759,1031.8469219541741,25.48834065373992,518.2166423051558
3.222170352897363,61.75426904644959,1007.8382769176545,84.78308128210818,546.2332133549355
17.32568372181487,35.03619821045761,1031.47264004762,65.09256711068954,543.4542152860046
18.878825541126083,58.740158464719144,993.4079776856764,64.42440473385751,523.3587128843442
29.27523697566563,47.657782394268935,1022.1859330704511,53.1411194227006,517.6068237254303
23.39721542851823,60.958973013348924,1023.1059936901592,61.209551296206186,518.2037505374905
27.02128115057306,79.72790138635861,1034.8609900183997,64.15927213346299,499.9741532733908
31.30492214041849,76.5799330877909,1024.5984871810417,97.10436113592223,487.24812214083147
34.62591597266936,25.2354966809857,1007.2158167617023,30.067597672082133,520.2604891775651
13.24114437217635,73.69913203992681,1015.0761848228345,29.31061777304132,532.7166904858722
21.982885509192215,28.656993734612158,1006.4947922174965,15.149663893478412,541.2172161933808
33.764215059128794,77.41756223879148,998.8208390387186,69.237891892839,484.1657361927451
39.5885941076372,40.50041235048266,1001.1826047376023,59.413796274003566,497.7574344255989
35.69125313070676,46.01191567261991,999.9904740423444,20.01152834619758,508.0140482325678
15.487223242350694,30.04010128466503,1014.6966898573446,42.80850416063685,552.3757989372292
8.611494171527365,31.17500170809003,1030.7772285539352,26.079688479808347,564.9807540307443
20.08630895885696,64.97073108761258,1031.0726981739779,39.83335663607754,521.5850762845257
29.92401662160565,76.93827296615603,992.4643699886622,95.61377524551492,487.5299053101886
20.210193759378605,58.59116722248702,993.5954730428352,71.4986954992476,522.6809858870968
19.84405366923307,64.37175085397462,1001.0303575727554,10.681219071562776,530.1307587452533
33.69098642219022,66.90833595284344,1001.4776753611263,32.725726640571125,496.7604921853685
15.094747383620268,39.4547851004118,994.2700128857663,10.932539237000112,547.0940024080408
34.53199231765418,27.48762970061182,1007.4808503528049,74.33816488918127,512.3748548632078
16.86538723711722,25.103000915554272,1016.4476426711079,52.24796218499305,546.6711008026402
13.801091121455237,44.285710562471024,1016.0172990269758,99.46168226329503,537.8081648054966
18.70560653678826,38.280532550956885,1014.4543356566367,76.02249349203925,534.7387637232611
30.73543138831987,28.42747487770521,1005.2402366199374,56.61216484370937,518.1249393266143
5.914079086695777,34.87405608715167,1021.7905058392462,82.42348853873217,559.9462561651732
8.660349419008678,31.84743940473713,1027.1917773441482,73.43232861106685,554.6725690490907
38.10634820086059,75.31831093395537,1005.5823419914834,31.939855987238843,485.02500654828384
7.844173467872937,32.71469674025429,993.8490911684758,57.72324473447649,555.6299087709649
23.141365399311127,54.570665519322354,1003.3348612991335,60.03988523506638,520.9231919076594
23.593264199815575,57.62082753116905,996.1815894558706,50.61085287470231,520.4936330233967
20.095354019959547,54.89192017397485,1011.0311427252232,26.12733605698258,531.4679952124753
26.145064694495925,30.44810388187934,997.0170818092236,30.103214649209832,527.6592742377698
9.96324230610712,42.53390989628032,1010.828014094609,35.294266086036544,551.7096241708645
22.55382844329318,27.81986828547343,999.9451301546092,10.922963444034737,541.1678038422708
15.51475695462899,46.76184527529738,1023.2428997458081,92.52495029525583,529.9238210010486
26.805023125538373,35.37294121993756,991.2405708376131,71.7486392425131,519.3696777514499
6.507718191552829,55.88978933064089,1014.9635836724367,72.06555842060237,551.3006909624565
23.264219256739572,63.104461661700526,997.6269723714025,61.509755242820916,515.6244738436458
8.225543859949624,54.266592311258854,990.0446339011332,72.03797273449533,540.401132049694
11.86707946148642,48.88301831362676,1029.1140039629163,98.36762948862727,536.0468707797442
9.529682212619745,46.30333814711808,1020.218750451633,44.664430387104396,551.7853105528702
8.130673414883868,71.2930472453352,994.4524269922736,74.12730281889074,535.1164746999768
33.202727110866014,37.06524357858986,1019.8832565457735,42.35761039397754,518.3617824586321
12.142595138774723,65.38200867408779,1017.524129973192,86.88599188721433,528.8927382741363
37.15782749271352,66.66152786070654,1011.3010509169442,87.22257462010315,486.54829133257255
38.82713448846244,48.056000399890394,1008.8666144291526,91.20397828811365,492.9368454229594
23.279158327546796,41.351532957410164,1029.918139331208,10.49169918176905,537.6154088959001
6.57704378396333,50.87978173252864,1001.0316608953854,36.83723004964854,554.7058611600878
15.607381491803668,30.126765924098418,1007.9239525656022,22.053191608143646,552.5038485528535
32.111558270580346,27.52615177259995,1004.8101935802672,50.85875781011411,518.8703669940351
15.328238419185748,31.138175969854046,1024.7040463066485,54.5904678411368,547.6760357294124
4.393671513808761,35.29297673042244,1031.2409387804644,33.031363854668996,572.7310789398243
22.71461152619933,52.72972511859237,1028.2401764433105,75.11018428405633,517.4531549202793
33.959713208345356,71.70251498886171,1025.8966768634896,34.27927454700725,497.6858273169028
32.04112909859659,37.96032825998279,1034.4055475506536,86.85022377550227,510.0746628386441
7.829802465083777,76.43391059107279,1021.3715047684673,25.989343132760816,546.3688511319285
27.237819962086203,77.51993499142519,1023.797420604609,43.05117652887552,510.3720334545795
9.599666273990238,77.73975326648629,1034.2261142867258,66.00139825818746,531.4950053953476
9.510093847534717,71.06595040719782,990.3145853429628,64.4801563416928,532.1801983084218
35.08879915890222,45.01037724387463,1018.5321769396364,17.022620080462914,508.250853423455
10.737089156868976,28.99761510514427,1023.253718937898,86.16327509718533,549.0474108247107
11.266646514202437,56.28503024715722,1031.3022174190737,63.825844008679766,538.4047234971604
1.0254822396906826,55.72747941654785,1029.7729936882954,88.28735938364515,554.5676249622547
34.95609233089519,71.74866719102775,1027.8882306555208,88.08720204050816,485.919351681042
31.911197715156256,79.7795078020358,1032.5606072373766,59.132682133752795,495.03852298836307
25.465828468536444,52.94865186080811,1014.1820634561168,91.97033115802941,510.11412387959626
30.260364793614848,43.986221707188136,990.3114043013172,86.35670189321104,506.23790673021307
6.92989412955518,35.224594135594685,990.4974479413654,96.23106501055939,549.9455736252158
18.874620188915443,25.26399036495539,1014.5087575028036,86.54485587034657,535.4689466421853
14.697556106602455,53.001253086888354,1009.5872507488774,83.90834659010345,527.8482808098566
4.657284524023643,55.55352666864277,1010.3060274014451,52.24244326092204,555.5896026101882
19.95908892338204,70.37161638995686,1008.0182131744517,29.082795434013498,527.1660999436053
36.90884636336278,52.75173323410404,1031.2976614091056,91.96378597679373,496.9959888978109
2.5623056429770847,75.40575917663311,1006.1626658026405,75.0294267801468,545.1662608810286
12.366975626257961,59.54459121142895,1028.5302123793388,35.35730777786682,546.6637383732698
9.094096512022436,71.21849310215958,1030.6289157206238,40.68961504800782,543.8692676978186
10.287719492962156,33.15659541442609,1012.477579649953,71.74706606714986,552.4061707282008
36.42894752329563,72.0434871666273,1010.112211681429,53.00355775183038,489.03866254011405
19.254693115137314,62.132911994411664,1024.245927189695,17.333430566173142,533.0213837132403
19.18567710465293,34.362816784108176,1021.8587178437947,22.73031511710913,547.1383346913866
30.66245005575601,35.4369956980306,1004.7840802468293,77.10838151610801,511.1046296093558
7.025195956192106,75.95753404743218,994.6146656666091,39.57125756336478,540.6282104059516
20.00334880990198,26.771844824770508,1001.9183580082116,55.68844855618353,537.3062632534469
17.76942335072133,50.43942188126384,995.8962827615535,78.99593304281731,527.5356220337915
24.279516931319588,42.24114094637559,1003.2629524099511,77.60580343354472,518.0632385224301
39.982750426767105,61.579259199913544,1001.781970451136,25.03135241985465,492.4808361739656
31.008506869199838,71.17961631629456,1018.6970140749021,18.85544779591318,507.69447351288534
16.516762417679658,44.82079668561133,1032.9523212804652,63.2037063668581,539.6857030227854
33.27456903868783,48.479614802756046,1020.8584679548718,76.74695865381156,504.14544046933963
7.657626169186727,79.00547814757778,1031.6992233629057,23.413592979586934,544.774154511752
2.188083766049445,68.11540803235616,1025.2859516373799,43.47597585945473,556.8092727555593
8.97348652610665,74.34622720124852,1022.7544929932028,88.32501963708766,530.3118054980621
14.276050688456127,49.13192213583963,1008.6327873096004,94.9800827404289,527.6626624497129
20.912649540922835,37.87419121912634,1004.6157526288516,50.86627848547159,534.7690733300497
24.99003648110679,47.65249059625484,1028.0824817612813,17.15643406277497,531.1656266131819
36.513622971362445,64.38505548073324,1030.7426954818052,33.192681058213964,500.54533125351696
20.88430637246785,31.018672265978864,1010.3347122142919,30.96729282839797,541.6883476265748
20.549750140403447,39.87580080890798,990.407839418399,31.506734848695128,532.6056595834858
2.9594773830963033,27.56497452538747,1025.6638976507911,54.4493534841325,572.3837109472571
2.3615505535927284,48.77912560859724,1002.8280978212531,62.4903086522414,560.917555380391
22.49523851473851,70.50951547887873,990.4449539257614,21.02586298119418,520.0452053479614
18.088965916685435,26.356502856390595,1026.2244851539256,90.04204058755009,538.5821611738638
33.72803540423165,62.14279397439413,1013.2836384967604,65.79764409530034,493.0598558599755
7.266503803761962,76.28727309825568,1020.834483585231,63.75265572412049,536.0575399079918
1.9738948225649344,38.031032383115026,1031.1610419515014,98.85510985458558,561.7310330757614
18.51251194927491,63.149916240020644,1014.3528223562147,66.53295797438128,519.9008967078914
10.261663713338042,78.63060456051102,1012.6437332660535,93.60632343710664,524.1203218454062
2.9349605602146607,77.92529330838548,1003.0797954606719,35.76312751238126,548.9866227389647
29.25933318705753,37.92110561660288,1003.7337225497979,31.61165413118478,524.723563195418
5.352126998332651,30.518207926663777,1025.844392971334,56.48668181420078,567.6231514762236
24.724460500303096,33.155539584275374,1010.2063160513671,55.77480528729995,530.7094943206414
11.960940256508676,63.611961766517815,997.3586793873654,30.383528453550717,540.9271955511172
7.766345963845859,64.91673814993015,994.2537943800223,72.9690091209953,536.7029638394926
15.81030939385338,62.08301088955095,1011.2814052587801,12.667043731302396,537.8673484900888
32.25638527269519,43.48431132582309,1010.9229760627978,72.15674252945074,504.9919806681442
16.291649499278336,34.33773168669671,1019.4056225192428,51.14600975109701,546.399087043508
30.280016319231173,56.94186005737392,1011.1980364985313,72.01067597605712,502.35486461349353
5.8939655751668765,51.60242451668266,996.4564066860397,52.937256757736705,551.8598383973581
31.138085366938085,65.0858780917267,1012.8511298159331,97.96004045962255,493.1465946596906
10.240399671359297,49.27480432770918,1030.805523174871,40.1216455992806,555.2687265184921
27.41833206566604,43.62518320775576,997.1748635229095,98.43156433021494,510.1798519800576
23.065480638798856,41.14132175474579,1021.0389588439987,15.847654823107783,535.3001320433652
37.23664397125581,36.63086760273606,1016.7236669234487,71.53846972818009,502.32697511154623
16.105578201037247,39.61605069026638,1023.6863577020312,50.87972861064209,546.6972474620662
3.5804423645431775,30.215674136425577,996.7770123042417,83.99238629767302,562.556949303357
1.7470639364988632,44.077135601088926,1032.3722401607697,81.06544627452982,558.6443471559305
33.24748387793737,27.011339679962703,1017.9434892495221,82.01891645883437,510.20894595564124
21.464689868795855,35.25276159414798,1028.1182011961012,18.526473937226775,540.859831766252
31.234518021563023,66.07237445406861,1001.0973043656106,84.01291298751653,496.9302878239299
10.142598400449073,42.90079437721425,1023.2735800229083,29.263614169938485,559.280123330615
14.458266075016116,61.753035933753914,1025.1463816950263,12.311223747313129,541.9009225625629
2.174051016241439,64.42862965785025,1007.8845872574184,29.596484771597027,557.4483946736481
38.498200658390374,56.965193850266246,1007.277905379754,53.13565942298495,492.41068410846714
27.046848361331723,77.72837577509691,1019.6008319261587,76.79002239202889,499.2029018684514
37.39499842261294,26.17919266427123,994.2033456792097,29.67692327495683,511.1597045614447
11.354359889733821,65.62589578234781,1023.1030867597879,20.17067932812442,544.527115767862
24.847080837800775,77.73326541672245,991.9299041927735,68.1370529521548,499.0669950727374
27.461498763412873,72.42494511441166,998.5765635504372,98.55082327240159,497.04896277903646
13.38443831004595,34.23409804927573,1019.8864690758616,64.07832718770563,544.443282461661
34.076260165609575,42.975116843845264,994.4245650191384,72.19516277110796,498.63571838388697
37.93929705310966,34.4848511932056,1033.7328941164556,60.5050699371778,506.6091940410336
35.50934959014417,58.07196000980873,1029.0778294257855,80.41135998056535,491.39894920363344
29.82361206163553,64.17033900887208,1018.1836049583031,97.82239781885004,495.48427980041123
11.821122509273208,42.4390573149682,1026.8575855051208,58.97163064637664,548.5202289692661
11.983025642119637,54.67286156913625,1029.9411021865305,47.51114605684533,545.9366057266343
38.57105249739548,63.00063135391572,1001.6764042307318,87.43087550441139,481.3110909140234
1.401095341491989,48.17368991360766,1028.2235214577195,97.2755509383991,560.3167689811623
28.925948956443634,71.97085417505026,998.7657202636921,21.626347678261116,507.4982893042735
28.543600339655224,67.43524644082994,1008.6004018866967,62.035386892649015,505.73844839486304
25.2848920970421,28.556604911781385,1015.121683406187,81.32139932913977,526.0138918049573
39.614244997387765,59.16189144999559,1022.1250933383315,58.00054646407517,493.9882328367371
13.163297994785284,37.94290530278623,991.3563592975138,46.827727137365386,549.22142846812
14.25890268793668,55.66350455670014,1003.0729235750185,68.97068390218786,533.1023180113733
4.078636714915667,77.62886434481314,1017.3833594194675,34.31152850620134,549.9777134152666
18.269127325205762,73.34841025037376,1006.0815905617103,41.42203686445325,522.2434856616612
11.180892523159075,47.248402171332245,1024.876127503327,99.30489929932102,538.3350255864059
14.392081384928124,41.03326220893943,1019.3243472517822,67.28188009370459,539.4468594530259
33.54829981996948,37.892315942454246,1000.5480654175681,88.56345684799672,501.392494320051
37.483896027572335,54.288317836608606,996.5668040816549,82.69916617334292,492.6236181758738
8.24358980820224,31.283664929193097,1018.3071147114173,68.70452989546217,555.2014486301315
15.527848330585169,55.21012544705367,1010.2710297467141,85.66561742128958,527.0278043462661
37.21659192250037,25.07335017199356,997.6030668495594,35.84426458902139,512.8774758667361
3.4105299668796825,42.81172969102147,1004.686839239327,67.34048039310684,559.3349504699121
4.602060596343762,37.09638726068197,1003.6371036743363,63.15431405715828,561.6683964917041
7.348848579042945,78.41703344784301,994.8659387552718,66.01776407140103,532.90835547882
24.213300530948114,64.99832757634884,1014.6109058669352,25.17687344320977,521.2333638881632
6.868418569233901,44.230935925423076,1024.364188526065,34.95187359982616,563.2521936276021
38.754978876578605,30.10647975918413,1015.8960099983844,35.79924869132852,512.1508140921022
18.421866563082293,53.424032707984324,1027.183111422181,64.1751546315487,529.4768804470943
20.559200453656487,36.739633472932326,995.7405846246944,97.52921923958075,525.9145239193114
10.619686016410853,54.50362502440968,1009.6025336020001,95.86607960639333,533.1275228528946
19.367449844954606,70.94492947983909,1017.4236796646145,30.44705976907269,523.8756494612644
26.81463167284345,58.868590365576196,1020.4200702423858,37.43607187600953,514.5066936577492
30.295908341207667,59.858363074975124,1021.3103837890542,13.24557030512504,514.9286183886996
30.40085522568661,54.75666589845463,1022.8034442194047,45.893403087345476,509.2833528962883
23.537753395069444,75.9996097947275,1019.3143415488207,85.12067095123273,501.4981518385371
36.27003122476043,76.25464764313318,994.240264002339,92.4176565087526,476.75510462718563
32.87890604493826,53.19977605904537,1021.2887554921033,31.284683161114927,506.63285245501396
30.52487647324639,41.816771792892744,1022.6152195548475,33.92150261399553,522.2784440916881
3.1686153455379644,50.27728532336941,1034.7065970450133,29.87648348578783,565.5381666012042
1.2682405265663232,35.26068517075886,1021.2013096515507,41.50932108171209,575.8757233628901
9.285443810623445,59.99893734249491,1020.9073678088197,82.42834587314903,537.9076650958126
26.877420162624638,52.50507846802283,1013.1665980581887,68.21717228960142,510.65145416926157
17.036702066419288,30.681526279730395,1029.0565308863302,80.734682607733,543.1029376503783
16.69384411267316,35.87062796157885,1034.8575642882522,62.47279957017756,543.184370297404
35.49888864095494,51.37975759097397,1025.0570191588845,33.19597702532322,510.0524467334426
35.92695107714171,73.81739448953721,1017.5625170036013,30.519476219128972,493.14210142044425
36.45783529808984,56.15148963471036,993.5529672119205,10.810063527737482,502.60357506259476
13.241244984086064,62.484425011465895,1022.7032609278333,80.28839231866652,533.1457758364004
27.951176696831208,43.646570235915036,1021.8852705861877,86.24091035482459,514.8284471163981
11.593694069700415,56.427626617432885,1024.9005666514245,79.14543396655746,537.885368010683
8.433783489903542,49.605890245093704,995.604992477977,16.696185195564166,562.9080431839278
8.2006658365474,61.25214519427384,1019.4179625056764,78.59994644528794,540.2734142739472
14.342197213680167,27.78165613434557,1003.3075757228254,14.119070783524238,555.2612338898425
17.768347171413048,52.13151189314276,1024.2122059531275,19.503375913575205,538.4666544763214
33.40701767114766,41.279594382918184,1000.816827931416,49.64278356394005,508.8312181021102
5.675752645435772,42.94017837028501,1020.7790404569184,52.853230803235604,562.8583639491011
29.662108048400874,77.85045873569338,1003.2746826142791,83.45067729568267,490.9476212230298
21.72674165338291,35.04821469912605,990.4047431767845,71.15742028368194,531.3088521320221
12.229868364363707,42.118488891822835,1018.5011060387893,23.798816076809466,554.8861901175072
20.21996379678016,53.044091665197946,995.0971087421515,30.35321049059212,532.6878267020145
12.697740721303884,72.4664821482293,1019.6681162754696,35.71076694328181,536.5098211196827
24.247196254293932,47.916854576350374,1031.6524251760623,21.13053737093725,532.0942505107585
17.919912991354522,65.91259044884941,1033.616067039499,35.888039772330764,532.4772813428331
7.41181563407627,72.10057540181413,1000.6165389297425,75.57383399857598,534.4219142868432
5.546739907672172,42.05089957020169,1026.4163952442796,31.726132309655465,564.1754043544912
22.321131600813075,46.60126009462905,1005.9098974592598,85.18236823543478,520.7749431423902
36.194108298158035,44.610592302859594,1030.5205682736591,52.25652956126871,509.02828277801
14.414349775749736,70.80706947398565,1025.4370305883217,39.064218511994994,530.2999885725568
29.587004181682307,27.439077407448064,993.3264772490594,47.117629409398575,518.8746043733939
26.68779284265091,41.9631598855774,1008.3211647244775,73.85470665341423,516.5140804097474
37.33064165806976,62.36747066773214,1005.1793021704353,56.511343292139124,492.8984654012116
33.018259674666496,56.09939247609385,1025.3331459325475,10.655079757755225,513.0224871606175
23.097605097313057,48.99591476115319,1008.4628569793922,93.00914619265676,513.8321502100378
26.624189431130183,54.69715249717614,1020.8064778943888,15.939640270166654,523.7787895045159
36.03707219677736,35.86715222055751,1017.1095865015698,94.47592139329471,496.5495218812538
16.58123259889046,48.68941418844057,1033.9037423593936,12.53375412580492,547.9505317603035
13.744993528453318,52.5936641296992,1032.2003230560726,79.38814014617036,535.6863678274016
1.4216322617726571,74.5654017075031,1009.2464781632424,58.12072373649594,549.2947991449919
33.235491893467106,39.3459339542187,1022.5610195238518,55.51535625436954,512.5105492571834
32.23824731573123,72.7305676190713,1027.325704229155,16.550065228960406,505.4398062340238
5.073726205905904,60.43327704542901,1030.4498589237965,31.487050930412465,556.3157108654898
23.49743786417531,26.118745708718055,993.0660418699417,79.97925853586727,530.0232171452391
19.09528622850861,64.85472352946664,1003.5935459673074,90.21338469302447,517.1116658113551
5.629654724855347,26.95535326519803,1004.4103518435835,57.62068129476816,561.7572754036175
39.24216085536822,79.85596197475972,1009.5500678048945,41.80090567263358,481.57046977597486
9.373139611070862,72.99501782301587,997.6169137821938,15.394888725778975,541.1529798342353
3.6221330235318847,41.35390611470251,1012.3292645977504,71.39606734597064,557.2208042924815
24.199047800574473,39.1576176608188,1019.8446447284305,35.06019496176543,532.9055978560698
29.815800408188274,45.979259515808494,1012.3813764097523,14.951234349293212,520.751297717143
2.2652943958402916,44.58918309229436,1019.9606892838927,69.926655618876,561.3530730480617
26.689987910353864,45.47858001119596,992.9898734318056,53.71478141803826,516.435392947784
21.759383162106722,42.50521003657143,1029.4194299268333,11.076593473155153,541.0474804936141
5.027335346126888,59.16233737665823,1032.258113644548,19.983163519571235,561.9555001198212
7.728431200908121,34.03450150463432,1017.8058340853391,72.92817363213497,560.6070314941078
23.15099759532714,71.52897108453072,1029.6625949386603,15.730419975920968,522.0219457558313
12.557946927018246,69.68213662172235,995.9150707491696,87.93667583586912,521.6619641786981
37.594313417401324,51.206576432039874,1025.885201403434,38.01936496779394,500.7038073985792
32.930868949877976,71.90014809032012,995.3616687062668,17.979982339278216,502.40865209059393
39.359121054032855,38.59297885166613,1008.3604604173892,78.37816403512589,493.472215531361
11.127162719066146,25.966100063718184,1004.5718340551224,57.19845110077214,553.0412950602697
38.81922167912111,59.056435876640265,1016.3516321349205,37.597602914136786,493.2091902973504
17.818120921870758,50.185017383059346,1003.568154085779,46.548850750234116,532.8151870721354
14.55323301723643,56.194050046272885,1018.6791133350209,11.927115604434329,543.0243046625238
2.9636315518047764,74.46366749601216,1006.5324280118381,69.6428683785486,544.5932516124523
3.0578450565245023,78.34590654612688,1028.7355671463708,42.91963200671001,549.4545113760742
27.988438981919533,59.89492268655817,1018.5247728098825,74.26338127553167,508.2525599967853
18.85923078292709,67.0230574418841,999.6884233794651,66.53540313572924,518.3118979107386
9.834343415408123,29.609463841794035,1005.1258239912639,68.61287673187641,555.3995865212564
24.944841946684072,33.83935716903281,1028.1339399431995,81.36034399039892,523.7363895196451
10.861466611754336,65.32626427241371,1007.3915887494356,66.8042270538626,532.905316703189
23.52763841943248,48.725100101340104,1014.110957950454,47.68533363177032,524.075691592551
15.009141132324924,49.52808987224231,1019.202387117855,45.09348055611721,537.8845092481555
33.118536837860944,41.973422489949016,1005.6514342313662,20.762389608837022,519.3890192282109
33.00715026990439,58.40460109127591,1003.2290383841131,80.14990718406176,495.96275086570506
19.61666552677365,35.184077497891145,1011.3864706173613,78.49975975791595,530.9458446323538
14.681945264065607,59.48039536226426,999.6696437441755,32.16685303769711,536.6106062858637
15.139832065804686,34.55893714243818,1002.7894764113579,87.64137214283302,533.3185789564216
32.4228665010605,28.51043190903425,992.7935317814416,63.01029320115654,516.9296253316305
13.798999829106869,43.16967287844835,1003.6786624186952,53.08181581551106,546.0015630355792
9.153315574566994,37.712718810541624,1004.4316842013607,11.574667146294628,563.0109913597059
4.3028453331369665,73.89454012059828,1033.2824924831093,44.44670672778847,550.3854408349343
19.20103171449193,28.022439962774463,1016.5377971459646,67.66036914120967,537.0132752650305
19.803151857873832,34.713753091576756,1025.4322091437114,18.07730539195451,543.535270155498
33.79543970571338,55.179578307067715,992.0419763751145,51.36105779987935,497.1158131553422
9.628309161396494,51.45869549661105,994.7941512123767,99.40923562254365,536.2151275863625
15.858659673067596,27.521861010608585,1026.6541632388166,74.48847734881608,547.5832737470244
32.527823816853946,25.398883540832948,1018.0597297237936,59.21837987514439,517.9463430991923
33.12132081920997,79.34373680786325,998.5941913743092,57.9729596445169,489.66997299037325
15.99983196317196,61.2359085197361,1008.2157932637782,13.938857403237499,540.5738238419399
18.905836908180554,45.097337199585624,1014.240262499173,96.15829936671425,522.3649899861006
12.828149743122035,50.87377362147827,1027.962442311185,93.53598942565387,539.2526208483876
37.36964025835317,39.660256624985784,992.7185396262522,71.41642396079018,500.2077291678011
5.627106863921632,43.96805810312654,1016.8525030215313,18.911048471339498,566.8180046367839
37.41622749705733,60.69744569975177,1022.2666164714008,28.705050707449438,500.6359082221433
27.670791621578385,73.5546489377054,1034.0051336059707,26.551858228802672,513.4475449336928
21.731313954782518,35.127151269465166,1026.3222035231483,56.7620636591097,535.1851466403315
2.273703370595339,71.21988279619254,1002.4302291104373,28.7023487051787,557.6565016106252
19.548251481058323,31.685614623504797,1021.9310637245219,72.62205053897785,535.7337155897644
16.90217609510656,36.82457229736151,1024.347504821714,59.07068973724501,542.7080318252406
7.28753366702978,27.04464084273053,1022.8380974963278,11.589235933838994,575.9693671433462
26.599974536525618,32.74465241511497,1026.906483057834,76.96515133320864,517.6629381537197
38.87488538736314,75.45167300052279,1030.6678489296137,26.994586298855367,490.84316412762365
22.92536363151648,50.26913106401082,994.4293441045203,84.23966077126092,517.6439921443516
28.875377781313887,29.271622397809445,994.7143735956504,41.95408934106811,521.0522455543129
3.6695676500746544,77.78497609214287,1025.837999494679,40.47577119834728,549.5545760656258
17.289012836862796,73.34457692672575,1001.3567614434662,11.063560220038948,528.5430405699036
5.537980921415339,66.50753864774777,992.6343639877535,98.89560846307154,537.055792286922
24.899037585923907,76.34100355711568,1008.0553131441272,65.08039052546775,504.6106851832768
37.60080417035203,37.10711814596703,1026.8944610321735,48.04571495673916,504.95264019391186
26.8093315663939,71.00031111555475,995.6954260716291,18.695926401520516,514.2927322767753
3.9953188842624394,62.94951579948684,1020.232888731201,72.92332577359151,547.935561779007
14.83198199441823,72.83675872622285,990.1627137797205,35.4457422992745,529.3511035530961
22.47587179819321,68.83013611584464,994.9381851245603,98.9452736537976,507.46122173399465
16.725102489196836,44.05722847472538,1005.7882655595819,95.54926232343908,527.5017863845869
33.512116408531725,67.59191953594906,993.7621026460986,76.17670109225098,490.03919923877373
32.772169183689584,39.43509666416897,1028.06557503467,97.39647372546722,503.62915560556115
24.861409784025636,43.07256896654302,1028.883172641546,19.507047620838655,532.1557263563936
15.564859860175504,30.93481444726369,1024.0006816394787,35.19238244828907,556.1896071181553
10.958118576766521,76.42921387892578,1000.9115834128028,32.79189599120612,536.507110533537
5.129098410312043,41.00518498701548,1013.5461183857991,16.481139261337226,568.9505997074875
14.841009655975608,53.63423558442985,998.2884836485517,97.50039381743102,527.8460090962609
17.113728171101062,46.52330600564059,1002.65753025329,15.397667798220446,543.9803750100476
27.35709407905887,77.79604663209258,1013.2202381478206,87.10200135948966,492.1092038065615
26.668233147605367,43.42770440161654,1023.0756213807359,79.13452821191554,521.357506270237
3.734217446009021,67.82002017824789,994.2594471177138,43.82803787243135,547.0999965950678
16.415113301815154,72.0478885047149,1003.3513513932638,11.69266263668191,535.8906429484178
8.089375821477114,48.958357361453125,1031.6979606857365,10.548631448368257,563.2560453495591
7.115695507355422,45.79944979491122,1009.310549300185,28.35944566245309,559.9127470231015
33.26478383975259,66.12602015129454,1032.249135325919,54.448892203041375,498.7845441526284
2.6346934519340435,75.20927891684288,1034.613024369846,51.21189803666362,556.0821562599358
17.348132160182733,66.52124531897311,1013.6996921750138,62.67633189084348,525.5564214118662
7.559942574894209,37.49195010755261,1002.9619804403183,79.4763378694686,552.082434911389
35.29387841146049,73.8569261090738,1025.584956385766,43.96191533741852,492.2381429669065
22.72458001772637,46.31699170902582,997.1689830986256,24.432732595838566,529.4573153667802
10.023844818697073,56.692617647786385,1001.3421086852431,82.00440251455815,537.4453225624092
20.59466419948868,70.7289590610991,1025.3195959274676,39.942161319808974,520.2474461758334
29.527968028421515,35.36171220702707,1009.5140666129413,35.81937080140156,524.3156360422311
38.36660234785792,68.14805746226543,999.0692071644451,78.78808345863118,479.7241063329686
9.59739416557134,57.78895388508726,1019.3006585228546,94.072549427483,538.9556805551085
35.56108911304446,74.13379030051846,1022.9742837621757,92.34651538096811,484.7164445089072
37.43786045253212,34.458372101394865,995.6282057752757,22.36981832714607,510.3606506885947
36.740401236750586,48.137523037251064,1002.464111698872,55.28423381223696,500.1486851223732
25.781159917614485,70.80637010767606,999.9574539917505,18.358325535535606,515.7755352055775
25.5630055229536,26.05774369012181,1007.0934582943104,96.48783630157598,519.4448335644488
16.72521469416909,31.171075172110356,1024.355020300923,29.370509728915543,554.3338620260569
30.343517409847728,79.4810867016204,1022.1168646023445,27.768661728919724,501.78759199734014
21.720466715686346,40.42167982246928,1019.8135759672667,89.99971057058315,526.0648825099714
27.420084777903483,78.65487565481743,990.2828495640866,97.10654996097685,492.37063155868407
17.70985825010302,35.039235305477064,996.3964491021176,72.78690333657309,530.7058275569024
29.52836209768242,44.86019436540346,1000.048389709593,20.89045303293024,518.9317410163443
33.15438918657741,66.40781944769638,1002.2380130717482,53.72700494866064,498.2773276986073
6.711014007509829,61.17781239809982,996.5891943742005,83.49445846554434,540.4158012506141
33.484258907394896,56.96173199609805,1008.464199816325,61.522946533742065,501.1672373162004
22.071564739821984,54.14445466927542,993.3831263256311,21.93353692555012,528.3352945040261
33.941970454518746,71.38922440156071,1023.7509985674501,25.469897455290504,502.9497249343791
17.82076654729957,37.9221709558366,1025.4474354283248,87.77275082513245,534.1797958916372
15.782578929938365,49.335900984643516,1015.8420010320405,57.43262473187351,539.8692607841793
36.68736856817168,33.54987606860515,994.0367194668886,73.52530963900412,499.92635140745233
10.79560143438765,57.77678776518874,1030.0537426296041,43.57562736097583,545.7144921873153
33.924280686159584,38.779943334922606,1033.453612291865,57.923702462695736,510.1201446969348
19.87680232786676,43.36131353888622,999.1063602144806,97.93928263489225,523.6411506629909
21.04972225949913,50.91878941429405,1021.7087918748324,39.67327332713243,530.3299938580462
13.030262978089876,26.47238221367203,1027.887238378912,70.7309674757447,551.4928375011572
23.348645824141613,30.05658647564607,1014.2929585144216,25.52550014757068,537.8588073741496
13.68323665477224,62.72610713895208,1004.5495394787037,20.956589673429995,539.3492854312613
2.53150715542444,48.5933489394629,1011.5351421786158,80.52761001331268,556.1740507378702
11.607945608429885,72.56346220999424,1013.0520937853004,85.96973889884491,522.8925380962237
1.2487826928570365,63.20696020043097,1008.0286669884613,70.14805258144739,548.3184395231361
39.15583669521741,25.445551790602735,1031.8429122135167,24.237625379002758,515.2517760834734
38.664141182970155,58.91917819219242,1023.4747399924127,31.652916907828473,491.42349426176594
16.411056601419897,30.154867633284404,1000.8585739014734,92.00581372856004,536.6810743916211
29.406463319246193,67.95132488847719,1016.3500734293941,35.98336439197807,506.77671052327963
14.486437838006575,79.53292285531761,1020.9910117919026,83.69744645774058,520.6016380912932
27.172633126353066,54.21593368328313,996.3070389765959,35.73435600193615,515.1210894700915
32.41177167879319,62.55287251067717,1006.1291584071067,94.55163123910911,495.22399385430646
37.92349354299739,38.05227884921133,1030.7496726721763,92.30076215533028,499.0227127806115
16.60827875813721,49.067875906458646,1015.5227895083341,13.893685626590916,541.3201140443359
31.54862133528586,72.08524327300111,999.7648985727143,79.33725881806677,490.7102053386943
11.371209574652633,34.20826212604382,995.5253159153618,25.251558421096636,559.9842818982879
39.62295984795229,39.60445830875692,1013.3202102063696,29.374446331574333,502.93831106283045
2.0050143518096943,49.49885214073166,1014.6458575363115,51.386069109832825,562.7231353779904
24.537623453543716,64.17368905142077,1005.0486503109576,61.86863347745051,514.6848267452261
26.720733284401756,45.67361751376206,1018.3687212788603,39.32197470734428,521.9571572854875
27.833776725891024,76.02527538806521,993.0908108798725,61.78450289987883,501.0847045875408
5.695115572774472,30.195137819779553,996.5312861969763,25.359253420702295,567.4125017894461
37.60266155545209,45.394230864966616,1014.5823219455067,12.010388894293337,502.8990204831027
8.06614788295323,63.9924767885632,992.7817062230005,61.41019495255868,542.9378856810722
25.2873827263538,37.42927211138208,1029.6408944245995,56.567373396608694,528.2961598801253
9.684367085800313,61.10272238263201,996.3965866705432,72.06885676683325,538.2517939186
12.981440263829565,34.03193270250403,1020.3263943338042,68.4839855771042,545.7673579092037
22.31188312739685,28.07891566739275,1007.6041548771491,90.77377422105599,526.3781079474993
17.270543324018483,31.655864421175686,1007.9904486394012,51.35217581453913,545.9145725466835
7.248798438083745,76.1491630723774,1024.4200287875015,10.753252722364783,549.6553482243463
7.666519694413084,55.346298561675326,1012.4757960377812,66.75874134371686,546.1880344895781
17.307646738349188,68.7990176513807,1022.654495863974,70.76191866428965,523.0016462230489
30.534036152744527,43.295997549777816,1012.7336052938746,56.934549045637276,516.2941979304555
36.02062122706376,57.59622563369957,1016.6807403632369,72.0374383217094,495.07273180052243
4.280978828115931,52.22236735377454,1024.232158254135,39.12254319125374,559.8324712248965
16.33105239481664,77.01558776712616,1017.3288934314573,23.392747287197125,526.3436759692332
4.909576985192189,66.11660498297607,1017.7026799224955,69.8098297560766,547.0888684998558
1.6471067446713175,65.17984473231185,1025.5148816142419,32.06677862939758,558.7354819077119
26.80702862311431,27.549429818885375,1032.7089067118718,51.06843183557844,528.6650839977856
24.495528236696924,55.23183179520301,1006.9522269270901,54.24604575504838,520.7696451917916
7.357745438780562,50.68452996459982,1015.9702720751678,52.94795954215496,554.1660400204971
10.1187004906295,76.0313246633407,993.8822920980095,63.86042293119603,531.1581932621192
1.924602392136217,39.153809350424275,1006.146174625599,12.650833803327297,572.5664675989626
33.562941022081745,39.84083993101019,1008.5422151650224,99.07142454370793,504.28475492404255
39.01293324589351,47.62404368848252,1027.5856792570823,74.46794265447141,495.887414337396
6.282921934992942,38.38533423735068,1013.1026580956554,48.28490036188864,560.5437879334005
10.027533336846627,32.10511547948122,1022.8979867984306,27.219702726121987,561.7131802722324
34.86797143393043,72.15781656579404,990.8553330011553,17.215959019902066,496.95806411478117
37.13208812029121,55.70520884221537,1010.9021701332742,70.49713785635097,491.34358907134805
17.365467929465602,72.37494954261118,1030.5592949323614,38.526005346270246,532.3291192932086
2.974276418493891,70.71241209720327,1000.0941259187604,30.65306124248812,552.397839992078
2.5362815140199566,40.51232951343191,991.4184983388201,44.19589484011001,563.3454336408277
23.384044776691407,55.125559437835065,1009.5033930171064,63.36307790269391,521.8004951208759
16.32290924683398,29.576973650703877,1021.6994319291418,70.45346950156011,542.771402156375
2.1174446755285263,75.33885362169171,1010.4508578078661,68.0653062419077,547.5240575218414
23.746843300189713,47.23444932858342,1010.6990241080069,87.69390251427762,518.5203545154841
1.4407989269718764,46.652190113896175,1020.1412268557244,29.68816879631037,570.0398316997228
31.707506367821647,41.651545383987425,1001.4474963727372,67.3071546877422,506.8380410166073
12.950880085431491,50.33650595908871,1023.835040623889,19.10029385674847,549.9872423037614
2.570062117360052,38.84676625999964,996.890108890758,59.314122090926006,561.4369693169782
23.94573661834298,45.61687500382425,1007.8087772378694,62.55625622407041,522.3114275389696
16.50969216288913,68.9970876721685,1019.5203648811913,29.46135690407563,533.3893383109387
38.97821612092883,70.88405269718444,1027.2766053253588,45.25238169921131,491.50992895881353
22.223747837644385,41.73003626956839,1025.6188982024275,84.44736006254222,522.6289553333017
11.734328060443323,50.795793680403335,1022.4758519688464,23.35681483776671,550.5556176723398
28.668115720725016,73.06008769540287,1006.1593372591376,49.10555778542562,501.61254785537153
11.588188099165741,27.897033250633342,995.5036942332176,93.94597640903066,546.5013976927156
36.26548836489504,73.9029729097682,999.7575397961846,55.36980349296408,483.6288110167088
15.614156849787681,37.05513901087824,1028.9175216559418,75.26203406499583,539.3489681632881
22.444873948272004,62.31965843179067,1028.5799116559697,84.41794355999959,511.0297670146748
2.9723510491449256,57.040343301153015,1032.8202383642556,28.33969373609432,560.8670724688391
17.618728280137,55.411741150408865,993.4194893352993,29.639551197963915,532.673581626662
33.4621780467788,72.26481236140518,1014.1564088374855,78.27323104885451,492.738433234725
32.42030340917034,30.58646790045637,1019.1907370206906,77.79760643587608,513.4049732820243
9.748423795287524,44.08654139290998,1021.9795819680086,15.416498857565717,559.6542166445148
9.817083769411944,54.60390104896211,1018.9738455754693,39.02484166254679,551.8134869236719
32.874907176316235,69.62088696703219,1024.6505125456026,45.86792427175942,500.0733857616899
37.2855383866037,36.90436958764193,1006.1762209330203,84.61363631240383,499.08389316390765
4.719075929647138,69.1611412755852,998.0744747460967,47.96760298867637,546.1929706353574
18.552286937622785,46.98011653716647,999.2062517467697,93.33360013629193,523.0950736798961
14.16071687960493,35.390262103853246,990.5390410261574,99.6946999426576,533.3082887794059
34.956849762840136,66.74425422439154,1005.76448424478,80.26535491249146,487.02674162458896
4.257471672520732,29.99943958110013,994.128482289599,69.97480206105317,562.1936721874639
9.233911759763458,53.31220557414936,1004.4669911755586,45.27074493884105,548.8048440701725
30.34626516587328,28.51316811240386,1018.2694534724811,16.033550144683005,529.6668571334483
3.000460110267408,44.602982033678316,1030.251512501407,61.582488075651746,562.2761954879544
20.208879847857283,58.0592239453516,1027.7822452945732,42.55344149895918,527.038587027053
18.242174352509082,55.58635478179672,1001.370339538091,41.58082682491092,531.9900309793226
14.041645980561198,47.25604798475666,996.0337413989121,71.8938327438492,535.3260886596653
16.388320297438028,48.597639668466364,998.6882523208529,51.72754227369722,536.4331134237082
21.667682890279085,37.47232543429216,1033.6943993356624,77.68844602943051,526.2672145888447
7.293326977146942,50.07354236332566,1014.726351585847,45.83559004168412,554.8135997356603
23.307839253060116,77.42901706464588,998.2126000350258,23.577704693790636,515.9309136825058
32.41186084269947,71.77491047810847,1027.8335769609066,51.52127735712219,499.48935918748043
30.6462762618162,32.98780779919891,1007.7836059940649,95.5911262892827,509.60949331998
7.002096283057174,26.63794330265065,1030.4649968388628,82.13721662049025,562.5269480298088
6.820729319917483,76.34383719941468,1001.730470707552,28.517432956603006,541.4744113379642
11.45880034205162,53.97123624344112,1007.6949791461906,45.21704514804484,543.9362180171835
15.081914327300451,54.581080273211924,1012.7226493255538,93.5012885698484,527.7472296905175
16.929767674930822,67.93948976385873,1030.1676900340065,21.132915285390986,536.4196586275998
27.508191456500466,42.307893562922956,1029.0940844222275,32.85552176784424,521.6286263444424
3.2105368544675805,51.504916285980116,1015.8459781636745,33.60003812847067,561.216906273787
2.352235464816589,78.27646022307056,999.9798979401401,61.383958809578516,547.8434457011542
16.28451195481245,61.96817778128239,1008.1510637282043,46.96599877401905,526.264563961023
28.189383993381238,33.45597675976823,1033.9034879414478,17.18836065966699,534.1126450376162
8.543978375302821,32.32747113913943,1017.349795074483,66.62633091193771,555.4661623538917
26.018674768993815,36.2345617083153,1025.1493989805888,18.91700780681352,534.2900481056419
11.13329737967168,67.16914209313947,1010.2439112912639,64.57734387811703,537.311980831243
35.55735824372714,41.24573521123388,1013.9403273960063,55.63075422034232,506.22818319336403
35.931907826398046,26.176386567129388,1009.3029350504645,54.43017946527813,515.1476969944317
12.594200966971734,76.9295899928114,1021.6314449127885,16.074662076930686,536.8291569773644
9.96975640456638,34.33423790172009,1028.3161956249096,67.52984021951823,553.492618527822
17.04085491058302,25.525700238143774,1012.8313594451054,48.81882327303977,549.6566668294768
10.3807318220258,38.04223813108276,1011.6390356386302,46.99955100571179,553.1786960969682
27.222969888376443,37.92658329149735,1005.3128910194279,63.6806256776683,521.0252192836588
33.216522697383134,48.21028879651477,997.9693512432337,64.56232539518928,505.35719322489376
27.25059310553746,75.62144073250202,1032.2661475293799,11.352996618578967,515.8309012615784
33.14966744272463,73.35517047785038,1004.2235873405778,21.270331108288598,496.6634827456774
16.48269432609149,50.129200524033536,1026.0311158608429,31.286639876024857,540.9295720077989
7.096361857645573,47.599494774549356,1022.1906159579363,71.01796000113812,552.0059358326389
29.780086948506092,55.525499756116815,1025.5912920125159,61.90670143266467,508.32309545009053
15.058505700520602,38.38997065844711,1032.1545660017446,78.18662191462784,541.4365686538712
27.179562183936167,27.870174558149955,1018.0516842099404,76.65470249894713,524.206070199583
11.555113737288861,76.65732748941636,1030.407765452192,86.78645822855357,525.5024801862452
4.167955757460234,35.2684441682445,997.5463795310532,43.91333751451725,565.4485502417396
39.710690024022774,35.912040108514404,1018.2020659180555,41.05574795649725,501.81172544699416
7.091858809293372,50.98531808696712,1024.7524025811576,84.79138627481169,546.3032745291272
39.54841876457576,52.03873396621819,1002.2238508834878,31.38413804804661,493.6856795138624
39.11391737009144,26.013881533540808,1023.3339210581385,51.50551363062463,508.8532907381393
31.958906052413546,33.137510632568386,1025.0314573102307,27.489308682002473,522.5240533752768
26.717495521197904,45.798515020840796,1027.4034580207401,92.24566679252922,511.4688725708943
23.534474959792302,62.60518814307965,1004.079731066817,46.702271178696286,520.9733894894342
34.77796026973555,37.56301512575647,1020.6722965575739,29.12382084077455,514.3698064731065
12.28814134316003,48.26579454329695,1003.6913977534393,72.28120515120207,540.2344529439263
19.239567286910205,55.65397855940567,1023.2568174374305,32.018021038943075,532.1866008101223
25.156208805293574,73.87258720428106,1010.8338149315571,94.91532428532011,499.05415114294806
17.036428558910153,42.933877627991784,1016.889496853725,43.08553133284703,541.588160140466
17.671971709520452,32.345704622491596,1008.7127991643756,69.81766408916533,538.2608436106082
13.881102032581293,51.90997242436845,997.2892317118421,41.07204380416721,540.5801512532969
23.005040850696904,66.06968809262341,998.0113288322414,82.65210246941264,510.4404440424824
34.172406592589525,31.04228663790034,993.490600826796,90.72304669204982,503.13692319962064
8.8596067422462,48.35759204333282,1017.8132705874748,80.91265234733075,542.8083860650959
37.44288851138422,25.97818276943659,1028.1887279078876,86.3649116854768,502.10707116912664
27.874418496180958,26.845754990598813,990.9376571817936,19.16927451438724,534.5399580996504
33.10765529452118,51.562434976916606,992.9807775939759,93.16582093297598,497.15220995535714
22.691437012570454,41.400851398301114,1010.586014653631,66.18706559877523,527.5877753582062
31.401151355538477,71.48090144529766,1023.1974331275685,88.22957789495797,491.5391989594031
1.6318154962392213,58.118486836954986,997.0968440120378,71.5993087766874,550.7271513121826
32.91683656640187,49.96631289586447,1002.2243093797138,28.166290168933934,509.7911074097367
2.565415504329294,47.4364454079863,1000.4402790576813,64.85995914811087,558.549356721788
35.706621678151635,52.34850141042598,1007.9573048402019,18.185161575082688,504.4494251096231
39.68654714230709,27.224135716696374,1000.1249404657907,72.61507271963427,497.502314162054
12.468631024894336,74.1036346031363,1005.8669405345139,46.810102697251544,528.2686951548153
9.202423695145953,79.90667356536771,1022.7844169397874,23.655985579018804,542.3443315193161
30.849171190463586,34.981791867228424,1017.4954161804385,98.13068342815727,506.6932842255577
10.868027295889876,31.621063062604087,993.6531767426262,91.0975981789613,546.3916380159984
34.75693294371594,32.89676048967274,1018.6985549810573,90.41893420629285,503.9796094065076
5.010861094141592,61.35648820289019,1011.4684727201646,80.99382757170275,546.4295635043281
5.912252658794972,61.37924611479261,1032.0554508618213,72.27830126291659,548.0898560143095
39.186910648924005,71.63582892531261,1003.0186942696824,68.95715322630207,479.6922103152058
27.279717032530183,66.35045136344394,1022.6774888864622,19.548445393346974,516.3402503201189
34.02860175272916,49.73293203531368,1022.8887370370056,91.05096117866087,497.7400600786457
13.648845716709202,58.70704488609253,999.9675351454134,89.30155566741493,526.9843033466693
27.382866231303574,62.85565687024043,1030.6450631236921,77.30673638723681,508.8463369543709
24.17543126503529,53.20050586568739,1012.1032440193321,93.45834631676102,511.55647842218974
24.522854684794932,51.160804144840014,1020.5497515100186,59.777510625819275,520.2042322282841
27.618765921971143,60.48035951034593,996.5635001497577,50.28781012457998,506.8145793760237
23.439007752034843,55.66110019366096,1001.6011762646386,97.11526619496509,511.2643895446672
17.73343240280397,60.41682679347507,1016.374820307175,51.77180690178904,527.9333657342842
11.760985080841326,58.70701256798501,1004.3562270768007,67.7191996960442,535.4148060206486
30.97467190561488,64.555810828251,1012.4861813356938,43.57559321725951,502.8220629241164
9.824624770124261,60.354192983058184,1006.8302339717981,67.26936034177551,539.1197373552952
28.001817940022153,53.5858367540497,1018.8249208489822,74.80890960631189,505.7115742644971
10.09998008332374,62.49882462064126,1011.9215413251364,66.21899727596954,539.8836922428429
25.3878766282237,49.72150808519854,990.2074471187925,56.3106647094578,517.1223502472274
30.13605241803213,38.29191742849306,1019.2356377075423,37.00997178627095,520.1961451443912
9.52984166735503,25.07800210736535,1008.9954700672582,67.94611085226009,554.5211474497703
3.337788733591023,55.79802809302137,1005.3764253220601,91.75860057352266,549.1450220234868
6.1079759767727895,57.486037463475256,994.236603852745,10.622133205270062,556.2932031337017
24.633881723569992,78.46269306266429,999.9166360754921,22.053612468672135,514.6207812205533
34.128409842803684,44.88130837518516,1000.0697531211384,20.779584264987015,512.9519044791368
2.7548760281815503,46.67732835555715,1032.0916274732128,93.08847726035687,559.3633376441187
29.631899102624203,36.09897697382046,1009.4630838635946,69.64729200663533,515.9038831949758
14.311427192052033,28.879386238052703,991.8929631246826,95.66092958231354,542.0124938536098
19.662606426861377,67.50424710739574,996.2467507009494,62.453194589118546,518.9147631208193
37.225522443977056,38.732458538662875,993.556470407981,51.555960744332836,501.7703223990339
13.946888684697972,58.48976735665209,1016.4991225593245,81.31086206329262,531.4128765694597
19.148140423639955,62.827516955001485,998.3979671205072,24.48480407277021,527.3944521245262
1.533614175666563,50.91801780104062,1012.43509381268,44.320430468558925,568.2974677367849
4.182350080188696,73.19936621649555,1006.6527928291489,51.96468164808014,545.9426994813006
11.085072054256576,49.40871625388508,1026.174436971489,36.861255506090636,550.6401253543636
2.0862373920219017,40.66997426729708,1004.4220336769413,43.415705116763064,568.4488196283206
25.623637715881788,74.28085376288922,1010.6219467078564,17.029466823197644,512.2194358874808
17.62953591526328,72.38603563374761,1022.4578496869021,27.818523050460218,531.3986401055836
22.37766290639286,34.02219708920271,1009.5008043118788,40.194704829783554,533.5695885875866
7.811240249956852,26.427856009465653,1025.6946991205934,81.63013899098209,556.466340534485
12.54134914802803,29.94920559922914,1019.7757960306499,26.42476193585775,558.8105479244224
26.88915451925628,40.76010692045994,1008.4738101276022,41.197633658580216,521.2687276905738
38.64680622158559,78.47428909579409,1012.6791866558863,15.842825937724166,492.42183880367537
2.9662541704861587,55.718388423845376,1033.5241555128987,60.139391034394535,557.6646790862471
35.72498851335538,45.529395261609785,1019.7725173428777,65.01257993268351,495.4627237972256
23.49836685113713,73.87938520370105,1030.7247851687546,87.89648171159503,506.6563262769091
22.992863103469325,49.922498231317476,998.0441326561979,83.72043986517676,517.818934564389
20.510862873102653,42.338124562056166,1011.7456270310319,35.684015921549246,535.1062795694
3.7063693502631523,76.76707408101116,1030.8897751430272,22.325832027087376,550.8570231863837
4.505197217710267,71.7234716405973,1004.5175427648638,24.047486398936336,551.464552151189
24.435568220704358,71.40176064806926,1033.544888916589,97.20675487364001,503.26482386117476
14.297384285986773,53.17566086776172,994.3684870713146,70.59032326066216,531.044518066624
36.77345459652955,68.41911193485002,1030.6202026623766,13.831370902291537,497.7663217044117
16.85703095701942,34.86443475955035,1010.0345454929636,22.310132954058513,549.0790263539493
6.587976889403002,56.5272626655934,993.3184874313522,53.72200585908602,550.2715014383751
28.874034506579406,79.11152575661501,1029.5784716663738,28.70459238638078,506.61099137520495
12.440783436199384,41.00271367848789,1001.3373095584101,82.32930865000169,537.3171064842611
21.493341986879834,68.68937810862214,991.0012556472851,61.58954058124284,514.9804688268972
28.215478634701633,51.9763123964437,996.1113197506137,65.13689870103686,511.3526825182233
36.11030033688075,27.189312577214803,1019.6601633854892,51.65429932442906,515.8293530803659
31.89545659726537,66.9660668798617,1034.0015170112188,33.045649788368394,503.9963909162559
27.37808164703624,34.271302941566205,995.0157962812583,63.04632518822919,520.3629108763023
27.5056941134106,59.73104619230126,1010.7876621656143,74.52730415446587,507.9325813859862
37.891061117251375,29.71153067258351,998.128644792639,43.38532698671502,507.0210163382975
12.537139802364905,77.07770686227806,1023.5266440345716,55.44492675560518,531.2617936776336
1.043371673651309,41.04481379491985,995.3126504892816,85.57155734248299,559.9684250179635
11.60622781652975,37.45555804225672,1000.79287868164,23.381358564021426,554.0911174311668
9.497763805443016,32.102502223648386,998.8382685442082,59.07019773466903,553.4000768684843
26.811548819445928,77.03012063364763,1014.863390116514,41.35713956463053,508.9376416194485
25.714752390855633,64.1547058342718,1029.2932841400284,73.25152823955074,507.92227822062324
24.14499392548423,65.79134887949488,1012.9990590520389,11.692921884615519,520.2686574543225
1.6334942851686942,52.46725087591345,992.6209553747162,70.34259698228698,556.7084187192174
29.42234412357525,51.11002818987659,1015.3525018768574,19.260796061456865,519.1067118893357
13.61768608693417,31.051168364531215,1025.8884449693105,15.82909776942922,556.7623630494446
26.93718357125861,55.791260257119546,995.9470288786945,75.21609708627517,507.13008256561
22.70655871158398,38.580407230983475,993.2720046455066,67.63079376136662,524.0054694594133
14.366506091688379,78.74299330402232,998.4513499900906,90.54423378033928,515.2217455333972
6.248474417060202,68.8119517008331,1023.5738845269732,56.76894602205806,550.400310240774
4.682337008758757,47.71456331060882,1016.62561887894,57.70219829744504,557.2314741479868
33.42921499137672,33.323769228034315,1014.3267594282787,73.63160520188956,508.10938141561047
36.81750414118076,68.19324301263312,1001.2265952584296,39.1057818717926,495.9769491726418
26.341733823807683,31.71295718947238,1004.9506467861087,13.32212098797393,536.3355505998109
5.033930479558851,35.41335644233888,1033.4648255824504,30.704124314715205,571.8875557320974
16.67906145864139,36.63362847593251,1000.8281352028224,31.421207070672995,543.7932586540242
29.42862880410113,55.62898510502019,1030.574044046479,40.209296525037445,516.6124874151212
31.413014476392657,68.28811596947014,1016.1239177005981,94.91164597364167,493.5751277095553
5.610526269352455,42.28731832985807,995.5483409867062,82.43585187968331,552.1192364366466
1.001198034969914,29.656839785140917,1011.0290570169781,94.23606206846729,562.1925106867435
28.773344789343597,50.549615493843056,1032.6846922812394,99.87486311017004,506.1868282333944
14.90725086346202,66.14606326379646,1008.8354519161811,49.040110367834004,534.6293013602522
10.92477193311215,37.191511369806356,1028.8523954155212,30.436598501227415,558.9783403162857
1.5030013217914922,37.09585014216558,1001.5392912593269,60.40037451297242,566.0675937188671
22.07167686369849,77.0974865040691,1015.6914968310168,89.3020972553307,504.9740539391663
34.19487868161329,77.47845499155478,1027.9733426190887,51.915867491312035,491.8056470273375
38.34763420463093,79.4756152633867,1031.4309798526363,55.48593723150282,481.6831329113802
23.06405307391828,69.42127808661292,1011.8620515218086,22.099519533504406,520.457877010395
21.063991781855872,35.35012930423701,1018.7859645965443,47.84099433109849,539.6056167930667
4.317199034080403,36.658983643959374,990.1341058852049,44.829532882772035,566.6059636864636
22.40603926016139,43.712388283731556,1001.3950488381025,41.65196525789047,528.1133752014277
15.819184079650391,42.497289223341994,1002.5420446686126,89.85688029317798,535.1114472222855
24.6782759544595,77.6090261992905,994.2071855244494,15.337128989109965,514.6501655622561
16.16032756718532,68.39906905849315,1002.5862756010639,97.49324646076123,518.7385311929974
10.371665814564302,64.82048356888546,1004.4504914876163,10.742214274582242,548.081189806467
4.703645733906684,35.22797732319725,1033.5944717805687,95.10346125548281,556.3974511867708
13.281819338966933,75.02390576492813,1020.0871071252377,59.32427525546892,527.9134715989112
4.769148537222339,70.53287087283957,1009.1702285737355,73.22007199601043,544.0879424609941
7.898981082135373,34.0003012730358,1034.4624507312978,26.84195647256109,564.4457965065062
39.50611018460229,72.91436825785348,996.8954544105575,68.87903851149463,476.2640050667542
18.320038719358127,39.973614500375916,1011.4223037268719,89.37619016749593,530.9165102436873
21.742998893695646,29.447836020765834,1019.1177993172072,22.553212585028643,541.9607560743617
35.071122620751396,61.12522685828155,992.5011285517835,21.437345104596098,502.91979839516745
39.82718711913682,60.95925626613818,1022.2649486137403,37.35801182345255,491.07789163665507
23.72586352444258,30.221260526108995,994.4940308814895,24.555330322785835,537.209912706267
32.68647902072269,42.53684949151203,996.3127038869854,19.95812632840124,516.1917012692628
13.750699949130336,79.60479542405463,997.1860280607938,71.04871323867626,519.9910131820874
12.924014340444353,62.31346668548053,1031.8000421994982,29.24439525212417,542.4318727546757
16.70544511878785,65.1541341631831,1020.7455995312175,70.03134094617876,524.0614005083964
27.227783244272317,36.71045070823681,1019.4942375496397,87.57363044042347,517.0322530617663
27.605475880948852,29.33301390521529,1014.9972073409247,68.68223122717005,521.483536470167
13.29433795132858,40.22959293575157,1003.1762699412797,20.74303629238608,551.6773994523894
6.195187041328519,38.68941118562556,1017.9400367069708,61.62198166427005,560.4705470862294
25.663454002154833,37.89992554114292,1008.4567373949887,45.42658157903958,524.3426752911196
6.0047086253618165,35.60148770378717,996.5437267541677,40.90338430502453,561.8903376129113
23.561207820943874,56.61156298604724,1021.031878064748,38.6678321766849,524.6901906203851
28.04346299419605,43.04569117130019,995.8311975568465,93.6489001437681,504.6969711883668
28.323848359383614,70.11897582761418,998.5800861459528,76.82567110099549,502.1616275064973
30.385412315724274,35.11710798160612,1026.7964690331423,22.04639106222655,528.108588359824
35.04151744106092,50.55448889776994,1019.7052693256319,52.840493175921736,499.97378129410953
20.49840068662675,25.7511810034344,1018.394601939614,38.640076772852765,540.1303415018821
29.479718391653275,51.492527735035566,1008.8191252954226,98.01444812913624,502.5285011058894
25.14773667926763,28.07110214820609,1007.8326233207717,98.02260756578525,519.6367753303311
8.27895765210962,78.7747931529954,1021.0618174133431,38.75810268997314,541.9880274334415
2.0018961499069183,68.4825670757727,1023.3002492374071,41.690180453090925,556.9352965496671
12.097114041400417,51.956131215005044,1012.959594106394,63.947278642289106,541.0003908328329
18.278314547167156,29.762304699864266,1033.6171159956837,53.13763128947501,543.8115540367932
25.067131832717596,57.584499243472784,1033.0064801513493,29.179078494259727,526.7517606752336
34.14841388962501,66.73200628860326,1008.5593270505741,69.43709502897502,493.64226975507916
8.65358295154046,35.48944891526099,1026.928001442742,40.07157794877146,562.5636424021578
5.896441806040607,56.251458743312,1014.4470528719287,68.83448484989509,551.3385956239396
38.575717951498774,69.78159941105774,1013.0290149400729,44.531337009501975,486.0318203468945
5.2137378156798775,67.2536277705474,992.4733827620394,73.01889044706445,544.2014939713716
19.66115173418038,69.16456098269342,1015.8288619710739,70.10195238006855,517.060925515497
23.836985422938774,73.36278836783458,1030.5260068753423,55.793148032890066,512.975462528954
22.11360241539009,76.57251561877086,1025.106023213779,73.42659916397477,509.4216143121516
4.355254124284785,47.30366353619448,1025.3842715114667,51.48691086088137,556.9940245744134
3.224049646141155,56.28230063875825,997.1968067359353,20.45244696851106,563.5994481194026
5.113853670980391,68.4862739325086,1006.1302251210103,26.38956280036192,548.2380697321947
23.837919671031887,63.34268976701807,1000.4942212492606,32.13938207490516,517.1089042185534
22.22945061773852,79.75361255454084,1004.2161877105036,15.690603540312694,516.4880314129318
10.115890889433025,25.752270810755427,1016.0792704572176,74.02430985676031,551.8110949759939
25.873191531978073,44.53232684236849,1006.4152716016612,43.06512041484565,520.9893496528448
32.982632580170325,40.45653594486114,1015.231401785892,18.417096669429757,518.7323544095342
2.621579434017157,39.4273717591044,1009.732556172356,83.79623086530222,559.088178200321
20.427067798373653,37.23913803743872,1002.8977001302377,71.52888560172174,530.0673960894371
27.88310607200492,64.0018112448376,994.2931545392321,50.70018134149308,505.2687697316198
10.840165155717797,29.661771030142702,1030.1327305805153,32.26828015834608,562.3087968785346
13.003065306432815,65.7884858668836,990.5118014702092,23.65713044135621,537.3694975233356
24.931878216585968,63.13842131089504,990.0743619663887,51.25367725795558,509.0281784977087
36.01947644430574,38.794227287549305,1027.2058982893595,89.67211687095062,500.15215787207893
32.587052391813074,38.905858074083866,1034.8564923146605,26.955579094477294,517.5010864164288
23.742078544883757,59.58733219394762,1022.7196272471145,61.179330609233915,519.3020833489852
29.47864699253272,66.91941080160228,990.6873227128298,96.55173957000304,492.4541009005252
15.228076338104149,73.2067087198051,1000.2010602000831,67.34049172881515,527.5811647672168
25.99765559585155,71.86767601199617,1033.7320215117882,49.59682571402815,512.6580240028851
19.181082053974723,78.06856467901193,1026.3871913478226,74.47356756450176,513.923237234647
8.407509321844875,56.97616924350811,1015.505992971212,84.21201271168358,542.2455530201576
28.36779268121303,74.97605587371979,1000.6587319248162,63.14646680981579,494.70692669005183
22.702120856604058,69.4682300293226,990.6466592667038,88.46491230936934,507.69850972206746
14.986241696190064,74.20671933727075,990.9387662686834,56.313258343816386,522.1120492420126
36.542228413066596,25.639463070695165,1017.5391388588602,84.7026101985631,506.3971152413946
1.8164305952425974,78.1246645526196,990.9824344358591,95.68173163651257,536.1747447428369
13.315152898730345,51.0441589565563,1034.7133563866419,55.111912032116535,541.7169617857614
3.218374513328216,68.90006442661635,998.2522725072182,64.45015440267926,546.3298258529281
30.89456533264346,31.99622656357795,1021.9818312841174,64.85207886548514,517.7731020247808
28.38219071043791,46.77676026976857,996.9776874635586,80.32913772384616,509.1017860263355
13.922736530716364,39.9303364661545,1014.3042039493971,84.06692561596805,539.5869720351034
27.35085318607585,41.04123237755154,993.6275079809798,12.450638458545466,523.8691057677138
16.441551821642044,31.779059097298497,1024.5050291039959,76.0023607681349,546.4298071376959
30.49389786547494,69.31701078986538,1016.3214492626173,80.54337201672139,496.439909628266
18.713162846731535,25.508327301959298,993.8775012030637,73.03864955124132,539.217298126236
17.078909385434958,42.18780013418613,1028.1863785140004,74.23260933907865,535.4561968011183
37.45446670404374,34.592579876902825,1014.6158376649516,13.72625732658425,512.253692906333
10.78428489573731,57.397141733458724,1031.4716539505994,49.78347957540154,545.3822572628635
5.697446259866052,38.98388214379991,1031.248051815515,83.63616847495666,557.2287809681834
23.797181417118868,39.24491499904548,1031.4228505268961,94.06064271655933,524.4763902139506
38.803550679082974,51.85859791974253,993.500334009021,30.65211285147413,501.59915601541627
15.73572933536028,60.89789716375091,995.4430992789536,62.127544631751555,531.2995844240014
3.4194337815224793,31.671758751084,1034.4467614372288,82.38972155955253,561.44281380269
14.232905425073131,34.65312988560229,1011.9420369629418,77.71668785732672,541.7842351352764
20.73133451846278,38.59461095269847,1000.7196323773117,65.70011052820712,530.9898677624163
7.3149972586563345,78.55615177648784,1024.6349019824397,11.68220694358002,546.8814065508778
26.66598650420319,46.843387496860615,1001.8928349545616,75.14972561004093,513.6512152839605
39.912226171397826,57.944454984706454,1022.724705960839,79.59182529509334,481.2495984480096
18.61783956327631,38.28485469937878,1027.6778600032392,75.05645559630715,536.9303823194424
14.834413712478293,51.975273883661835,1025.2918519782877,78.92282453409611,530.3041281891047
16.627462506544198,29.076554591227694,1002.3321513689071,48.782340341097424,542.8640582129831
5.4907009574128445,26.91081802572798,1008.0728358335657,99.43769313328518,555.5517326519091
35.44767045562273,50.780343975180315,1008.5962951454974,79.3708224285393,495.5944183135932
17.178200565332727,46.92626081351266,1012.1072813147013,62.0812004751987,531.1651459017174
16.10370204556881,32.528417583050526,997.5317783193061,94.07721427719615,533.5660780348127
26.7279206442885,62.818078590640354,1010.3611522686454,91.73785055122165,505.4671387461999
18.239303416313817,79.60969199945954,1012.9852345731966,83.31103588008385,511.7760034261575
26.281105283505998,46.76057516581919,1013.9269048461474,60.73254270853897,519.4269988070827
3.3964053151007128,59.35072497545669,1026.8955193493007,57.439091723204214,552.9403559668801
32.73521040516687,77.96367683004672,1013.2800524315772,39.58371387770687,495.3983732741782
37.6796541622967,70.73442348457814,1000.3852765131154,32.579018119355354,490.0604015803946
26.30185006021605,50.49537228164772,1019.8407932209884,56.11235652775779,516.5800508255217
38.22807122549362,65.56192164529557,1025.879136483898,62.00035855407764,488.4941987008022
6.905860260428568,32.04742721377882,1004.3717249897218,32.0073788312961,561.7971840714063
19.619231389733795,53.16571205050896,1019.0387668057922,93.03411192881309,522.2767992567136
24.470462623872443,40.34831524489651,996.6122098175706,60.154659706088665,522.6103132600143
23.68772924942628,33.86400283428886,1005.3866837060128,57.38547928439319,528.977219663964
16.657009384472687,48.44544984399941,1030.9150768297336,49.20745495295262,540.7482064825659
14.185291965284193,32.20580049384879,1031.0088673423156,15.226416614517449,559.2832445818082
5.946136879466334,63.444180949596706,1015.8896060434379,89.41612010138643,540.6439213481065
16.27795557192885,50.09320242293345,1021.6058157389298,38.52948037987268,537.8745921987556
7.34377178911392,54.21295479105651,1028.4306936842675,67.82143010214651,551.6108395416393
29.640261383196517,33.05067662674864,1033.1348933390682,64.66902030730319,517.8216324654628
9.144406484289009,32.687441360142195,1012.0448898130396,62.60381428460741,557.1388075777935
3.2840469060968203,57.087848939306824,1015.2709081481715,57.31409818104257,552.4142743895682
22.542279374872138,79.17553613061955,1008.7038704991523,26.329585008819528,517.276345714362
24.213959576056663,30.29378207807491,993.2391871675393,35.2545166943169,535.5621988077182
35.004609389939716,40.71522857111797,1009.0261562601968,57.176926414327006,502.2760974693269
23.502282884289592,72.82025140958382,1025.5782302722384,81.04082064372334,508.5340941073419
14.473753295214383,28.97496067403803,1026.2198474096188,48.87900735853768,553.0389542963493
32.3174633795265,73.17371467518232,1030.1569701566984,28.353029774151775,503.9928982494727
22.07087683430942,53.83572908561132,992.3160017329186,17.914998232488337,529.7336382322682
4.091931100616478,47.45467256595342,1013.7219565311285,69.67099031446219,554.4205539405536
23.06817185221662,42.03243103933007,994.8341019571684,48.10059735590481,526.8898999359412
36.41272327144483,41.34144369703131,999.0333982424585,21.283380336037773,512.7623330927898
16.4561923944306,41.81914203472133,1030.5097426071272,70.70201919882854,536.1642261417121
12.556706274092203,73.66416945281077,1012.3556066293363,28.682085776893587,536.7107034044859
6.595308823702782,64.8087376596132,1024.1345214403477,55.81144434733094,549.277746310007
6.906375355478936,61.83476543071328,992.8972847667907,37.55691775691744,546.4479809523556
17.878087889330935,68.93120319236004,1008.7571926766184,93.85210579906003,512.6255650166424
24.23151314229965,39.14130646522797,1020.3408126298953,30.545925964404905,530.2053145140529
4.144000801614468,58.99235466449657,996.0032916575196,47.79266693878256,553.8763597259939
37.643174971981466,50.30364314268731,1004.6618045597558,96.35442371452052,485.73655164617776
30.450211080362642,68.03428993601064,992.9046512260747,38.68526619444839,502.4551668897956
23.878332813062844,42.0090860760307,1019.3102973391279,68.01338467099,527.0853534907927
33.30910816662064,60.37482392784427,1033.6901066576154,38.505433933569265,505.4215009663912
4.127283515672419,73.52168264995224,1027.2170471014274,19.96074812055241,552.9839778565241
19.596716231591852,47.118276190721076,1033.8580402563405,66.47925094158634,531.5075458705177
25.573631947604873,28.664214805210378,1028.0522157794278,92.44283817568063,523.814663326376
33.31746333861328,53.3827952287986,1028.483811278864,50.730820051068264,506.94470077137606
31.55531284192144,44.02848682938642,1015.9729737917104,66.35588884232205,512.7506021881926
11.805700738822585,61.97239593009462,1013.3213540135945,64.80085719309608,536.9290423854862
37.694326612808965,77.30681086117335,1008.2814419892522,47.35807323650883,488.92090124151247
5.849487815803943,51.708457489826586,1026.8142702770647,65.34069748882575,554.140584523536
35.130211126224935,50.64046265855436,998.1930425525111,33.3386275977075,503.06230479381145
38.86666973458012,61.002164010530315,992.5301212120887,44.02341141427469,494.56384829930175
7.908987405682397,30.692362697646224,1032.6552220208105,49.80869707261376,563.4717880738165
29.160576503947624,38.9428403908758,990.1700183341565,87.76078152062324,507.3946031629654
2.5711352323419403,75.54386290252191,1033.9573194844133,41.349960534992945,557.3732222992261
16.811490180427043,61.84684373500714,1022.7984016443195,67.16233433042437,526.1970353337139
21.135048668709288,25.739422419087894,1004.7824513864023,29.20634536770088,542.1793983878076
23.64516381047573,36.25440099074609,1021.401892938884,32.7312756148534,533.8024978005996
37.50155268169382,62.556049631589445,1026.8043820733308,68.35859879139798,490.5571516328543
27.217776804473594,67.04195614094158,1001.0412925193896,78.60789346299433,503.73129703571465
19.769840097550244,71.1922764970723,1024.690305747581,51.59054588736533,515.6714877457821
32.57732641436968,41.069724186012465,1026.196633125371,40.15897270999899,517.2668201022886
38.07078001722195,76.20657279526594,1001.2209583556405,91.92444003390452,473.9974481954914
1.8605797986093429,55.41207914678408,991.8866859470093,22.222703354413845,562.8632558266089
39.31832961798551,63.309646231334106,999.1855028051144,74.86428138844124,485.9482611966248
4.359153423483534,57.820637452894935,999.0290884000227,72.11536747723926,549.1496567755745
32.76108439148169,31.750703007104125,992.9358204378967,72.12206464550147,510.91926840220054
11.933055349505088,77.9713062661684,1022.6703323094838,94.1878399981172,522.8671922394925
6.155006652400998,31.758156894178395,1007.0988716006284,75.53712708827129,560.1716564887623
18.154369948839562,39.0185076026151,1029.7973775354237,37.14086704686257,546.6004657808608
26.114306598456928,69.7495334122639,1001.3476997549334,41.80683018090783,504.9427547898113
15.857121955915526,59.02283288256058,1010.3954474294967,45.199987587990485,536.1145472448959
3.1280509230252593,71.09820409569963,1018.7557843017044,12.772780668829546,561.2354947148599
24.378984446689948,53.365490360572466,1029.48592273523,92.21592838674313,514.9426159076475
36.193727768316315,45.73462794516492,1013.6079495728719,16.61973434783235,508.66609928675916
15.945399271942817,75.70150247512817,1006.8086082515572,72.98148538877246,517.2275489245397
9.436978327602255,26.993877463313716,1029.0156785312404,75.71449043589806,561.9988614184301
18.2605164913798,72.08716211941751,1003.9610891109425,85.93435455674857,512.4867598823064
2.886145730902454,37.69497818532799,993.5740664834659,59.80260300359703,566.3896177814513
32.99901579473072,71.68049802646823,1010.0268948379608,75.27379814708831,491.49047505958055
33.227291627057284,32.65581373792871,1025.3291987924097,37.245063201935594,523.038537053216
23.932018073755508,56.91204300297973,991.3851374289086,77.1025609821511,511.5478271835911
14.771012668597189,73.84593554563097,1016.3647010245317,40.90741635356973,526.7290344082152
32.19155121338555,51.044680579438975,1016.7508821837256,91.25546305840264,499.9612048272704
22.63279396674632,66.0611670591866,1031.7843793542322,24.70436269897445,521.4950574500908
33.21136003345063,69.25693898205571,1002.890916771526,38.41815796065582,503.5506635961976
25.626892910737805,65.50718147942285,1002.5476475944813,54.88925063996176,511.653913100578
31.591813455299096,75.8931355281029,1009.8217643102855,79.8265501433288,491.7612953174818
24.34395673549264,49.575882678596074,1006.0611705662182,77.39191945927287,518.0782102676346
17.151501660410982,34.52189915408357,1023.1355638210197,28.964518689205313,546.9998207172326
38.35988853711937,27.629608503636387,1018.8788434709197,22.98121269506167,514.1649772044125
22.103439170274946,38.55529283006278,1024.151446705782,37.35726438646884,536.1005841344776
24.598491223081,32.87586271341331,1026.901880603941,53.53787365083123,535.1551746988143
9.599017937175221,55.687180778896426,1031.5341509730367,58.510454034317554,544.0153180169119
25.40038078766378,35.17199354664526,1009.3921529303092,48.622383185975124,526.4508886852088
23.29269832983481,27.141353900915416,1034.3113825262196,69.67811049832062,533.2721199963454
8.208697519933974,26.979440587776732,999.7047366031644,48.48030492375139,560.6617435275754
3.3238967967726047,70.73632241006739,1022.1464322876298,95.16961089449151,538.9116927016053
24.570013468876073,57.52974622936637,1014.0304192788235,33.487196318338235,516.3052962647047
30.7839985046625,44.6946916041358,1026.7605267608199,66.46349086030853,507.9711224622174
21.41265346595832,74.18254235071359,1011.4546734272892,65.02401447941186,514.7046768979279
9.844132387466182,28.86081362742425,1025.2772385913095,35.34172496940556,563.2930959521401
26.994357091028363,78.91771400003043,1031.8575921591455,47.05188620626246,507.397760043304
4.1241233377744875,58.896048463995356,1022.953241976304,42.89262574959737,555.6803256159023
18.23151448727623,35.090533968286664,1024.9242428798245,25.52491540184404,546.828776825855
7.371303577538387,62.34880044373327,993.0228944069635,52.95656913683896,547.4945439538106
8.19390299133545,66.98596928809594,999.2230948004526,44.79960277196573,545.8258241085152
8.889464017169942,48.61385308539259,1033.8436683226616,26.048562406044343,559.7506368426398
16.081575224715138,72.3897933435051,1021.1934151704328,50.48920408759854,527.2846041978646
2.994858019195507,33.290282401305866,1015.2652057789952,47.96595714328652,570.9333823691359
16.51394419623483,40.33606709676846,1006.5139368028402,21.822910989351374,547.1349549780977
20.956590437473334,30.142079887119436,991.9975050543113,21.806878772620976,541.7116184325871
19.848477113686684,36.598281233404364,1006.611115858386,68.27566418611276,532.1708397083969
15.928579915718583,38.13008465511298,1012.4510792980309,73.59227242453935,541.0349031596475
33.726717714759346,75.46982550069406,999.5156779224098,94.70623779180143,479.97606049917465
6.6677410043996606,29.296032881313593,997.7911556073225,17.830422141498985,572.5377974383536
20.722173007473586,48.50783161032402,1012.8787448110883,20.607534314042816,535.0616547861902
3.4196152613056174,54.281927797480215,1016.3656906032395,14.663631562111991,562.7794643694159
3.7750714762384803,74.42811795911885,1000.7963063484536,57.9005587681237,543.3993215290388
23.380768137406754,79.87329202636674,1016.4325263505295,66.04719528657039,504.6629691430408
23.074718570625016,66.43634632059097,1030.5152983743433,46.31711067389419,517.8840924110273
35.243307000933825,78.39350448129662,1011.292796610961,81.81119988650194,480.94442780409224
22.757073350742854,68.29056228947306,1028.5825576314232,71.802949240342,512.1222631962497
38.431849795789155,77.97614525342792,1031.7272150039994,98.7256378852174,474.6462775279423
2.899099087597261,63.899889926945036,994.1577313021688,22.410548496971078,557.635793445553
4.822299706448902,29.386988399808907,994.3115210845559,15.248409790825121,574.53555574914
2.718568601244874,47.105610284597205,1011.421988229942,34.73233350124491,565.2595982342317
8.22579716300806,60.56285060913587,1016.4646099942967,11.714517578515963,554.8677388989993
22.109534326725445,44.2895180199838,1009.1647559009264,93.93502850798613,520.2026117144948
26.177315075669693,40.03611549625782,1004.6902846687876,37.35564928193578,526.9418352671432
2.777821159998083,56.75695969232,1018.844735225677,59.718715027431294,556.6555232622367
37.892864703978375,76.34260321863391,990.0936680557464,38.62626695908677,483.61201178664527
33.84444968936486,26.924003043388446,1033.5632976388683,32.12277597899411,520.7133643002559
12.567886804126632,67.30771619477908,1000.443558968461,23.7128251577392,539.4461957174891
4.010313678832251,64.7500002924545,1031.2694445862353,38.8329328296222,558.3135501043752
7.625595855543233,78.0174383963558,994.9056635040528,65.38770373671771,533.2199846108865
5.9508321364439345,76.18911722828989,1000.7139231920057,97.4459079718775,530.3744269574247
5.808067392658927,66.9227909124306,1000.5693165489375,60.228283633043446,543.5830168147405
21.223905857963622,53.622482057542925,1034.8268806890292,57.94381594891046,525.7568642842098
10.588050257242612,36.2347154278436,990.2070245576648,13.173671629463218,557.8761589146915
14.967448944636633,54.98796450790659,1018.7837194186573,85.60891141009235,527.4340101425475
39.590708001988574,67.09435966558095,1029.1358961477383,14.035723749781592,494.8071740559239
27.688255708088445,74.26180669508412,1020.2523144311132,91.56090466931313,497.21484119483426
38.01024601483305,68.4341605065802,1006.3230218197625,58.480455282104614,484.1368797311697
6.559705646291508,35.73968143550797,1033.123921321632,25.16199447106319,566.8460028563362
15.9034395184702,57.982747282543265,1030.208433956507,50.653665280581286,533.37642157604
22.634540328011816,43.26954027422464,1009.5279714112284,99.54860326148786,515.8927778271993
3.9935644136607826,25.506311706485363,1015.7997821675024,37.457456683968374,572.2357308748459
1.1633103014903567,36.01215146837663,1033.538363451236,34.25137916937208,576.0078133767263
27.146939018079784,31.22713574633971,1034.2152162866912,20.62053055382553,532.1352418001009
26.03096115525598,71.34955179467076,1010.2420474073078,63.74281139117549,505.4700515507698
17.02076358998486,39.21784386812966,1028.130751266439,18.03042991125666,547.5537591634342
20.09611896524927,40.65838828881555,1003.5891102129272,78.94072574236695,526.2105934733223
17.202277023091494,77.79651144893863,1006.7315792818799,92.73011628975023,513.0191979369501
1.9361967489506653,45.849769767686865,997.4169847345602,93.86840000939495,553.2777282289945
14.079492642481034,25.5272102079417,999.4133066749529,19.7124627589694,556.9521185231295
7.906207960494304,40.61153815903751,1019.5592986016711,60.24363376176719,557.9662733194057
4.838543374953381,31.561476933099684,1012.9851728103187,18.739886941194996,571.220312083843
38.31209692168464,30.654470895471967,1000.4009337281522,61.48145273358675,506.5865420145143
24.375029276644458,29.26180095746622,1008.1309327362744,83.3482526688623,524.9419073050565
29.417595085227504,57.62927085964575,1006.7932556938657,58.401114607295625,504.9605267989511
13.299185987378582,35.414124799642224,1034.43120920409,88.4848443496013,542.9926581912621
16.33273805026659,44.86835367225558,1028.410462674512,82.15069193644399,534.7153523667995
10.240035761972216,72.41097438715093,1007.4584850022721,34.889351494593555,541.6394343558645
4.781661167651565,48.33859768879516,1031.1262460503215,66.70920545941975,558.5921441841044
7.9822338602217675,75.36302425284006,1005.4185926232677,10.66709138285183,546.4867216106085
32.10304776656295,52.38659293675835,1020.0555680730687,45.64377243323779,511.4179318354451
27.424286402167258,46.936013816186566,1033.4992498506952,31.416415100586566,520.4728454372229
22.3302261634336,66.27139098998859,1007.5625488794849,94.34047113491376,509.0569411319107
19.528505041803953,29.024630432240116,1020.594823429722,46.4850110550844,543.7187352938394
36.97493706258885,29.921311064032956,1003.3165714978185,68.86579855802324,505.68724012865874
3.8366629633680676,60.858554265762834,1001.9840542019089,75.87834483462466,544.4671636543445
11.943431716278722,51.781739228158656,1015.8370499894198,79.58912848133568,536.2430077959367
14.647576289257849,68.47283876755657,1034.066906911495,76.21976728157759,527.2277316860763
31.514606676298726,75.39489605389423,1010.3910231924076,36.02485548889613,501.6399741870997
39.70807018631688,46.36017827193511,1032.193663664246,71.74609270562999,498.04606134539597
10.38615007552897,57.80255146215554,1031.1463584110143,59.4108534036055,542.3072487901836
35.097986031346146,52.53831452874204,1001.4193175555248,63.7635398317767,495.32399808446087
33.39428765683986,78.9885860603338,1008.0818733187947,10.07331555778794,500.82103628069353
9.761638508028899,70.70964240461274,1018.9486115322383,33.24318408575709,547.5491938419158
16.573970627769683,75.14557395525445,1013.3120647985127,93.76153270440899,517.3868470979592
16.977241902408245,38.988704816768234,994.3181338438428,36.10684749751532,540.6597906041742
39.15060607253577,67.48895327394268,1034.7164113557221,49.421397002467835,495.09407275397734
8.054784153777035,39.60102737487069,1023.8694300545076,26.800658397616694,564.1012854026312
32.1671608730865,36.480839338561445,1009.696231720112,22.474229671332075,518.751441569725
14.033515852751286,76.9346387810553,1017.8175847349831,28.780207177483458,536.166673445197
29.503943485270256,26.061742919482665,993.9407767769803,59.82825959802757,519.550472402067
17.380429167530853,78.09637870148863,1012.2885744160325,92.71257862510973,511.1112028269575
23.55603076154506,33.209404334384345,1031.8874587117868,39.357926190657125,537.7648447397563
33.471859159719116,70.06909449862974,1030.347043112474,39.106715698717395,499.8796567989162
32.36245703437148,40.17574041874567,1005.1821380467416,60.77265281981815,510.09740463347856
34.79050415804831,44.288628008690004,1013.9115538719602,42.106844592382174,508.2799479831732
3.325075688441702,36.92167412270917,1021.3822585839441,91.93744431855892,561.5337235458733
27.989971568550047,57.20327233645938,1005.3004170108558,44.00632383780357,508.09641066248184
6.459507692148752,44.14525511293307,992.9195648142272,54.13980272675204,555.333282305511
17.21692415271803,61.156617172206474,1012.7448745523012,58.005035557336974,527.524301528606
22.39494818713285,25.86060248681363,1017.0736081120501,80.38610156174241,530.8839404535494
16.7068399051264,28.540618593327178,990.262872005468,60.75153454733953,541.0230863293211
21.26485535631729,30.481363400218676,994.3008918092339,31.52395901325917,534.3336566983527
39.86452604314615,48.04465269206271,999.3280789617369,21.15884859637306,498.32572874600226
6.273475234801334,69.81378949629868,1005.662352914592,94.39970920200676,538.0680687301448
27.342785768120596,73.84978507081104,1014.3473050273761,82.14066951751967,500.5287994372661
16.444037689038993,38.46459070334954,1003.222931344185,12.066868926002417,548.694592632484
6.187382157385822,56.590334833145775,1002.4282716482927,83.93760858911928,541.2003387034567
7.1907337715980715,67.26007459809303,1029.1207204715886,63.15380145142919,545.3516932134681
38.02165114357906,40.885618645578475,996.5272788360642,56.7004811531449,502.05054709506675
35.30445837175872,47.495425520495026,1012.2957059927562,11.100626112120302,513.7820968890337
36.374636456185854,53.81858114771427,1032.877112262126,80.27776507459737,492.91107090632863
39.66977825726808,32.418116552442626,1018.125596210222,27.82585128171251,506.9029728636504
9.1243002103322,26.429026154917917,1022.2742465952497,75.51830918746711,560.7973318836631
14.862134157198408,33.40431951250558,1009.4056646125773,11.428142262923554,552.7823946864693
27.099542167069803,59.47694916894434,990.8969475203874,81.67182846995675,505.19410530388075
19.86829905456524,29.049004384352493,1019.0758665765243,12.07355215195365,545.6499634427216
17.31719180175501,35.433300066757056,1018.4365926642656,31.230361366526715,546.1093609818358
14.954638724088129,43.581963713241706,994.96924364085,34.14503912614421,545.1288857803454
24.157444645794637,29.282853536850148,1010.7971871131084,24.175777429623373,538.0598041802465
23.448143716963198,35.54345991388989,1031.1898025099542,53.295237657583215,533.5293707141102
7.296855528505363,75.11983839409311,999.2288174387389,35.531916365503804,539.6698291711094
19.397853663219124,26.06145227248416,1010.7494439585349,99.3959178154531,531.6088941737352
22.585399272184144,60.938755829589915,1010.7496433340234,62.1971914028895,518.4760662050958
23.241190610524228,46.14249120033517,1026.4842660666436,60.98300425488164,526.9402133406816
9.19418052358172,61.99568066878041,1027.105914164825,29.87826670958097,549.6271985038547
29.948584297839183,57.37804461998725,1024.1671238848526,46.782049484342025,512.3579439288294
1.9827646980217157,37.29243148950543,1006.4454371634723,21.1580194924,570.8833317395329
14.838442366183344,71.59652181653637,993.2416616258334,78.62763270253477,520.1587865539846
31.42829329288971,52.056721043514614,1005.7267339750806,39.80433215381292,513.6578860642392
22.99182392116069,70.23948104024095,1020.5906040572103,77.67692500538892,512.5855894844209
11.18533486792355,47.33068949035206,1021.6235958520084,43.45263999365279,550.9401604090469
28.103171654378862,79.15770546533815,1033.4250094264523,98.9881516103361,493.069574963316
23.12824682208686,67.3769147175713,1010.4138554149669,25.400946002915962,522.7115259590715
32.0535007687991,78.12726128119154,1018.459601232313,10.137150449499817,503.91688104822043
29.665982261403112,53.287956340042236,1014.2635891825139,63.534298724054715,505.64187220367927
24.79420895941315,51.05301227598852,996.7778352050957,95.76578800790543,512.3600685481028
20.038929337121747,66.54995951288919,1010.7541112459461,68.23486494153815,516.3512987443787
6.194102901033413,73.41601946573866,1014.5175819610048,17.715117047336285,551.5707163319402
11.191987697529967,78.02801877260569,1032.7837322719017,58.64323442196029,529.1581935234527
17.344879443766324,42.850354831787484,1006.494257448403,91.85382425239546,532.8307391438885
24.37267219324916,68.92875156134514,1034.104459639859,10.585546109201147,522.4083582560204
21.03460635339689,36.58550786995452,1014.4035033310838,25.02209915540189,538.0622124664941
12.23919651242165,55.00658907099949,1000.9111159486376,83.31054004923547,532.5181448610165
1.2521099537987115,34.89164816250595,998.6248974157113,90.45163959197346,561.3988416304584
20.353329654131745,44.106854896268636,996.3762712767104,73.64445587814438,526.2077756936162
12.139413553927481,76.22471019635526,1010.3819791758053,99.24041472758387,523.8631067494961
29.649723727710867,33.03498848751973,990.9866893405016,18.119433662791238,525.7280704808073
1.9339043455488563,59.78204923243581,1010.0270377491689,59.110886425290424,551.466640456208
23.808284640925844,57.61248501100718,1034.4782111470176,71.64952503828276,514.9972842235373
37.71749526273655,31.640609398994258,1020.154805807502,73.2380248332179,509.1711490265159
7.801961417348481,42.928847407284664,1024.1903754540183,81.41361538097644,550.8991378056628
19.39433013927322,55.96398274833962,995.3552425823218,92.58634405894449,520.0280500496027
4.565457680868389,35.294823494366966,1011.2895387670541,42.54773010554032,566.1374800038632
25.401594578192753,69.03430110270484,1002.8800395461571,13.866705352687225,515.2654194635653
22.470735543252797,78.46860802441124,1030.2343887595064,42.61977230328625,513.8552919804691
16.88725544430046,36.81176699793596,998.1581612406261,70.44532870485114,537.1804592525004
21.33370383747591,35.28015806348168,1010.6429997211534,29.211047860027918,538.2608717864582
35.9664116802914,50.02142894885945,1016.4621473255537,82.89756564028394,499.15338163860383
8.655477790131615,66.12709024270177,1013.131849121034,29.778801195054776,545.4815139410514
1.8800159565085421,40.488033562938824,1027.3609587586684,10.9057062142156,574.8172379093385
34.60493050326494,26.09339497835042,1000.4153927093838,55.72726968012214,515.1781184592666
23.507566213128353,54.76713454180917,1006.9825999690661,75.3815414263258,517.7887702647957
35.73567976301185,77.61303122720193,1025.6437933458278,41.46898064831506,491.19979826097443
24.28086371311373,46.52022704738201,1013.7632135281563,77.40062195831081,517.7262415087764
32.5962825084284,48.107400480070524,1008.095282354158,49.45639007089074,504.38992383768516
17.757261170850768,78.28959444127209,991.3249131635174,25.454315557606186,525.3752039215514
30.244537320242483,63.20341863947006,1023.9023440807024,18.15025544190594,514.455428643361
36.60861720870438,64.55445575631688,1033.7481935085043,73.95284484166126,489.5317348891937
23.312795585166043,55.94861029540872,1017.912915426983,44.714330884259006,523.0302331217027
8.050620871932802,78.60350659747829,1028.5443549309957,92.14963911313933,530.1782824372103
11.483106986177729,62.887656643405585,1013.2594084437717,58.62295527165548,540.7453893757961
8.747138498998826,74.22680133828433,1000.4256434440514,41.358917639863236,536.8366942431841
10.627424076233584,63.46583761532717,990.6498946905815,41.409183429075085,538.6807476503192
12.950202524690418,65.43137036622178,1019.4029220415495,21.829407800738423,540.1149084383256
22.65021768337435,40.97260071782356,1012.189898171171,63.441023823024096,527.8944154364112
23.931673549089478,41.69132839076005,1025.1944166189421,62.395042186929,526.2300155481619
17.633490142432585,68.0641557266816,1021.2607087845887,81.99943227428442,520.3539606308082
25.001410413012582,41.31884590434448,1034.4578565692955,28.107726622036846,530.401064385845
4.181422098843271,55.95235389408424,1012.9640662535418,36.17106782282447,561.52924999665
4.423741245268239,38.71437709986861,1009.2228655352855,18.751417218602352,568.9439901039484
7.7013489539486795,69.93408594449882,1002.9032860247682,36.580798204201606,546.5198777710725
21.205022423573446,31.077574317522952,1011.4587581306073,48.52919041789606,544.0104382028505
9.34579246923423,70.61956518689155,1029.2792165155315,96.76255653585854,529.6965291986852
12.048091736210516,58.1501390279181,991.9097876606284,68.7759402587422,535.358925874919
16.61220061074677,35.28002441548925,1034.0055021278786,80.4586536801276,539.5036388931617
32.66277883640481,54.811946202836495,1034.6988237438509,39.295889669844115,513.473492543315
1.5406233006015446,40.53743602660373,1016.9019620364555,23.006153152728682,573.485817763745
26.325773989228274,42.790703410177315,1004.919489166293,33.10479477219968,525.586628031526
27.08618471058673,44.33404228782842,1000.0372035744911,33.0820921899389,522.9188849355136
32.14757543390883,28.48255858347765,1002.4420678058195,62.48037954640844,515.4404182586298
37.377364623352214,79.22789264207796,992.2547441927237,40.73240192095258,485.69673892774256
1.7853761090223033,26.734404547217324,1011.3799931317511,87.1658977899951,567.3107332862375
6.997564515015431,61.437328025135315,992.5795921888982,98.96900673128482,537.1135812091276
35.560680468183726,45.417520626658686,1022.3313396649166,40.89685647371036,507.76298292540343
18.882223925293598,60.53056600206844,1006.7368254989784,73.45542463183097,520.5202361055476
23.019034918405076,44.59365391981711,998.9714129286224,69.17379237283319,521.7933688858075
26.858060945202748,62.05628554423723,1014.5184101026217,27.501623895905333,517.6897094630835
27.483597575329856,65.10795302075985,1033.8191688259355,92.62077353385706,503.9360306336552
37.33787572934382,62.980395221980466,1021.2808972058289,27.949832846956113,500.329767325006
39.88102727905512,31.267908974698376,1012.1286082546872,76.32614185027289,502.24631716144313
29.08614097630667,61.12912790600765,1024.9611434664528,41.28486780468812,510.27738532086977
12.201627159000882,40.39931521997535,1023.1864412354545,43.03734103080742,551.818337737754
35.3103436894794,26.584075381313344,1030.1280957476008,50.99041476000643,515.5772586719356
2.919615667089703,47.81568695389247,999.2101026417276,87.80571802496256,550.9820997066748
10.012153262105352,48.84487065420906,1028.649490931643,22.62267473600909,557.0252132246771
35.99804298108488,50.69457733438456,1003.5461739168765,14.911262005127853,508.78427328552874
10.991469063134844,63.765329096489396,1032.3449517521294,46.18367370224033,540.1764691205044
9.60539132524819,41.98640950283525,1002.647931702603,15.002658922787928,558.2323535704878
6.386886432469643,42.34042822071574,1031.7081844423205,71.88407947516964,555.1832138155362
34.505358548229744,28.330374093269334,1033.3705821508836,78.42925675244919,508.35952502469996
20.50227210845238,62.775166879576275,996.5471110855657,86.9241155277933,513.9054601076651
27.320834919112038,56.23043502697712,1033.8524947468252,76.94580209352372,508.41288533521043
10.323588978926157,44.21838119815834,993.8575335793176,92.47162543234113,540.5177648928279
30.563576419437442,63.7853938404545,999.8355503975635,77.34710104508999,498.14524340544324
30.640216253521842,54.554676207478245,1009.9875951392762,94.24680758905615,500.5057162026474
13.191322971423705,50.808472022879684,1034.711881457027,27.379971478842684,549.7292208453915
17.016622687401032,53.12284990136196,1011.9853373024421,54.98768195809572,536.0715329838173
9.177920819777833,59.999146889688106,1014.7684249430318,99.45375397344178,533.4489684975396
39.08587990959327,61.30014325160297,1021.2491227285642,71.34203642884441,485.3348858919837
26.178500505278052,40.89268005273944,1033.5732101222827,89.07770061903317,519.2844677469037
37.4472113479051,32.74088498651343,1025.250813005591,12.73544144495697,515.9386070414504
12.832036201536194,33.61487996547853,1000.0869301990664,88.45821087115937,544.662598914287
31.4937456068787,60.16649872466509,1003.634591879896,72.7941911114888,500.15600709570975
30.868487111504937,73.00803071719193,994.3932707823836,25.367989058893958,506.1346597637405
27.97457042279512,47.52229530900535,1019.0003563874133,12.311286078123693,525.1397471080373
38.659920035405214,34.323608818120434,998.133313794265,33.393392031308764,503.42091335640197
16.348658108146306,66.613137406162,1001.5832199815715,92.41960230934932,519.6215710785012
6.097975620000534,70.78692109306968,1029.965114483117,70.13196448302578,542.4569535733427
27.19664551051837,73.43203437165316,1004.7040053899407,92.75221938549919,497.3189525301637
29.44308221861104,58.37572859025533,1015.4991023259375,50.15357042448335,510.65899823241995
23.42736236489377,72.34007076634467,1007.8904703955129,94.29643857117169,502.52137465514403
9.065897832202454,25.84782271466242,993.3314079332661,51.666383390050505,557.7393253429706
20.67378172510486,30.897969097323795,1006.3288723453518,28.382925197650103,542.0026238411298
13.175399726196046,30.091683687865434,1008.3630691366169,23.62541177660026,552.5872801357071
17.671194598500872,64.19325763401031,1030.3065495860183,99.44306317315399,519.3985977472367
26.163524457941893,28.826998094896847,1004.6002794140853,40.04763953271138,530.1277808128501
30.063374964942547,52.30004048564689,1007.065850389293,24.404772278582893,517.2848854924781
10.056762945152382,50.998879424995906,1025.230354590255,10.756758780167694,552.7983736221335
16.80768906523118,42.08869379570325,1024.1530493045218,35.70126098766602,543.9895561372525
11.497301268673539,72.87228434681549,1025.922837449182,90.02045292422851,530.6093572724866
8.746632940612896,34.37382610339978,1032.9196833034202,58.06083886095715,560.0997508692495
31.552101579837696,44.385453141958195,1025.8000874277652,66.91915463724595,512.1710123920161
36.4608550830427,67.5794325012611,1008.342369144805,93.01519935014797,483.4914086896035
15.439055241698492,26.673227291630635,1026.967883260414,56.15559262963263,547.015688579441
30.299878050576908,62.01227201355027,1012.8903584440473,85.44518612673531,498.987140467449
35.98281628521203,69.90187494988638,1002.4971314633354,39.144995026871825,493.5176860727623
33.99884421067903,76.2747311360992,1003.6312680658956,97.9391676557098,479.2835590397942
8.12972215302981,73.19631522703168,1000.072907485353,17.093248616120714,545.103875849623
38.29538337902109,42.56612642585269,996.5246831018889,75.23465729619382,488.588642297698
15.690381176749035,57.250027772762394,998.3020685334143,69.4509658084265,528.4041173352432
14.230385785779617,29.25114212327562,992.8430122479218,27.250435526573526,552.7211967578038
3.4348217638334333,39.182850195140475,1029.9802889219575,44.99595989618824,571.0292113517145
19.960772510090436,30.182230831112907,1031.8953514342106,38.15462050993058,543.3316589024583
5.25153100999622,42.33530095846801,1016.4046676622253,18.504358149924585,566.7864747218194
10.693053016169614,73.1352967402301,1027.8220300473909,62.63092206557571,534.28241723785
13.360762248923974,44.094176182086095,998.2606996193916,99.43028610086489,532.6629125547992
32.54422661617568,55.904395665078454,1030.5753221352143,60.36293269480503,505.89272277656926
35.14405736543996,48.835946646321744,1012.7862701833728,59.073391619142576,497.80188808584217
12.796186380997318,50.24040883643045,993.02242466725,13.628233661909348,550.6964092386211
34.489226728538384,78.3264628510107,996.3590735022372,22.52982010273214,493.86234755617113
34.43200655742185,41.288495754512184,1003.9039407354068,56.18971801920349,509.13388505867545
30.821387065010068,59.50284582377442,991.9600911159638,98.66607077656641,488.73841104314914
6.72110944659208,48.103446826869586,1003.918202010785,88.8946961915673,541.5907019042422
27.92259102912843,28.363039957622743,992.6968694903501,40.618820923585076,526.1197818139044
37.85593851864218,51.91319573933298,1000.6212422336771,58.87038288053147,495.2025912200402
27.619078671919127,69.73388309748096,1001.9551390135399,59.7432000028723,502.5557253105782
13.933057115205525,30.431413277492858,1034.7466039365058,71.68245514859649,550.0106515779798
20.52259337980242,28.827551606796995,1000.5996003193649,71.90038371152247,536.288058917475
26.18327669069109,33.44973362162967,1000.7633902022361,81.08132395473763,521.33730846926
20.91224594041164,67.04200612641183,1020.9055035761273,12.247392235571414,528.6845631633117
5.678164727507823,64.81974612796058,1028.6710865332404,94.93121715737013,541.4415013476637
13.170497741428806,56.075977289836075,1007.4174935670939,16.30558413903219,544.5061577766364
32.29344519159167,50.752452225094785,1029.4028108973312,52.85441003292459,508.75422297732825
34.59530379772518,73.85791980864421,1005.306390933649,92.76213487231384,480.7292436042053
6.354701275907239,67.16838031084154,998.8657145826759,53.89019463079718,542.5164211453323
38.14308334355026,69.65682382159929,1004.8337470947475,15.727315080980516,494.88067816318204
13.824082096095765,69.72942657428598,1017.4210368267596,30.63160178307453,534.941960002883
26.830235810498078,60.34944351100569,1006.5214421690433,62.08000798315805,508.2918726175347
30.321180692310566,50.190804337377024,1020.280221179518,17.907545610907217,519.6714476072929
32.665903150877455,72.55727639221078,1000.6621145740118,48.13101379155668,496.12254414526586
37.884238386811276,75.93040796817878,1021.5446802295116,39.618393957226445,487.643356980259
13.203862373124082,26.309332379208865,1005.634726346181,83.36868650418155,546.6702460111107
34.48175172751063,27.835518029643822,1010.514076722087,19.911874450190428,521.9160164375894
6.1357892340120745,77.73088132996405,1015.0985313199303,71.45186051429076,539.247533975699
28.496595347790116,40.243833761430714,1020.8801251433697,46.59301637883182,521.7557920501406
29.93713145104545,73.03531918071803,1000.742116133193,62.897561242509575,494.70613534182235
27.431206406851498,46.38373154287714,1027.6175491834865,28.497859472849026,524.0512907344807
10.840274709270966,31.55050316851456,1022.4829237389858,64.8733316285463,553.1715803116575
35.04868273359293,29.424376011513385,1000.53440635608,70.65799546745015,506.0160524031452
7.585480071445406,33.60793444942511,1033.873855317131,16.320840819497004,570.6612515457036
3.0917568693124027,38.74412571770506,1019.9158645963706,84.19098408246433,561.36586957832
28.981134633864574,51.86850946619544,1010.3592098910018,87.51287015994173,506.88546672646993
19.543552894076615,63.582384531118095,997.0887296499083,15.719865011451525,527.6134865796394
34.114822778388366,79.25192170669149,1013.9949451038659,64.28687392875571,487.824379744349
15.952488501272098,49.28287088090441,997.4149149072203,63.46103472750043,533.6808193367917
7.5628649518008,53.500171828871046,1009.327125541403,11.121257068159899,558.960024499515
33.62124550632492,53.69986357607906,1008.3920635232784,40.81117725603562,505.56825018469266
22.407475633962797,54.668889551836486,1022.3972839956357,97.20332044423729,515.1060715038321
8.378635903223842,53.475736140745425,998.6572431550912,59.990567704186866,545.782750559547
29.094975944871383,25.48261152840548,1026.984210969188,93.98906224673546,521.0020274026515
20.933431901090522,25.09486521604124,1004.6759547157275,70.80801722896456,534.3547539807577
24.568206307372474,30.37164749693676,1009.9794882135949,12.555146640094879,538.7319826500717
18.975035190056694,30.585613188604835,1024.755343899923,16.994187824355286,551.7915682223287
33.31965036890225,63.76932999251378,1018.1426579871081,74.99610598306806,493.3328970937534
33.35294591163894,36.270381788379986,1003.8611408310871,59.911101133211744,508.7132244658383
28.666164051151064,74.2092757615587,1007.3791316045647,21.443649813988813,509.213331913711
5.110653718462029,76.07334812673608,1003.7604066295324,65.26564105182547,537.2392340146943
33.71530061425869,78.67413358427443,1016.7646575274721,82.92586245113766,486.38794761076986
27.169506240783484,76.6494717687861,1004.9681039943077,77.76841871193508,496.7340103807466
28.18394247416768,39.95385770551886,1022.6563962652414,32.15462140288603,525.9466912707265
15.156330775750993,53.037726458693186,1016.0904221362676,33.23754699904396,538.7198050540084
35.29190269012326,34.65002336083175,996.556797528638,97.10540245919023,501.75431527150477
29.28949240915944,69.34153103448382,1003.9620878405947,89.86643219374446,492.59659319180247
5.391028194638584,73.86374378292528,999.965134885957,38.65035829877848,547.0806198941212
16.903343341840344,71.82088616136332,1007.5640945648169,84.16490407021075,515.2360427788933
35.56883411644553,48.83518217832592,1013.2192838794214,24.55646767592909,511.58574409616955
2.840671366197781,66.72706365777296,1012.804328577785,27.715699119390795,557.1177891821476
38.49524816603993,30.36685432669482,1023.953565445348,26.30764484608108,516.5606679030933
27.48734016446295,27.213462384058786,998.512733862077,17.894869751216365,531.5505809730804
25.62366312809169,66.42800278698185,1032.5912773183852,86.92103045452198,505.6530252247805
11.551811003031665,48.394540088077605,1005.4280298096976,62.092620838411776,545.555187371256
10.702879760827905,79.7552095606763,1003.5111981112262,33.30604832445447,531.6947297528532
37.74027056005522,30.34898187205428,1020.8330360181099,86.37895294548348,500.3020017568478
12.632625715130787,72.05952248443785,1026.2482482907378,82.23820834535383,528.3988324899274
31.244706572040975,51.399068604094545,1007.0312294166145,19.085636631498005,512.9084283302483
16.331750130076088,70.49326075271324,1023.608113870229,67.97254363614746,525.166156893338
6.430908760603455,69.94200051935798,1029.7681180261225,74.96502413731935,541.7779797164266
1.4178966101189991,75.37956007491425,1024.5061649343131,74.42446032873676,544.2964392445282
22.226036143594783,41.38175062073565,991.5388418506875,75.08284370685438,525.3751126508264
39.055373923408375,77.23896444041017,1027.2316010114785,25.25120070841336,486.2288984907359
15.396311558558974,33.34168281966912,1024.8516431304465,38.35778088418924,551.9719641149119
14.930501025728748,29.50828276764198,1020.1180607168934,85.97606576540161,543.4445004849649
14.419573096128241,48.7388534554792,1024.2010088589557,90.85525752047946,533.0143661516177
21.30120965488948,70.55776327530134,1034.0741428124372,35.126999790838326,520.5501502567025
18.18593045354745,51.03816218483951,1009.4000799518258,12.07175645599772,540.9304394459942
35.31667044235356,70.61076726417828,993.0250455729569,87.37902524494973,481.20625949302513
20.715310877216123,65.13277431868678,1010.7400486332473,43.938265404257436,524.848311996246
20.802555689354183,36.51856123764134,992.0895144925971,39.65172003639427,538.0636278009293
6.396492194101707,77.18848936947052,1003.2412683639808,41.22997117197631,545.2542700098563
39.32684209550505,28.342964274617188,1016.4095906308542,47.41267815708773,507.7604203966008
10.748942743884358,74.40538391490873,1003.933030181677,44.0439959489429,534.2250953209361
3.861198630924504,41.74438969447057,1020.8427860659292,60.978780922020434,561.4723648779482
26.86270371003314,52.508144574041964,1026.9893847458575,17.104625064837116,523.9308993309332
24.219288436118035,48.22935299854039,1008.9197630675792,97.43861748776636,514.1908682015802
17.190680505717083,34.45090063043039,1030.506207808185,94.28059310249452,536.8990414459909
17.465497121346445,44.69807765209312,993.592751910768,94.09659819539493,529.2161506395614
31.617492920810818,35.61139399610374,1027.8050923890203,89.1349861673722,510.27657458110826
8.632792963886313,36.21375615032881,1027.2857915447685,69.42936719635568,552.3903456439789
32.9898794388507,35.28812598145092,1004.4897253347044,29.899770647358913,516.6283305704181
26.30113744190571,51.895955919062686,1003.4421834206076,14.453513843173507,527.2751937785775
17.33982117740145,68.88622521312236,1003.729274151908,18.938895830358994,527.8172003822912
18.863116046770877,56.293351856868256,1026.5127170554986,39.1593250419045,534.19742180535
11.009241080257736,74.1263623702963,1027.4244069424587,55.34947229462069,534.0115848785427
30.332458975182018,60.00994687171983,1004.837510647245,99.39277640663146,494.23486757141166
21.002114949905444,62.913706359793245,1016.6665656350008,49.18991426151393,523.3592357196952
13.5133271672439,61.71839763498517,996.2519953248204,57.21814814422391,536.1202882363513
24.24595451467706,49.720255625105764,1011.095043222646,72.56415224692725,518.774716287474
39.833643630001596,62.913635221004554,1034.9456782884993,26.266057340301664,494.558891796202
17.9752289066056,28.833926055792865,997.1477616467811,93.95443014060302,531.5594165975583
36.90696463036616,72.29183095536146,1032.6403187982028,57.61311452584608,488.9652588401058
14.455656757058078,67.77966788941546,1027.0914624884253,34.863071104159175,533.1622162800196
3.1345755700744498,38.487647702742336,1033.7496592925822,94.15980877049564,559.0370958548135
8.965442148368727,67.24178498397453,998.081044227474,66.29055567030551,536.6651896328522
17.329110589779685,25.695343077001016,999.6083320699514,53.53207581242894,540.4932644629845
9.565762215188192,36.948561486448426,990.7590231780687,62.21403189646967,553.7170876171257
1.008854490511966,28.582548126899276,1022.6115815812022,77.3471997014704,568.2074631252141
36.68505997215356,67.91248041398421,1018.9842612046284,23.9084203323658,496.7554754947798
33.91129703800623,66.5730783148113,998.0129447246129,87.83473876329028,488.9751393856114
29.949397027990937,69.74998130910069,1025.6015234493932,96.35561292683917,497.12222389099577
7.544769230195117,25.246493132904085,1003.4637977759277,61.02996865750671,560.3522488525425
5.6941794721894565,52.56779996731244,996.0748006198786,71.40437621178383,543.774811264088
3.636585229422943,63.76599086345351,1009.0153199258707,87.38501327616167,547.1530079246893
29.237138362143927,33.54706208064585,994.0936431792085,43.73295682748505,518.7634030873895
37.22351046682753,60.73849001319436,1001.8459645322961,99.35486153941585,483.66094678562723
17.790897015608444,29.626055462032713,1006.7100011292306,71.24512323762079,540.4285125065587
5.646486207845879,34.972922085737224,1028.3338878531367,48.15988285221839,559.0472171325356
20.983320008552155,51.16882482470305,1025.6646933581949,70.96041775014645,521.7903238149559
14.604444390886576,60.94608339746061,1009.9239428587778,56.95120292620928,531.9194896848755
15.61817204964991,33.02280198246429,1022.6058775988574,20.047741438452867,548.4586729537147
25.231894342072582,35.18728319570158,1015.5892336280552,81.62787742923867,519.5461939108616
29.03000641722589,36.24455018861146,1005.337883478513,60.79380222276389,518.2444983782395
5.313540356053273,38.12854425844382,1022.6643454572878,81.62610020864997,557.1356024296985
2.3880190014525793,37.46046166894602,1020.757461950987,23.942074633071922,574.8639750926852
39.77888180474288,46.733200967370024,1017.859249898712,58.45214411206981,496.0253503926927
10.076405607706521,60.95843079601976,1017.8079984469463,78.99618449916215,534.0011583190213
3.099390471429904,49.09174807239583,1020.734189654714,98.94741108317184,549.58946333724
8.405137834740879,67.67856498124385,1007.3045480689142,89.59575487467328,535.3655056178254
2.5193560075901047,64.55976782717381,1029.1084116780467,87.79146643545754,551.5864836354694
16.280624890069696,31.95898027269916,997.3038530473407,32.27141243317582,546.0566717818994
32.29366959360165,27.686289282640917,1029.774845845762,85.41861415381427,514.4398230322039
14.308533540551103,73.28678601997834,1005.4026829364398,25.235314978866676,534.7086177015174
18.323152868256294,29.39070866095804,995.626422702388,27.829689809359017,546.7947860494053
27.34788416913011,33.15865493958422,1017.0012331205609,19.910506936912483,531.4149703396052
20.846868732725326,26.217330155696494,1006.9194001081682,87.18368776424084,531.3408736723169
34.59638175483165,59.558500091425955,1026.6974877196583,19.74290468061868,510.6389690409632
34.7753913267845,57.03038097370917,1009.3853460837945,22.430033177050902,505.53405118095657
1.386517124154992,79.27970165393906,1020.0853136502949,32.12984350741472,554.2248650755325
31.343805952844768,73.78128179744446,1003.8716095277172,61.539616820857695,495.4183861362512
18.96861040942528,47.596374761450036,999.4253568761403,89.21621667703627,522.5327694205147
39.56478111084286,45.437221250189424,1007.4622063926971,47.64053397300113,497.3845392666863
19.84605095914197,41.32686188539918,1017.3063525571094,59.165735427260664,532.8666801253476
39.488941870143606,33.38238060208347,1019.5626032645108,24.98404599615277,508.5078702775825
30.428205087023727,32.5946011131105,1016.0192999384108,33.93512703080125,524.3807531565203
10.695590499918946,32.2756039405283,1034.4625073380848,22.053318623719743,561.8144361924757
21.99740419219135,31.27631164527282,1021.0990583922825,46.892696038038075,535.0883064214323
39.69328993966473,38.22816233230453,1031.9183832418612,63.13020928103732,501.0092435312407
34.44369370232502,41.86677466722141,995.3069937702828,35.56175770301087,508.42309065337304
4.797308857857622,77.88684340714038,992.7617818416065,86.13962700173134,533.779643695547
28.54850787558985,56.81602880510371,1003.9947615905379,98.31145159059709,497.0842641569675
14.47760384896171,79.31776759823046,996.1465022269391,20.81393670831229,531.6594577181384
1.2723082133335766,45.48568213041203,1013.6640837702721,11.607405041379174,575.0599639433764
16.735757792052986,50.169464792419255,1013.3541564085475,81.07992166553053,531.3264724564672
10.15542244727388,42.851826254090355,1015.8771224899778,27.157841002301037,557.2251217571949
32.93590155029839,35.058820799310396,1023.5352546373982,41.78319333947731,514.1509396982715
14.155893744984855,32.87405892776685,1033.7098365095544,45.480809644822926,552.815181446493
33.27342406419886,76.97935587943076,1029.5216411147617,92.49394500108501,484.8532668512959
1.0233196145570171,79.27458749893157,995.3265257809012,69.29543941895457,542.2685814281638
13.004946851018646,27.470022307980237,1005.2331159946796,13.654854127260165,561.6485217710837
10.405443358002715,33.26902311024716,1001.5120361271619,11.332921664273915,565.8373275138383
10.109127081675828,48.293825076556246,997.9567811000907,27.961128777725214,554.846789907082
3.659278170853045,35.248341198942406,1014.5126194495103,38.63547467854403,570.7575857392567
8.297846546009566,45.01342164947858,1014.8968980914728,53.6071450677939,553.2649698691137
22.666433225539176,32.10029924227983,1000.2260172549628,85.40554710779699,525.6606782349886
12.363081840672034,50.10814661969846,1022.0353762638008,38.333598043128355,545.420190221809
17.27839651083677,39.94320388930926,1022.9811434626278,43.88834973444897,541.9082623677989
15.697808333540353,44.35477806672635,990.944099767527,39.64041370086919,542.5499311220193
35.16029207499589,30.187195830451117,1007.8090966675043,10.806880242961505,523.8836882319898
36.3066609614101,48.5470427890578,1030.056328854073,95.96813852063077,492.553531442286
20.225321894578542,79.07916860288634,1013.4143373709727,22.50962957228264,516.9043171416129
13.876082062308573,43.085817578465466,1005.6432510647547,35.89007303829223,545.8047060052043
5.165227456092182,73.20361011633392,1001.4154268217809,21.637297188679764,551.7227769910515
38.1827122959017,71.37595278930269,1000.9509533963227,54.14888405410503,488.993014582855
3.3488508511116004,77.36321300634658,994.4895615232863,93.89495034482492,538.5805104615032
12.608360825162936,68.45602317469019,1026.7751888591893,19.063064586293763,544.5124153207786
12.624581845630162,61.277825488234825,993.8995832427377,49.68072312296465,534.3915329260797
13.495650159468381,72.11214443251018,1003.1532644637817,12.01373611944206,535.9215579720936
7.407186887623962,29.160457436154232,992.0554082354859,79.38083992475333,552.7685884482652
31.54329580602419,50.45568614593443,1025.1623956375665,67.71035291989824,505.63743398371537
5.777416616673579,79.40909312382823,991.7677657002056,72.97287973364351,536.3064997181876
25.761359706973348,67.32800832121028,1003.8735496740694,52.510272480615946,513.0998232119964
5.829995041526881,77.91414579204726,1015.7983816538999,91.68697266007652,534.4824142051683
3.7508898661253056,67.87988958734135,1008.430261213205,46.860170578534856,550.2692035328974
36.467750643749184,73.11850820931792,1002.7021980262095,56.267656730836926,484.6820335576992
8.415021886429521,63.8591297766755,1002.3835082592394,72.57603000435665,538.4215102291151
33.028756027828464,66.8276102429482,1025.9005637702812,56.8504576985914,498.7606515210456
22.240603973178295,53.774790541172536,1033.829014278926,27.040208312469517,528.1282331975452
4.036404264742014,75.8330735447773,1005.6618481701958,38.53635562404208,549.5197951003004
38.262479466084635,70.37714008428489,991.7615481124058,18.306502132492476,490.60599331103
10.631485512683808,71.41367311160977,991.6454600059099,48.9352147495568,536.2568242542462
34.526168468751656,62.01550055296788,1024.1646036844822,64.84528837776952,496.27070924855536
7.5835902255980026,41.751897089798696,1014.8566419724107,20.667694984222656,563.4201476351953
34.303772403532264,26.959638746457664,1025.2616695837798,66.75284093231161,512.5450906521662
1.5159237033064654,76.46103211752495,1021.3873654629858,90.35849257768984,542.4186287344156
20.959437806209746,57.23661918430233,1030.8377857169428,40.39513596869676,529.9435379813501
31.008260597440714,41.39786341314772,1029.862093097098,29.982978659693785,520.2128163263271
37.45702518221855,33.20243093161458,1025.474732802953,90.37054574577128,498.239555305946
36.458883312053,70.6237741025415,1011.3835122018965,72.27507123077937,485.9686080711722
32.965369912358156,71.00861069461683,1003.8656883421734,19.485538125089846,502.4188400533231
35.63946263679086,69.79793824717923,1012.8162054350088,46.73007568555592,495.6313805879206
8.769567747645983,60.47954805817324,1012.5932223293921,70.66806397790938,543.4058199998269
12.083187532757421,45.13084631755318,1017.4623997000202,61.694548747790925,544.9628984099961
12.269772471921282,41.723865662914136,998.3743905502307,65.66924074148858,542.6613972964816
15.705103309066255,25.47051235649936,1019.5028946200244,61.04216565765335,548.2808113971795
16.33950614502236,70.84841572785322,1010.5470415892617,81.82552287744012,518.8068136437155
22.237657661532346,29.808798362150334,1017.9092174373386,38.838426111728076,540.1033760009627
7.235310771291214,59.69152489224222,1000.7822170313796,73.76161131094267,544.5399078517355
27.958619887653583,52.724122076204864,1009.5477702244809,99.19714982448558,506.90743894026025
7.535095032875753,53.96791474094931,999.4590546503634,45.09629720030623,549.5551046903288
13.102030802077353,75.96920649192754,1029.3887320540562,81.19434830993137,524.1076920548879
20.630460093640007,26.738825619918316,1011.9582470268692,32.149831342255396,543.4208286066074
32.061181899415615,67.53657235458247,1000.1241637008216,35.37070410556444,497.59578805255757
29.839300096310364,27.862881910201892,991.8543913083696,94.13774867651888,510.3100835499797
26.175839900010367,27.098448326445745,1020.4082399094094,12.334452062381992,538.8390915833457
7.0751571626266365,48.639973397776004,999.659012129539,29.568461037474634,557.755482894731
22.33476847900753,28.46913458886317,1034.531198654345,53.46286280308028,539.3057428639382
4.410413570195532,68.40291732111015,1014.0165168036827,46.16628595337678,548.4672025590448
15.71716389506938,54.125970150658546,1003.0039648311614,66.62527581115282,530.6392409387927
17.12714468130841,26.597133046287595,1019.5954845206684,27.344984532434374,551.8241169828021
2.5526461383843992,27.227537756505573,1002.3848965547138,16.349230393167822,577.997859851822
11.685535879328901,58.69676913567137,1026.9123432259387,43.240005802428136,545.0369194528099
38.270329223393084,69.33614997121228,1003.8706222918474,57.19197179297628,482.777652062952
38.19167170535789,49.07897422011254,1034.471147957816,60.58016533764202,495.74799433846687
14.740755115849032,55.50193693445934,1017.2315153450382,64.134417118822,534.0150698436867
2.680904248984638,68.99061997274458,1027.9985017024198,59.37957961853994,548.871789205314
7.98470263379908,58.57783957230006,993.276696131029,32.117677387406886,545.4418090507199
16.296493943908064,37.36181307123507,1005.6734737823784,78.80947623721016,533.8039021769042
37.96340822079996,58.71786142282132,1023.1869188774767,17.90022355654587,500.56015249069037
6.506763477950212,59.55537024858675,1019.4776557803262,27.851849159696467,556.1485979941405
30.777117903060276,65.37588394846196,998.7409404645191,76.54402081172027,497.78126875315405
5.238619035612991,59.14808031562407,1006.0291318729369,35.17535206947265,557.7401192165619
39.269045518259794,78.30831717519209,1001.8549533369394,54.41260974484647,479.6678630994027
15.883043465256264,35.85085697943877,1017.601657639283,39.4477966770003,547.8281007260053
31.234147017063187,77.30998737618918,1005.5055703256448,55.62830904544029,494.04762283061143
14.36105222963414,54.60867196925089,1003.9074408900158,41.199021995262854,538.5930567605101
25.47908620919354,61.957587727220165,999.3320091196354,99.47871909154453,507.3573987166866
8.488627304861431,30.470387859870442,1008.4062204411591,42.1729830422332,562.4140052314935
6.694819752581539,45.931676775795886,998.7976165588449,66.43444756578809,552.2729067383705
37.58450144315712,67.31585305547449,1033.3156314319936,89.95088958857897,481.7411274942296
36.788243838272905,63.88010583044447,996.9525815172886,67.41414949282753,488.87438097886
35.611288668302414,27.20766634909756,1031.098712173145,60.92715295986478,514.5369518064954
25.391904556497146,55.06268449234845,1009.2812894170462,61.23065092805874,517.6658485640995
32.52246023743485,29.85530061326252,1007.0039696202775,54.6814639831047,517.5561944811959
3.6924405395436217,79.77210360479893,1000.4093910407182,82.68223612640095,536.7185706490458
14.056772633736486,74.3513123693312,1018.6090350465383,14.538167052524376,536.1365765430312
13.234421865529093,26.159436323569533,1020.8487606754876,89.66169171363948,547.106698847546
25.790167556151918,72.2257268396447,1011.0406933013588,62.76629982210785,506.2300184319404
14.88235316535498,75.56862803071242,992.5068103062041,86.39858991301735,519.9337142166341
6.791764484103552,44.445152240990026,1031.3329567809847,10.93534322897877,568.6437539388237
24.262215941128204,64.57259102762711,1034.1148109794372,88.23487635654558,511.3120435262419
32.76097290609418,49.315706041427845,1009.3969536845326,20.81237672559402,517.2080357325916
15.902816283938954,61.03778665169892,1017.6147363334197,74.90962057531593,522.3231101307856
6.158479888840787,43.717457236400534,1010.2634381809686,47.48692535990594,557.66484917935
8.6708396952001,42.74075801482976,1004.4845842898754,71.2965151988132,549.1887196922212
10.261848901605976,48.34386388716685,993.4793456786014,66.53707639096277,542.0528003752714
12.696006126786912,33.006226725887565,1010.5230478678784,24.705689236051764,554.8957410991126
26.069007749746056,70.71264304394604,1026.8273050361754,56.315238800279666,505.7048279913193
24.43687389697104,44.17838424489001,990.7664157489602,34.95074258750867,525.3882706962328
28.147114601114527,47.008225464821486,1016.19484574311,60.439315856321116,517.1507564963136
15.137577396729014,74.17300369861795,1029.634744892701,76.42029547475596,524.8931469155062
33.13590842331915,52.31430977347442,999.7897243506461,17.313257312365412,509.2102711513984
8.95941878507465,54.933965014297456,998.2465139110078,56.41861811779228,545.3874816043226
19.292589153208002,77.60739686274042,1024.7524481565874,65.58668386860326,518.5427487652256
32.236610140115786,73.76995107297441,1001.4788894003682,36.583070823749246,494.88026689590083
8.02618726157215,34.32066898886417,998.6392920402292,95.77031345164065,548.7847229876877
5.284661435890535,51.026826645495774,1007.0095162756156,56.82725429561465,554.8826894427057
35.4636747398316,78.42129250857,1007.6625905521598,26.426538086133945,492.4557213320809
14.37425684760864,45.48014640257315,1029.3345478357455,19.70094356193556,552.0807973322401
27.670934871452246,45.43652096839101,1017.8299562370155,58.7493594248829,514.5115284265917
1.9885955662936006,35.72666274840349,1008.2682655352816,43.77145430142361,568.6180949781184
27.911828647968534,31.287771276551887,1014.0474583928595,27.329238799154616,531.4178035602278
13.32795115033185,65.716763491579,1032.9284354996373,12.762863810719711,540.4871288492429
3.173893289910228,67.3516757785834,995.0946604474453,60.9940072034092,549.5453544749992
24.782697700376563,78.29571299266499,999.3471984776111,63.87402131502957,504.3028395402087
10.391348826853756,67.53800159979497,1033.313791796395,22.762234106332166,547.7893431495495
16.08548244002332,38.38438717184793,1033.0796181837243,64.1564244793274,541.3920356390216
4.14265167917403,27.20641180586835,997.9724439569147,95.67754792368386,560.6214327589342
6.739366792702867,79.19905614033132,996.5298967706384,98.04660489907654,525.9687052599162
12.621112184337907,43.724788254898314,1008.9488310452379,89.96436429013045,537.4926043023078
4.500620521846129,42.15843483378314,992.2373231619586,82.63707227521665,553.588661385493
36.52222432276629,74.82753653621603,1019.4706589528313,28.843105304199813,491.22717393624197
1.2358346841751584,57.18049441997424,993.4873209747784,24.079166424633712,564.1543629071173
19.870548535708146,36.8179145617024,992.6113332192426,50.0452842056819,532.7877173780755
5.806650867169506,73.90029334939317,1011.8334121293982,65.76685761866972,541.1651530732742
12.999484489639993,79.63484702801088,1033.1003986249546,86.56108156075402,526.2650285637619
37.11632283291235,29.76732086329569,1009.2058171228422,30.87667370231214,510.538874163697
7.306087577685487,72.4238395566368,1006.0416521397248,53.168311046829935,540.5625053539023
38.66746046901497,46.47836337264167,1034.908052197603,68.26962177611614,493.76034821789904
9.025980702587447,53.82398455786874,1013.9386032350633,50.10344690809772,546.5485053621143
29.921078230206355,75.31487866707394,1006.8858633100612,50.877430937135586,500.4016183391495
22.32041333099516,78.53585576763145,1007.3637366003721,30.260544492545115,514.3783356783409
35.49467037627361,39.419015072483965,998.773177321508,98.79948144199683,498.0023275077539
22.605736964622107,36.70679240279526,1013.0500375851393,52.76739550666991,532.419568636816
21.847809547096038,29.42841072253315,1009.7484762675602,57.94677508649427,535.2161935207378
8.622862014367595,55.89888189641759,1002.1857883356336,29.670336215814615,548.7550938268831
7.482945120014691,25.748241749786754,997.2243038970792,56.27230464986368,563.4955238058104
36.743076893505055,47.65440636854651,1004.0057490900399,32.9814602680876,504.44780871970715
13.785689755151328,29.036120915860472,1012.8907497459478,28.21026262451198,553.2586396164711
15.511207943552941,47.28741806111337,992.6249972528161,34.815002584864104,538.8065646927902
30.633122678707146,27.19627040960851,996.918481286278,10.248368365475288,523.3663606659529
14.214115814489487,70.93694933348229,1032.6445770136093,61.31360008015155,527.2166009399408
38.13043541892111,36.535644666621124,1014.4284907964103,44.87320049705589,504.93885037082055
29.779182990953213,43.056979069685156,992.8552186647017,90.88201172745373,503.8663893217257
24.29974046036338,72.85263981335154,1021.1889491446308,13.663645625126907,517.5569798620005
35.35491126124535,66.04463337327128,992.7811291535565,13.88802707701751,502.62049085822645
2.9346304256298272,37.047109890313216,1023.2493402170868,89.72861655813252,562.6309476468681
11.025444995379141,28.95446802616228,1023.7483224774012,21.39801779839071,562.3828573077773
19.136417034615487,64.36205772704366,1019.2985539087164,10.194409371160162,534.851469259615
9.85216303938932,46.48864028784601,1022.9492045078707,26.10224773417124,558.5260029949374
30.012302304783926,67.13439995150216,993.9584601455877,84.14885575878438,496.21382772161127
36.84911321109528,49.49121248063658,1022.705124855987,82.2442674484092,495.3455039417109
17.527034677306013,44.0301327134752,996.1509743875747,40.61189897591059,540.1256350231238
14.343171404363902,49.816297451681805,1005.277765827233,70.12278255338668,537.3163987782648
38.500478553365085,66.17074421188721,1032.4235364075284,55.652473660224494,487.29943687959235
18.349244880274092,74.62211575972057,1012.6293964946613,91.42614908613155,512.2601466600082
20.072887617522046,27.737195812371652,1033.5341894437356,15.07811278756801,549.2338626070155
14.71434502133431,53.82613476748253,994.0015106499031,83.18612158629686,531.668985293442
36.472390447473394,26.805948599613266,1011.4900469803431,25.353880248471405,515.8641074415104
23.18926384799218,50.76252497633973,992.8081044124592,45.24588076885834,521.6053269302988
30.724808900084142,73.69055560032952,1018.3594618079678,27.276143629128928,506.28414778359803
32.66046201568457,44.887464653117036,993.5418150615833,73.23529686347251,503.99390021053654
14.332112634773068,76.28477315943539,997.8915511143169,71.04935617779319,525.8626592548271
17.91407892149482,59.68346594078352,1001.6473639531176,59.31078415291242,524.4910214900339
34.09039920184432,76.37854390861534,1023.6934733249018,72.83467331232896,487.2127502934649
15.1669587153566,66.64416439768858,997.3782953468134,67.56083025442064,527.8469910721667
31.9634702046222,30.688934165681925,1028.0984423981881,79.87978501158412,511.39697304381906
37.69870058040305,37.713325215947236,995.935677247386,31.546598616149385,509.20930906466134
25.305204549652274,46.67937500209284,991.5860002081571,48.602135344664845,518.1342064970931
29.923464210623667,34.35587851066418,1007.7770438536351,23.646387641880583,526.2286991489548
32.398795169604256,52.22013826271633,1034.0748738887082,48.663420779817464,505.5608007433309
33.95654630696906,50.92524856358199,994.965400250495,73.15225762783072,498.37194054512463
16.407080176415043,77.59425589150597,994.5773299817834,72.22520447059165,513.9437588619903
2.9992749078639287,48.85503355927878,1023.802492985803,73.84842129654486,561.6369038994999
16.67317457823284,68.20947423583988,1004.0472762297104,37.78907757799209,526.5871997230425
27.2764929615795,76.80507996683139,1022.2776727751573,69.59925764118314,499.1499744170587
18.563665045450918,73.2343857035692,999.0004765249513,43.071968763004435,522.3247158789037
30.209562883555545,36.47671934813755,1010.7032397389173,95.00428414945449,508.25197902173863
14.922314749277891,52.281644183944934,1001.9380444987013,40.902972929230486,540.4121279373899
25.75502150305715,44.12568802627591,1010.318769669559,64.27164106399492,518.3338856781844
8.27037238930501,46.99222823254685,1024.6093691663386,77.51311427729584,546.999627730947
30.22540802915332,44.84437544351631,1024.2904473214949,91.57666861237071,507.2306714232801
22.282142783708007,70.44975655962523,1013.2097529453175,49.413574310851985,513.671664127954
8.958511153317422,49.86764803173461,1031.7767329674473,42.44365973874412,554.4225299864921
12.384535766414484,53.80318827345785,1001.8702846101723,48.70253577849301,543.0073598287831
30.195739634691463,79.0346046375891,1000.8140108003655,39.13267163948028,499.49122637088624
19.821448190799305,28.298859970533403,1017.6212880528946,68.85320410605826,539.4500129981288
9.425226175329817,51.83767018849119,1017.9583665397555,93.94450876077256,536.2729822520512
38.72357642444161,67.57339388203638,992.0943017804238,21.346390584043007,490.52772206450254
28.88987577285863,33.31390770035246,1017.3499970574104,60.482985829314124,520.5255419672691
38.32825846905205,58.634237703812566,1006.8496270807057,90.78838528242979,487.12820689897586
17.657096769053386,38.17056287439567,1023.6349136394251,19.01030901904158,546.5307591619604
19.528913286977097,72.70722622735121,1026.3647549045372,54.44788696896528,515.637772080846
36.02025343121575,42.99048159700436,1014.8469218796166,87.87066362744015,495.5709234737894
21.476924269570002,43.09845492955003,990.0767264176019,91.04069905408741,519.2694552461661
28.583877564321018,57.90066331848414,1018.6364614574989,56.291694503762486,505.89103170212223
10.83474222232567,35.09595994659498,1023.6996575849671,12.245669602094571,564.8077209060058
18.42233227940298,40.66887513966836,1001.2042469804181,19.50752605850395,539.5851237492114
5.8145447666038494,47.91475175656763,1010.9090700513354,62.804507071711036,554.9984922290847
9.033221399201505,44.45008247270607,1033.4576980535305,21.147274581971047,558.4466816826501
1.0367931954376124,53.86824699030703,1003.4151999027347,23.44759992201437,569.8656174935395
2.531337014297749,57.980207923793145,1000.0418962968783,79.49053880039025,550.0072638864209
39.11406910390024,56.166709956259055,999.4884655715105,77.56228527179503,484.98948682847123
10.45179411033373,60.979257159556276,1015.1460375459299,85.84954834829247,536.098344999869
26.869117670656077,41.92622341343011,1032.7404195588604,19.51616228554951,528.0286850158387
33.72488825318485,31.953442493526545,1017.391055814016,27.833039298713594,520.6420705669512
22.475757910226005,66.84441477870925,1003.6495404106947,84.96652868727855,508.5297394261793
6.972635503274292,71.79292104468752,1018.7356400130354,74.89788478280128,537.2575789232858
29.39654105611049,39.13534277223377,1018.1179033919004,82.53605150452361,512.6479973306017
24.40980499388374,47.390057588691086,1016.8616311078345,99.07711074171299,512.0587223071312
29.518772984547628,52.42130693299554,997.1741793099736,87.79884455401319,502.4314208123379
31.0201182914264,54.3329763514115,1018.5555059705248,56.84169257647843,508.16348107572867
39.04100433970506,61.27195940982085,1009.3574003631525,37.96913663175317,487.81464239614957
23.36896792104169,27.288177834542672,990.8366426380366,61.2708927917231,533.3038695893878
14.32400339493347,64.68123955037093,1014.2894019216372,67.47278952110072,531.4425126621336
26.290117719109247,28.408405383867564,1034.5170035348287,40.178092713365885,530.1805128753465
3.669187660462419,50.755871222007734,1005.7382815879793,79.38433337362106,548.6936234928602
35.998495414541864,70.52191245630567,1033.4501648243397,18.347841339209808,501.30101349146616
5.655859442189675,49.81684223031179,994.3292583748167,80.14535656135389,549.8439242311457
13.785870677546912,33.19993618225362,1022.9602552140287,12.879866681375363,559.5515863823994
32.81406984441871,79.17686147532778,995.1448497598276,54.816945464934115,487.04349181837375
24.295182754897763,73.91070041408449,1002.3107208099873,87.52928171349397,505.6958210199287
16.351785290820242,67.42224982737577,1015.6878375894956,17.78457466192578,533.357528655769
19.463990715625837,47.63313815945657,1016.6750862289537,56.59650428447527,531.975408480182
34.32734833488503,35.11151497891138,1024.8845092755378,24.34522950651847,518.777978577679
14.260171056335793,76.77761497801757,1017.6890133252348,90.53341750548418,522.7909647466081
34.91633770767468,54.27931195844265,1016.7126616971252,84.91109743302671,494.9503174299589
4.437242808090968,71.87955032131168,1031.0558889145111,94.05255189641389,541.199949008298
31.295139051136598,43.81522531676842,1010.3472338494121,88.74841073770843,504.8919265320613
34.05435768913472,43.44085743937089,1000.1369600412775,76.28979788793916,499.3442650889886
8.090888460656211,79.20472643707215,997.2804863260634,26.640027602965255,535.596759471422
17.783514762515818,53.70081766721674,1007.9997568564274,37.225235410201066,534.5593529470538
7.454491211882569,32.73824831234104,1022.0738739837163,54.71696424772067,558.6520600302389
28.557561030774494,37.08210728970891,991.9144568218455,63.000710336325135,517.3469945452987
21.878562954404615,51.50693536659964,995.8074023929232,80.3965055781889,518.6640582967947
25.77761052162452,27.33590007686262,994.7751057046638,30.426366536835484,533.5734556778385
8.662991711292236,50.43936919580653,1016.3362568873157,21.544965473226693,554.405713676932
9.258088620044362,48.04174631440702,1000.928909273907,53.43491535342725,550.7935633361448
2.6183956948863485,67.86349459257178,997.4816742735628,24.20572697856285,557.2117046790216
13.56063387263346,44.5218080469083,1016.674682388436,72.43631220966151,538.1467612365877
22.830041792013322,79.04018188467796,1024.258946195357,61.80678010825456,513.5874675977662
34.45946164589582,34.94234556154967,1004.9469712403699,76.69970173169963,505.23497039914014
27.01017045088855,57.50426767324742,1016.0192072554469,15.709290368959756,518.4210490022119
17.980456612590306,29.933461335454005,994.4155985939757,96.82278043997835,531.2287472324888
38.17168446137138,65.362519119669,1032.0835963705906,10.00049830081642,496.8001866634595
29.050562822457444,79.71145284340844,1005.1603283391648,39.28981735121813,503.230183696919
37.27644291163945,70.05262507633978,1034.8877561928075,71.16713140296159,489.2923362132259
21.57593095761446,55.563694739616565,1034.0364490132401,14.062786647590698,535.4515236277643
11.097266716932445,51.660774656983065,1025.0470552201116,17.501462322184626,554.30122944231
3.0602407682241575,70.92664786967657,990.9030192933135,16.901329350539825,557.2349630632143
29.31730920787017,76.47857465908984,1014.4563714172964,62.33587540488814,497.4840297321969
5.730816922215831,79.40635891889511,993.9076389198005,90.63327835346843,532.0907825888085
12.80823000260672,46.80965751604663,1030.2812111682683,59.989327994103576,542.9468296945228
21.766365407471998,79.50046111369818,1025.5336313691332,64.32142170517045,510.4524934006983
23.01224692341016,33.57594386956073,1033.7553169468058,41.140148608719045,537.8376399223529
24.422744682498305,38.945237676255005,1017.3772328917408,11.686704278997905,529.804537519197
7.4839578836383245,29.895886860364293,1013.4977762017952,11.945324597609474,569.3022235286571
15.8097587880443,39.94561840664649,1013.3538235174974,89.94789698328202,535.2454022128387
25.070574857561702,67.23656533899062,1007.3901768504455,19.231519484768206,517.9923642431019
38.8229357207176,71.91083969981473,1011.0910530253113,99.98104346313357,474.3713998112143
29.37761437028786,67.83909548064145,1018.5935662410908,24.79803503601503,511.2787998876821
36.98154652666435,59.7086177992233,1031.9826423400325,70.71709995596706,491.21832684878626
30.726270274252904,53.2681581887455,1016.8147952215214,95.40599249628151,498.21510051489486
24.07696178680362,63.97873590675056,1028.5702174042815,42.60603498778236,521.3754477858291
8.488911396317437,46.495845209697194,1028.8250960086125,76.09898698731904,551.2200461370518
27.000740423808008,71.2719593324836,1013.3474704131717,41.57709790981016,507.5837168350536
25.311803072436376,62.2454551687232,1005.636133867393,37.444695108530084,516.2533121109128
24.49629764783339,63.37925841719247,1018.7808242999437,28.1623674317895,522.1546233436543
20.10164885154139,54.47647962209892,1010.0644803861679,83.88414162089781,520.8964806240748
21.61760755558175,73.68759413161449,993.664839029487,33.164835724823305,518.0384413058723
14.043258557606059,38.86081035234788,1007.0014095194595,35.48423466152718,549.8461570272291
21.253195013049822,45.96312093485779,1034.7332462122197,99.90727679788996,521.6162173364157
8.704680321460652,67.77034133227289,992.1830341511829,39.45793919007878,542.8049683376997
32.40180149705469,52.10118928711357,1021.3500110355417,48.0497039948844,506.22133571427287
8.245301233249604,73.9067707383305,1027.853491728206,99.10499119973514,531.9579719800162
4.313685305689191,44.051962586956876,1019.192665656392,43.23703108756837,563.3330501915833
18.01359502792914,45.31315928508046,1015.638670402348,42.95368065122803,537.170639353346
26.67399014073641,73.88046841626439,1021.839948764044,84.49430195924742,497.83824628417045
18.070956172408113,50.540367610012254,1009.3204231784845,38.073733163892285,535.7827092916476
11.793411146101036,53.38685213113677,994.1112781788995,31.040749327816645,545.3584723790893
22.76867617172719,43.30200434346237,1033.3067289436522,48.088922965779005,529.3989960960579
14.533091081075797,40.21684681984951,1009.4535346492888,73.05767205185734,536.8720880582587
37.38183991493869,61.077179096111564,1019.9425156725608,13.891872248133883,498.101025521421
36.98316044453931,31.591236384766212,1013.9089696600183,43.65244244967101,509.78695550439465
20.592500978911723,73.35999526506001,992.46028823899,41.16204117512563,517.8801164731464
13.787475766712083,67.85617252208093,1032.8735970446642,32.03365125358293,541.8350300012295
29.748164144308923,35.49115450381915,1025.6641751751445,68.88586023139105,517.4066630694696
2.431804795839599,63.1710970203511,996.7094052511228,36.09910723723096,553.2375498318223
19.515991235702398,58.144810670709916,1034.174199432972,64.60584031072028,525.8812259850413
14.116612376543008,35.149427790515425,1023.1605617477269,55.39031573091643,550.7561066525922
36.90089951899963,40.02619283276279,1011.2544742692739,29.547088374330873,507.41572298447807
1.4681180636346192,47.494257705360894,1017.5116525451808,33.990945133796345,570.8004420153379
22.559780153015616,63.458350438501064,994.8031506906569,25.354004797590754,522.4241840409389
29.885879661598413,60.12978748493533,1015.2185179507024,15.096629336586206,515.9368119034499
19.915701513437607,54.27291662221839,993.3147482407677,65.72696167944204,526.9190734492995
4.330718176346145,67.26257987127188,1014.5184865703686,70.5509824522901,542.2405416987832
38.92599421108819,66.68657567833912,1014.8713059943253,24.93999942478029,494.8820616613647
21.20240682366782,58.98225347342407,1029.3497453322334,65.3853146217466,522.0130503537973
24.953263528441443,68.2844545861654,1022.6275875122533,98.38762660518202,501.6287707192044
10.227781525592786,43.38448561285651,1001.2298576496804,16.69618854440399,556.4802292297456
19.85642531916535,73.46872405774332,1029.9791763984535,54.13337852489773,523.0772562177998
17.736830186374554,58.82005471910674,1015.7959199181603,75.97343922794684,527.7184744107104
3.9209378380773656,70.22999325968368,1017.2870765358315,14.140827804675421,552.7264284318843
5.140253788351222,55.04535076346562,997.604161614998,80.04461445978541,545.436681656746
33.66142826513221,37.01410347437742,1028.59981181861,98.15601133835973,506.01694477090115
10.35297813605702,54.83255707730697,1031.8934301757445,17.963907717947784,553.5014341348627
8.603372588446591,45.411141507712344,1024.874579227271,84.00069149193328,547.4596515315259
20.69154659875543,63.3624469820402,1032.3338603690254,44.072339006088484,522.3562579553196
30.981138123138006,51.168658545410466,1003.6034956855055,22.97045821906106,512.9249263457866
3.4159142245805287,70.98620427102281,1028.7503625763247,54.3873888276713,547.6393992582739
23.495508865891978,62.293988177705415,1012.0001914288684,16.43668622030941,521.1671368952037
5.649207270782361,62.64994381672282,997.3762741324613,56.989126735046575,544.330781103672
2.42198098219912,36.943543342008574,1020.096026956503,11.742110920364464,574.9736475577221
3.057014134326478,79.13373715702096,1020.7854121817645,75.57502975054571,540.371814309953
33.53240022012921,71.29213650993188,1002.911603119051,53.91727172304297,491.8190578719772
5.6009268614944006,68.3952686508382,991.2371999232406,51.30456948416625,546.624415566217
2.760903212079386,43.16183738380151,998.9931266588503,27.65723443678753,566.0030328948432
18.07809559857358,54.45974090659776,1007.989989645325,42.51368402152892,535.3781890138667
33.91574540573897,32.54067534408807,997.5403309976941,26.36824891794997,516.1937521586274
11.233926683082775,54.61617871644883,998.7313476707822,76.18510904821653,537.9853528891632
17.44679208351074,33.0239085565808,1007.6125798972022,27.912276948972455,548.2049087341137
2.556978769986298,55.417081419428065,1033.2803976438852,65.50779943465434,556.1196905401827
18.514062051260158,60.679703408519806,1024.3909581933442,35.16467509609769,531.0848162735713
23.526910144848213,46.460778198744634,1004.3886780551954,69.12839763309944,520.02847324492
23.265375096333646,52.41996830822113,1032.8221831013348,58.64094630292081,524.2112511476598
13.964640994800241,73.16093632210223,1019.054105651643,48.1094768487448,530.3090042648882
13.305794045862285,30.970972958654514,1010.4952340088063,70.57007500694243,546.0027960897188
5.1583211385273176,68.54530911498091,1011.0735089529816,47.41498644474063,548.304837576829
15.305134505204467,34.3915003047908,1008.4835010525926,83.92335423175295,539.9979191634052
4.880292086045621,27.01893905425456,1000.4846423645673,75.66386124117393,566.3217860632977
30.89724184377001,35.20660315097763,1007.3984486496167,58.657509506177306,515.9262589816433
38.68469761217925,67.07737544837693,1013.7553372819526,88.93546143273973,480.43731470915327
38.83290381000157,47.2819340335273,1013.7612307828599,84.597563932125,491.77321363801457
34.73777287564036,72.98862842654,1024.2781605995633,57.86554551584493,489.93359684203904
24.430893824245146,53.85891476502462,1006.1459035720809,16.160292433071774,523.0264464023693
28.333762192511315,26.223769355948203,1022.2559113186778,60.93967169793196,525.3007959843453
12.123026304536149,64.41924852810598,1016.0141327445908,41.97312906042569,541.3199140461114
25.600046386732206,31.062809979667797,1033.2830432037076,58.61016485233607,532.461886290289
18.77033242815522,68.41587984040584,1007.3378216715292,68.2417414447834,515.332126175851
19.798676251300368,34.2456402392849,1030.5547408917355,68.03547173655757,538.0201013308658
30.55328585463116,43.99955121930324,1026.928914628423,70.61716391662013,507.2041725278753
11.994815868292815,66.86992862939482,1018.6948928065256,71.13417625405134,533.535382261883
13.403544856086276,77.48272466120319,1019.4531510033953,19.835327684215375,535.909225117733
37.06102985401683,45.42886728557028,993.8092470572885,27.254109741156427,501.0578553184511
3.1927474991879174,70.61701211094146,1032.7601072517045,66.74869040881158,550.8709133756626
19.939737638120274,35.49357460117113,994.8121228573085,46.7355149857933,539.9834660419519
36.599231215906606,69.39488736113701,1015.3454988934578,78.65664807751872,485.1021997426367
24.804157304908124,61.162173259093805,1004.853186020212,21.241835403654896,521.2903814928626
22.30987589427315,35.600892896680264,1009.3433390230433,27.23706949784854,540.4869293506766
10.740022989944853,41.637717819327634,1017.4582354876568,60.26181781928257,547.2898956251687
14.387744073513483,32.24739887283698,1030.8983120047044,55.067321734110884,547.8525731696598
34.229888216383024,46.06318560853723,1010.5905205607536,33.975743857902096,507.9397446828984
22.809507138969867,36.20067526178026,1034.4478299887899,46.750891915464265,535.0113183433722
21.074945556514415,60.41988744967605,1016.6765429408175,13.148315025098777,530.961977251023
4.883608828061128,79.69778073213072,997.2249274188979,13.333429719493672,547.3098399908552
1.6250981017498018,25.66050396963453,998.5504182674064,18.543430254238448,579.7899663850109
38.583722358794915,54.75058973080142,1022.2249966015163,61.911320788050446,491.9351039214085
15.702460524186824,56.55166286519554,992.2679007409522,87.73447731518382,524.156034212163
24.525309421880667,75.28148343244465,1011.6153709300002,33.42009603336176,511.1541762901629
4.108887854304115,52.83029341218156,996.6698599411583,13.054584675107822,561.7240447383077
27.641457143198817,54.90357808047046,1009.494838583003,73.77643918470812,504.9858964535104
37.37010163953248,50.940904073061375,1023.7462839932274,86.98170151045599,491.79430292078644
23.450944866899366,39.789736750881474,1010.6465817708645,22.435550673679156,530.5598202620564
5.918497572641012,28.081602328690252,997.3552999041417,44.71729263463601,567.5990929058029
23.687139571465593,47.47617252154099,1001.3366416660489,24.28631565311843,527.7816278582824
30.887541311081442,27.89253091823732,1006.5392814893482,19.57216875484287,526.9568354214683
16.85024492638673,55.27708582062548,993.1302532568886,68.3351684626937,526.9305885898373
35.31367216971724,41.90115037832612,1016.2951936236504,97.07828285603182,497.2104501458082
26.298635180937215,54.348132083898534,1017.3390206075122,71.0349063058686,515.5420610631346
36.0707078132789,32.38633304173527,992.7968367209655,98.63331965268564,495.7295863329352
25.31670713864615,76.29464811566478,1008.1040094528373,49.09557484632622,504.027255223938
6.1202309081881445,74.19866839524641,1008.6300307298126,90.80828099446241,534.8243416950547
13.077976733102375,35.44980800612565,1005.0218805848671,28.457580219967415,552.5536504443675
8.87000298184582,43.889435581170545,1015.0982883149001,20.611393030971378,560.1960749100758
36.44423341095763,58.74210245185888,1005.568087052705,73.22680458211926,492.37393090267614
30.655602624211824,30.262741401824844,1008.7384175765013,43.42674977763722,519.6643498644985
27.379536387490237,44.50123016138829,1025.8885596348723,38.59188424723915,524.5434762223925
12.737686465633246,38.811175775045335,997.294920994359,70.41525201978922,541.2691311959766
8.177746109958328,75.35342007941831,1017.8601612886539,40.01356375925393,541.5358007212566
30.50159243156756,71.88808499590628,1012.751748076088,61.53023550236692,495.64839138517306
19.492159889284107,56.89080076967751,1003.7282236865707,36.95095956351739,529.7156297847861
9.805792533874536,53.61904852793658,1022.7390595420685,80.53818293901263,541.664563979618
25.048257148445728,76.18991869999684,1014.8034761793516,38.114950644578386,508.4696762946065
2.5730202333996273,76.28352806383484,1011.4812687132313,58.14947300465982,544.0282091356589
13.720639911001888,78.31315689434132,1020.045119164704,12.085847532731057,537.2348892911441
19.27372278905425,31.89583862595032,1026.1030638591612,81.25577050225534,534.8125310468354
6.770375030266828,33.83067959197436,1033.7700955515108,65.83039973397784,563.1329766823528
39.40152462604274,62.22051842739376,1018.3207665769368,27.30133602936061,493.25201845159836
9.154797218994956,54.77889621354147,1029.3497993430171,29.383603848192262,555.79453553494
6.083772071687356,26.015624769127978,990.0491193460331,33.624362665433985,566.4246581779396
8.937860081588958,28.408626979423566,1013.8606061726651,61.88770941360057,561.6615502129968
30.993384193229247,73.8444210242343,999.659139694659,59.348469978372066,495.73466163997784
17.59472071160187,72.78789375466624,994.2386605687411,34.64773476777005,525.229468426641
23.05122165034898,44.649900709782486,1013.9386957678977,72.46560627793033,521.0755497687954
1.8193571224680691,74.0077839311794,1023.6071927767092,90.0137049340358,545.5376738706931
2.3428210343592677,57.652129091884596,1008.5522635113471,13.916392988818462,566.5566616104044
18.38719644325363,69.3248105860396,1020.1548352204995,47.54769740404133,524.097715435315
32.84955448486332,48.50870891381179,1012.0373664228428,63.41681066903289,500.8688311948164
35.52431626959505,31.23690800396998,1009.6688639681742,62.779168318329944,506.6221723140687
4.381556136229968,48.85498844553089,1003.0615488196137,11.758181229055968,563.4132620453869
21.996160981939887,50.15148888982938,1007.2167081525452,28.950945926374455,531.1613530526558
36.61595776489155,55.301930661233165,1005.7408033857492,15.564764918090937,502.97137336849505
16.13093742151757,30.80704920974354,1019.0784232806697,61.20685652949407,544.3360396260201
33.35306742570638,79.52710246772862,995.2208330075613,68.08508989025205,484.97336818284714
6.214130521578012,38.42752514437985,994.1686365909512,24.376794708112982,567.0808877620861
37.48038509704415,35.92038219454011,1019.7005847393807,39.971000740786536,508.6416779754909
30.305509383720803,53.974160537076514,1014.5834131445496,39.68233690384189,512.3803574456175
37.71204131868917,54.54644986671887,1009.3590043534196,83.78220984308051,487.78578013684995
27.388072108547753,49.190140580828434,996.8599297983557,27.519346407622,520.2292462984966
15.172753347977652,67.454068047889,1008.496220034119,59.348270919309265,525.9905990838354
37.58906572846418,53.41599204007315,1025.5379293494004,80.4641961250796,492.78008873376785
11.74710427605796,58.53325003297413,1030.0329556105166,84.6620373607343,533.3663682195673
13.954728360407568,64.8060511974282,1021.6159456483899,69.99094848562598,532.1303079114643
28.331528302067873,26.376380586012665,992.6960479146396,36.95749770356946,526.2232594684781
30.847335681490065,56.385430039977464,1020.1684399470504,84.07419173459706,503.3808720270912
37.246735870117,73.6306959175603,1000.8443515295833,76.7949424390114,484.6805626555293
8.987293953192172,25.956380860898864,1004.1863059361882,73.40222204463423,556.5850688615469
32.121923373549734,47.28501570905286,998.8142943581993,16.060185899650644,517.8306525732597
29.803296082481573,75.94250976132065,1024.9090105779092,13.89383925863946,509.5978432749067
3.4879876938903167,44.42349212553958,1019.1870955186776,72.58287679314216,556.0464462033954
16.10170250719807,50.23008533101324,1017.5325774569632,95.03153211105376,528.8706997000595
12.027852825343846,78.9847766174372,1020.0587674351174,79.63515352567174,525.9387200554183
12.875126549807186,35.96281224228156,1000.6547517631757,84.83280098443197,543.1377116994901
39.33492830263333,28.58903540187533,1010.0089986446412,59.048405276481134,504.4502437734402
26.06831912571719,72.26824249737174,1018.4964174697045,37.41275296792665,511.6406182710628
28.989370153946485,72.76559376668027,1018.6467312428235,70.99632070901959,499.1119205382651
39.08808785528536,50.96428090740072,1025.6333338239808,74.07737879434234,492.17351120230296
15.710869515847909,53.28139459625075,1002.919678500965,70.78221745246063,528.7679039923546
32.271766569659434,70.96935032898098,1024.665125476357,95.20381510473884,489.3794729748531
17.94670756887532,65.62077239636874,1009.8083016277621,43.046112993810084,524.3511850322312
34.91181320078421,39.58319512193559,1020.1577711426521,13.569178506020515,515.6738247251737
8.045644111140824,25.929134528933517,1010.5073721029379,91.75999174816685,554.0704010939382
37.959760905506904,51.38350893934502,1032.6874576405924,24.444920696867317,503.05111157775974
9.532096628024307,72.24017793526028,998.068601913374,72.75865054486891,529.8732508687117
13.722599772256329,74.27090721795892,1020.375228986206,88.58839957954159,523.0222643312652
30.49149713016444,77.59244083918847,1015.9440750345672,37.91272582131717,499.69480647387934
16.35645052105086,73.37597806870296,997.7728968426485,84.73737167694338,515.8593628651272
24.72024369389142,56.90239554139541,992.9702851115251,39.88523136442997,515.5571978295717
18.33836654170771,49.453307957985544,1025.9614975037248,81.48321354126247,527.9680709036593
29.95242754650149,67.61674155937544,997.085310014082,16.284687667635318,511.01991870432266
9.904918842375823,65.6901898901078,998.39280072536,68.9718698803835,537.6925698548496
3.2798615022382034,54.59788865447999,1034.0295400795067,70.94242725209165,556.7587986857005
12.697246501449584,29.8030054907158,1022.2767383164484,54.22832470728608,553.0351544919807
19.49803792986878,75.93447407328054,1001.2719078720551,71.83817774764397,513.8138155877217
7.552782035514464,50.05813956259142,1016.5927032068221,93.08653034984569,543.0831796291379
14.837094296599158,44.983358005394535,1014.0350327281132,76.04693424714051,536.3971631750406
16.599337713449174,59.62620673428244,1028.001297038123,96.51664260861938,522.3198450455445
3.2382819038426685,62.06108786418373,1022.8194336524681,50.37510824668646,557.164203211229
23.748982679183978,36.58783543666658,1027.4274506471934,57.54616585335614,531.7514372751668
35.48939369088021,71.03163646454759,999.5177964589814,33.73648275139361,493.7383917016693
6.917973605169045,40.94654015143078,1018.8098641965153,98.70415010207816,552.6770384527973
24.314512522659047,35.267615925287416,991.8108386288271,14.962306164514514,535.6137212880918
26.924828991523004,47.351991906997355,993.1023275525649,42.275837585512924,519.4268321925864
17.354052536352246,65.1808044493606,1022.1087164717069,36.792744829175156,531.5228663843016
28.34280590720653,78.10019981418918,991.0989046189769,44.78605418152499,497.56095545005985
17.01853019614947,69.51046954042883,1016.0894254005229,92.5946074467879,515.9128722645966
20.680854231119962,76.71916077186054,1027.8182294300038,43.123408666166334,518.4627473004485
1.2867687376226522,32.73331922420897,1007.0973813788113,92.52789874300005,563.4285480919133
27.977084451252864,28.914723937502224,992.017819657796,48.10049754968824,525.9450938752566
26.792364478844252,55.673761904866915,1022.1231352332927,86.92918922981875,507.4276044449036
2.497634215727438,40.96636156742189,1031.8358903608869,56.95750886506019,566.9545382925694
15.36175418841019,70.54302351331,1022.2727126426221,38.02175590854834,531.8773710489661
39.182241790875025,61.95933292712793,1016.0301259351249,50.44148190710985,490.2634046885038
17.408725940176055,78.3900490192187,1000.3512973445577,48.194297108038306,519.8983681450285
20.57587080014183,39.01357956522173,990.6919030820023,33.39226558769958,533.0396999306903
36.48727616822902,51.71812628953778,1021.2602448815574,36.06748569927161,498.85393017340476
28.9732131587645,52.56822625839443,1000.3961779129932,26.7808529179949,514.3640231211125
23.70073511384472,38.15472371715569,1028.617320473206,40.24005014868475,532.0127909084875
32.11438257230183,57.455136971840425,1010.9863853474675,66.19652229242539,498.96897322209736
34.710284391782956,49.38072923435817,1013.8786012067605,44.79023518386681,505.1495888237656
18.818634797753408,49.569685579443046,1023.9271444919865,74.1090889833663,531.0927251644241
19.529226232341582,44.9505156384866,1025.0743773511504,98.82803527191578,526.5660319741295
16.055986490421596,25.931114383404427,1018.9192874886255,43.939097153603655,552.170443034508
38.701539460719964,53.715238030313394,1032.2294316935734,51.63752926806553,498.3456687486166
28.189483917323667,43.43863096351821,1034.2034296344189,24.769914125328786,524.1567275167739
4.24569958211482,25.07259279413813,1032.6098449968576,45.29937572013845,573.1089611714405
34.65542530920772,41.93690392140626,1027.0880633404774,75.41492057116115,505.50729842865496
19.741837692614453,40.324558319936635,1021.7531349109913,29.566431976821658,539.6153800707165
3.6814023504770113,46.63964842729997,1019.849663604675,26.38486437897063,565.9219920598624
22.43897295136913,32.25185943038683,994.668757961424,43.873738628427255,537.9008852866176
17.26940688005238,52.922610354929645,1002.21679560686,83.67845371459583,526.1306354119343
35.23222678964237,63.08421938849715,990.255970058822,66.12914707403351,494.3669020758722
8.955789540766109,59.660206298001484,996.1834441605297,96.18214398279457,530.7847979643087
33.23211977019513,69.20652211630548,1009.7653264726134,91.4086391434863,487.0119955648535
22.749858956232657,49.860455839289465,996.5941447855083,23.60234771409181,529.8766040561728
3.129801825325293,53.55004516868505,1030.5748536604542,13.829749714649317,568.0703347127336
38.9019667516939,69.57210674724408,1026.2564633400877,45.91852607752787,484.52125506543797
20.991994520024797,48.523564395058116,993.2225360440283,56.98715309367756,525.4182922909492
12.344197315031717,63.58796424447783,1001.201117196027,56.4013553696843,539.7723385496073
19.306866837581065,48.90313027948955,1026.8582348075179,22.069654099394977,539.5617927571424
34.45645355718207,47.97549069813594,1026.1370756951942,21.233568893914935,513.5665040387382
12.891221851017477,66.81130934910382,1032.5452747553004,14.217468020128331,542.5132935292708
8.514379462981314,34.616030350641616,1034.8896492727813,86.57739334498604,554.0261563443864
6.0337786303043766,43.622228456786544,1033.9321528458504,95.2969724261361,551.637248639946
12.616516537218239,37.3294752210796,1008.4562093574649,20.41165181961745,557.6264520577681
31.421875394561695,44.75104686321784,1001.2647799710915,29.181013169420044,517.5293779949649
19.393428242615204,37.67061523013132,1024.1284585692179,18.087659626141928,545.8668677695618
9.87178254404806,56.867309709766005,1003.4672801734814,88.97519540267514,536.4907571338326
7.481214984780219,68.89939414398148,1026.2880162059098,96.2837860182617,532.0979453005514
13.976449583904785,68.2637183669846,1014.0279628679066,33.56169190488011,531.9730785971028
37.65705054254264,45.04755305018358,1025.726727385573,37.32254469418375,504.9655181248471
14.37804179101095,79.3818223241844,1002.4145945872655,42.64027159716456,527.891286976305
39.53683896223078,57.66199005881904,1012.8612291999219,55.221738344265816,492.9079622036265
19.92398777484889,46.967016597806214,1015.3810707120982,71.42148807804341,526.1276456612228
7.987392813315885,70.9546603582784,1032.4398630474059,55.395152492916175,539.291841375767
35.754463579946865,65.14307069534524,1001.9968909573688,95.5901423508617,486.0180091397767
18.953859552258248,66.21014352532575,1032.1509707678204,18.990411266934878,530.5656123324707
28.677182396676454,35.78766423536294,1026.2186511959571,81.87449610475568,513.5800689315998
39.364751745156916,50.75783690527054,1022.8902324339012,40.103478173212395,497.0454996985917
2.9568386624789857,72.40054719535314,1025.4091621133307,43.97929192778928,551.200276702188
4.771087831715118,52.72209041958165,1017.2441270646026,73.79464993392028,554.6568215654129
29.09781291704749,62.58990088815777,1000.9836004708119,93.6439398886941,499.42982620394105
11.991175128523407,57.33635531688455,998.5272735977934,74.45807006982191,533.234046250504
8.187754481053863,71.329623324511,1028.9853646132676,79.8274517841457,539.3261850614572
2.5351133129694503,40.650846186888145,1022.6312731168125,77.5701317942919,562.1105256118625
1.8520217674618704,56.65114028375007,999.5941927242427,38.888074538535236,562.644266311999
31.204938521671842,31.77790674053922,1017.6792014643481,78.1237389864023,516.7396866561198
6.24290366741245,62.96159271847073,1010.1395916636401,80.60686841978215,541.6493767216907
19.241104022874886,65.25823110939916,997.1394826483393,58.00602885854615,521.9922788455043
24.629975791999836,27.356052665394913,1013.9335699210724,58.30806148001347,530.9062450089406
17.705720222185004,62.16850299953918,1002.6683591609888,78.37487227562355,523.4975180851101
2.0571594411130913,47.80795847911825,994.3309855870907,83.53277760019667,555.3002270927144
31.556558600928444,31.82532818603253,1011.0131234345434,40.34758978276034,522.2379692503462
1.410015757124486,48.09491512341572,1016.5548848442103,82.14059958177616,561.6913959711707
30.713705880721875,35.68281113325699,992.1107884671518,83.27881060078701,510.52370423821986
35.83887525773679,47.855774266782404,1008.0941737234948,31.071307682672142,505.97037352701386
17.880756921229718,46.138646537719026,1001.5947863926508,74.52556707850444,529.8460237433112
21.88615645081413,65.61154003148316,991.3792765818255,26.788052965254252,515.6654019359669
19.602352312088495,67.58185569914974,995.6548147325177,18.374420168931632,525.3898467884686
16.179136126314113,58.38657599115007,996.256537146827,61.70887108452049,530.8332935155088
35.60955687944405,26.247776320034614,998.2293411653087,91.77869789050591,506.1858664094428
35.86340691612963,76.20622534890467,1026.1519907147065,13.191312117318692,495.8505562083202
14.096838221019846,62.74283040530462,1009.7771339915163,84.38514738354296,527.6841091574324
24.98772040657322,26.880749745665387,996.6188696521674,55.5824089633156,529.7486007237302
37.1493949236887,70.03580945677649,994.513363511755,87.4805903849107,481.44760744058397
38.52028145871271,36.014638509489785,1003.4073206428068,85.91292416539422,500.2315508774658
20.849402576459855,56.85716542641087,1025.9106983417003,88.77581243346597,520.2953371526476
18.660167406088746,50.6648903472603,1006.400693157284,79.1986559326006,524.5392367154785
11.869078321212506,48.09113302952922,997.1953812132272,85.86931190922955,536.9789291903484
38.39600305442599,73.93425460684186,1008.1852281695772,25.842268648108327,492.37399279215384
6.569757874441827,49.054871035943805,1014.9890200779175,37.34678339874475,554.8591917873069
23.613353465861277,29.14392646652329,991.3312882637106,31.823755372656677,534.4622629490501
12.019460433226916,77.06512999682239,1018.2438810648077,76.81854733552544,527.7130127251694
11.881323323564068,75.62943771817952,1007.7795338856655,23.827880743042233,539.3999389048637
16.79377490767135,62.64379792698793,990.4376643809037,26.400501134000972,533.430908218535
39.952924496810525,50.73408904726138,1020.3250229525871,89.10682486497483,485.71543887393955
3.1436859667530603,30.10727101189367,1022.0574436003192,73.52939736215544,567.8606652441513
23.563130909937726,68.49114652176118,1018.2977904851407,88.78419801271781,508.2423160806752
4.22031416337581,29.151285293321592,1005.386859791929,22.541973243462145,574.5597267238091
7.02631236963024,28.77305416923301,1013.8322184329683,45.90823641051721,564.9735378573178
18.14295472914305,54.556111334165244,1007.4220967760045,35.48360530686858,533.8161030530579
20.90794512251121,33.80705321015521,1021.5279778571862,10.871297675168455,543.6257107040096
11.092903926216437,25.425164703719194,1016.261108380516,35.60706643948362,566.7852965811005
13.34182810410223,48.271238704768244,993.6809601222352,44.16249267800915,542.6986864182079
4.39171378998139,32.54694773855363,1018.9392101198549,18.299767351844068,575.152433412475
12.82557156992577,33.82834784043802,1020.925728645201,60.98388020441378,549.4597716446953
38.69577913584122,29.230085130443406,1006.6815981276615,44.48553962253698,509.1942275372818
37.84358788522679,36.280156454798544,1029.4103601431866,14.18154960497909,511.249323789391
14.060253315342415,64.35162988759141,1027.9356459680234,73.35809783811791,527.1464630467383
23.2633035148717,69.49100189697853,997.8824935754882,75.63518504569932,507.98082205830235
36.47422025332683,49.88935042161154,1030.6919838818642,85.10242986724914,499.55855129817803
1.2411690829949702,52.86045987347797,1009.8392567172784,53.69865398802843,563.9965022570718
32.61665924316608,26.79602690268114,1022.5687343685432,97.17929176010588,509.0961221363328
37.98641255876784,28.81239437542243,1026.6343653135257,92.26577300792108,502.4607169562212
4.5617036390087256,39.16622491072343,1012.730058948136,59.62164625901184,560.2825186817727
7.29645975528392,54.914413139223115,1007.9595872716867,50.04567379624755,551.0488232136852
38.46910580808286,65.67531318042461,1031.1953115876795,10.273098511263058,499.9916521642459
21.964065601973505,58.27516837359182,1000.388409882094,73.98950785653105,518.4209953883513
1.5536687443972244,46.56703202427336,1001.5636534973615,60.845905364472195,558.7757371304749
11.047647951777638,31.507824015172602,1006.2729141306047,94.37897309374726,543.5806424958154
18.547803296485526,67.94252791879542,1028.6759600086755,63.480891271711975,522.6629667376436
28.023447529965942,45.00823283794814,1032.2454718895883,99.35704845034569,508.3419688546478
29.593254747335184,65.48297079655343,999.9030471639688,86.84373446769614,494.3927697394077
39.82143900409279,53.2138363052888,1028.874156643406,95.82381422334578,485.9808592181058
12.212936775966602,65.6264129459004,1001.6191331760856,39.4896494156535,535.6354196358951
21.990583972870535,74.90092587989145,1033.678856103745,23.44023952905398,526.1616373942279
21.799618366524594,75.65662338295911,1016.8833551391712,81.71849024156128,507.21068073979325
16.82016511844226,54.43087290003319,990.3188910351322,80.75773926722192,524.8481434184408
7.5973138598543875,53.13296006211013,991.535845683203,29.030404546500687,553.7009397612615
39.12080596416986,39.61231560265605,996.6368038862119,78.82701887214215,490.6587573150675
34.279370279996854,76.46899073411103,998.4407921018441,62.377602223726555,488.44820591871996
20.434988103475252,50.18555419597915,1024.5428605271968,19.857263041150567,537.2900130599122
24.526571484677163,32.01751816080574,1000.0244644387627,55.16052378131879,528.1151429040355
9.86318108882683,48.79877030446025,1033.6113729022436,93.80242007548107,542.9953967782022
22.20769574527813,31.987928763090217,1018.6250425741322,55.58117909007059,535.6350167420013
28.103835191737556,52.63924263413913,1021.1632879164083,80.98290905981248,511.8836037420818
21.091514107076964,55.87015331709167,999.8017433678343,12.601898797776089,536.560515461904
39.62112165281271,43.57656688214719,1030.1717841342788,75.52732715763342,492.68240859049536
24.84232459366132,28.940783782731657,1020.051655776897,95.21536475237295,521.1808216473759
15.467974791094592,76.89269445982815,1028.8982530953838,54.95750064036422,525.8151225501972
31.113929077017687,67.53442124158863,1033.0416493754053,40.39389217230277,501.2952665822951
7.64803795168404,71.13845942778165,995.6538439699318,68.19854543982075,537.888807745758
15.996116734544394,45.17776168574262,994.3464253621025,92.46350935838974,529.7862112256267
14.531399064725848,66.84570665106978,1026.1533521965337,25.909268548000863,538.5886830665345
17.840476709203312,51.69550923430568,1028.9756726592377,46.33247890204388,535.0633149215563
31.489413211220327,36.059591862332525,1016.2692639395093,24.066125288365704,522.6129931568518
19.882748254372892,31.84328572989673,1006.4700246487735,54.69888089979035,538.9411157173874
31.966563560372546,43.97779781271313,1019.3683336233851,58.637981172750315,511.08057062409455
23.48306722245477,32.565366131132684,1003.7548832666606,94.97832532494941,520.1374219647662
14.340707951644658,79.90479369122377,1000.7273561469061,47.126363839086466,525.2258033427041
32.58917100365542,27.705394462761213,1011.966534428727,61.02609521857285,520.1861587332975
10.293297151570572,49.26289796529921,999.7269222422871,89.67363166487371,539.3603661527371
9.750936212192023,49.86514373147113,1011.7666623741828,38.926450015854286,551.1812304121025
20.675614038138594,41.534756071992156,1033.0472927458607,70.6747482070831,534.3063716443055
11.173120592521467,56.42433611388199,1027.7902816027827,78.14456639398868,537.335098642471
1.3543943630974367,33.24873632833496,1032.373391377501,39.74754112183085,578.0049081758146
26.28360356465326,68.11518093229785,1026.2848038681311,24.790706697758004,515.2419474586325
20.932659037423523,43.28462450362011,1005.9637921175824,55.2618587712046,532.3960756250352
18.375194765233285,57.52384243892529,1026.5420357348203,42.11215571199715,533.9905969431352
38.7117720701143,64.36015798368277,1031.5312084598945,33.98161886129925,493.6709706290281
23.276768174553634,73.89731647295886,1032.6166104526674,97.60791796246944,504.3613142494311
34.67383153378599,70.968309004871,1020.7439032808248,55.19377168313799,495.09420781104103
6.4385592120012465,58.45699654569578,999.5114989716801,87.08299244590813,538.0057447510895
23.19905206204768,46.36162492111378,991.787811901411,27.578566948902324,527.8401034083286
34.85120544250521,52.67625685412302,996.624010267207,94.54984884092175,492.92296800221453
23.74112453391602,67.28041363583415,1033.4496113052276,81.49882911121196,510.05475078652444
29.00255294695306,73.26500484077101,1010.7943570886746,82.78229405702281,495.9556059329757
15.509699144676087,30.708006049716953,1028.4743706674426,45.07883876763358,546.4779059366213
4.605531164445598,46.16709443711794,1010.9269869101231,53.707329376991765,557.2687733097138
18.858111509955787,67.68641291274253,1019.7367912556928,63.40188933088121,522.8643994294049
16.384696242715442,48.74084694266786,991.086334970505,81.07889825845582,527.5279623830088
34.815347112778944,43.27252702364561,1001.2439224223715,86.41510768543938,495.9325629686804
10.515816791746417,47.62274832527983,1009.6321176019165,17.0240778416741,556.9417688699825
38.702634873869215,58.1564610732493,1018.3783971219374,91.3656148779857,485.8531115351468
38.367386672375346,79.98928292735908,997.7184534623931,94.37469872538348,469.6639014215733
10.65763407978611,52.11458360074925,1024.404815892172,63.3598663921107,544.8044828556697
14.5740262636155,36.46719612248433,1006.3982117761307,26.807555192941535,548.6995692138241
35.92667389408152,33.95656164035021,1026.7845871155248,83.65733494331405,503.9957797796166
38.698266614948196,27.329236111202786,994.408609067778,59.3728853094639,504.5967622614277
18.29412501060572,55.73494792050768,1020.5890464457067,83.54768083447416,522.9354766999309
13.518884779995014,54.95146503188588,1003.199774994293,83.33273139303849,533.3283719679381
21.517666516810138,36.287865972917004,1025.7922428355178,17.80563841172132,543.9370672891341
27.822999048263657,63.24311735489118,1008.0976692169085,64.63192855335977,506.70755529649847
11.665506099624212,65.76088728963245,1019.9407334518605,53.482986934184915,538.2470856372901
29.72245381014384,39.25040129601612,1032.0437370886414,95.1507522999566,508.14294806586844
3.0146369274710003,43.925487021635504,990.9281984406194,36.69771627328567,567.0885610628263
2.922485217812241,79.4759419790991,990.5002552050469,28.54000955718325,548.1609292513436
16.06522050067626,45.584545731790385,1024.6625663479522,90.73781704172393,530.738510729087
14.785454490368103,66.84409194658559,1019.0876873178635,23.384401201009425,537.487696060541
13.309695399318938,49.8998984646467,1003.1840874226995,71.78675128520155,538.5445975189101
20.14977074408749,68.63396553235367,1012.2478516248418,37.00178324576298,524.2625575419052
13.508609710151278,67.29627813304563,991.8871049519491,61.10611799477299,526.8344696218683
8.498058820255585,61.72658138591946,998.6600522412558,65.45974895571351,542.1295346425982
13.069312414455435,72.01280904625686,1009.1023368537226,47.56323537621701,531.7451015773822
39.02126663959916,76.65701721827268,1027.5319987299667,97.74684822133862,475.6394500330823
17.033423262799097,56.89908262486462,1011.5850232287038,21.864985127648122,536.0726991107076
18.343798297475097,38.06078989725101,1016.3863127036691,45.22591801330813,542.636038962398
23.48525460809446,46.92459289042412,1029.31892063972,48.735579418688424,527.8144524929818
39.35028996815484,66.70681424323112,1003.896851111498,66.79422540965633,485.2245575932007
10.422449780994757,60.79859168181282,1021.5314694495925,46.65337823750672,540.5930296330486
27.57000231076492,34.77890862108868,1028.7750266405214,18.733241023494692,529.312557750202
28.92340304812724,27.81817476305336,999.1177065313279,95.26869983627435,514.4067621244516
24.685652254929572,62.56288764481357,1006.0415174316524,47.44711734748171,518.3343604323344
4.454555245829119,38.809346321613994,1034.091457825021,40.840635449536535,571.7437678846428
27.398018757275484,52.48186340509794,1034.2448354158296,50.204991175660425,516.0492672426565
3.4996937304108435,66.07107248819268,1000.0453468632272,29.493611391603018,554.8769215123891
24.24956333244598,55.946672936098324,992.9900627501682,19.01995162017858,524.1827694350906
29.843665911647964,29.5816420711488,1002.1914725089524,23.37206311979763,528.4716301764711
9.227825734178067,35.206913023095545,1007.8979380786659,24.998934430320364,563.3463894215593
33.82325829416819,37.063050121700556,1009.8452520419023,27.79060943943056,513.7842169401277
2.1837984157871664,39.18253395046647,1017.8462838298691,47.796419100357305,568.8324271597
33.908701682673936,56.09718655727774,1030.4776242059195,66.15093421397383,496.7162834228055
18.95283297506784,52.71811789039664,1004.8656605358223,66.59990542240593,528.3140092348615
9.485929657334136,36.17380211003149,1028.2493040974643,10.008781260573418,564.9843599827665
6.217347654764752,28.71551639006279,994.2065514416983,92.88619002085599,552.8836690077865
38.17897953571253,34.42877124610949,991.8843614537947,84.05624624790894,497.105731728374
3.8339579156651116,79.14097219402318,1012.6820332405557,96.75442354924358,534.705969782987
8.764643377501102,50.770082238530975,992.6848000498773,42.39877102571736,552.1502486626292
14.565071549888792,72.70400275861618,1007.6620410555404,69.83193490204573,522.4455226849445
25.189159109483697,71.68138566678638,1030.3550152591156,25.12186743304874,521.2758592089598
22.247242325767836,53.13357566045805,1000.8667366293363,83.53297244983024,518.4773662422831
5.900096204080246,63.86782396532989,1021.7689098806206,24.523095065893195,557.2935756512425
12.29939136579037,35.60136057269918,1003.606442657553,39.33871307269746,550.4956445033467
10.311319072354939,62.86181877097996,992.0214024858961,54.175137035228495,541.9527478800825
9.328171325123314,39.981151859480924,1015.0510761634639,63.50785019674754,549.5971583712179
17.034629122719494,70.76341532147829,1027.5684070741538,60.36697218580584,524.2197827957128
28.45722665107462,29.604827320990047,1008.4260801754178,19.188641053899754,533.588771429146
9.480664356472202,67.52262700869026,1017.7782221906139,47.95084025774659,542.3746829665259
15.300476308416275,30.496529861274073,1030.5010618945976,93.06183377852403,539.1702933133766
16.245779646805328,73.46540802918699,1025.5362530731645,88.51316749766664,521.1467045526254
39.081804647980995,41.731248497425206,998.7244379726769,63.17051709291758,496.7053766690909
38.231987918283686,60.99163506568161,1023.0022781714252,61.509211790824125,489.8525892011164
32.20536572733096,51.81262532411539,1012.5851861322068,20.050766438439716,510.2883758421801
10.424697911948222,45.146672989428644,1023.5685063548738,28.023350707927307,556.2838888174265
3.653455249575118,60.499300825092305,1012.2531997734998,32.737576834368646,557.5250791427619
13.359261371104365,77.11376393031809,995.7581173848737,53.93761556714251,526.4973548894064
11.404987427919403,27.269836105604202,1015.6459251010158,75.82204432861468,549.0658855009805
20.731106205709363,75.53690707357075,1012.1460296578803,51.46528200438324,514.9997877411365
31.33138849264393,58.499491026155745,1013.3064780138649,21.345493765365795,512.3759134915595
34.47459461627546,69.40228654229787,1029.550610414064,49.54139893102424,500.0442968973663
33.94969933100983,46.11312243888527,1030.2676671017814,24.63699283739995,513.5227848817366
15.027346887699643,50.951363616068754,1010.4091698044573,77.6032616523596,535.8819565622164
27.802139394966634,72.78679134906402,1010.507941857604,24.985077436412112,511.19122895470565
13.20053370344458,47.81663833954027,1013.1834131492677,53.4280590590011,543.4310195996628
3.375316186172126,54.40627617119968,1013.3815175250415,72.40722423949836,551.5533161165627
28.36104535851475,26.11072076963831,1032.76742148806,30.537825755068774,531.1229778805847
1.383274550221726,33.72289032109232,1019.2230210319872,16.842709687359378,580.4375025561948
16.958120910881053,60.29275793861399,1002.4855647699575,60.696952846727385,526.385178150547
13.845791502780953,64.43372955851325,1013.9191558629295,14.878239715395326,540.0462527214194
28.041724002235245,57.04305152314747,1018.2250612308592,62.89917786713512,509.88482090599314
30.88357343765478,32.88205199515859,1018.7897274456284,77.81486838275814,513.9568792219749
12.859690802880069,49.49729857178092,1016.3364401807182,39.63843925050759,547.6113993892831
32.65345356334929,44.53021214997544,997.9981269579691,53.951446817262294,506.9572054468076
12.462753659692417,52.26137392192986,991.5116935085779,93.58856544024519,533.4722927864461
18.406728039475887,72.8680969004752,1005.2029373565084,52.39979777579972,521.3535855273055
29.353722553551222,67.67237912622585,1009.2384969552114,99.689865525405,490.964994456211
28.023888939766753,29.619422576403743,992.7811907809239,24.13021702219056,529.7883796198389
39.5073704201758,73.96700587760104,1026.673530210893,73.80405122349603,474.47425621271896
9.781279944421343,50.9471933132403,1005.4834846879623,68.73567383775286,541.9308666213631
26.830398628043714,65.91241796872991,1031.1134735780327,88.50743321736944,505.08508789261026
24.777594422755318,32.702157719539365,996.9484548529019,18.319889079148666,535.0588326482125
36.688839725111166,61.889573913887645,992.5620730621791,35.2185932351635,491.6920059851182
7.098123524150127,37.99793096852019,1011.7042246973845,21.896130318430174,562.7772850443749
30.320128379890384,49.11094934275123,998.5108201571568,93.97856100447294,496.7058378331384
23.162476034481966,25.927457854515744,1032.1829674010037,48.39717921807314,536.1975485930717
11.71196892172831,33.33858508617618,990.4636529304182,91.90592609815621,544.0724701698487
19.50296165173979,30.06442712179909,1008.5678853776566,36.49662949229404,542.3050522281254
14.017287285722114,38.185929511604215,1031.7036497105325,21.37312912254867,554.9115483598948
23.593222708749973,30.500994951337724,1007.2988193028395,36.688354568741474,535.7012014281959
35.67102382177197,63.0550514640759,994.1899176270207,63.74569233952441,490.9996508245689
23.20289439207588,26.597194621507064,1003.6302724287805,86.07093326061317,530.1312982204914
25.63717431473678,58.97572753437489,1012.4104677225495,44.685162390249715,516.2634154761492
21.231166037473667,32.73893069540658,998.33182593045,92.33277933281357,528.6023992574462
2.9954547513735603,76.98388014478434,1010.9952767314468,31.980885371013585,545.8649051882026
10.081483718167675,76.32017402104199,1027.6354438103626,72.41866185733902,534.1959062200337
20.18806744785123,37.40267063865294,1029.2678086588476,76.2142015434045,530.0639276475257
13.099176066043485,58.79317140226662,992.216733061983,34.65666273975544,537.169358692079
8.088780312686573,26.540292570985216,997.2406511123658,12.42728904704747,567.9994214745161
20.661180834819096,76.24836986781457,1002.3880561095062,42.87136078456799,518.5179334591182
13.589581944466163,53.76430195054404,1016.7689632899421,14.067653257552248,545.7413675038833
11.066198083763174,27.377273327977846,1006.2447641456611,91.06783978619599,547.4913376840916
19.09543128017485,43.837499615447555,1027.9818411050735,95.81727366406521,525.4208278296043
6.198086065204753,29.22672040236788,1022.2502340727322,76.18419243514005,561.7290594034117
37.18208358994089,46.611944165534794,994.5205210401078,75.40161267824504,495.6252236934762
34.840381818850325,61.84594881887277,1018.1050876130441,31.680340247055753,505.2474280600475
28.59720284388088,50.84394494227918,995.085568140614,16.653301890227617,524.0805938454641
5.142339275949793,46.10471960957,1001.4766051336408,82.1894172274825,552.701568072749
31.259212924318028,31.553637504725565,998.0041785090402,60.32457383980308,516.423409440547
32.51033579625174,38.4716475131511,997.7877877140318,71.34647777084575,505.3203755631889
30.94282009085917,30.507880825609313,1017.7377986149587,80.1676961277607,518.6078303670546
5.444669597650405,69.41243024111634,1015.3622215149372,46.849084205704195,548.0905911326918
26.112410325642823,32.43819053915974,997.9212668754477,23.00919309804859,531.3907245283829
33.53866703422654,57.74553516018914,1034.5577762438295,81.55331194266059,498.67781053225565
23.51678264756704,43.85072274738653,1008.9826529565732,50.83890753055667,525.2022121954424
26.20988763389547,37.428811156035096,994.3681197669722,84.42318077703393,511.9846293736783
18.87617569762594,60.17076417206571,995.4256057629801,49.39292320840115,526.7450834347254
21.61958547547805,50.13512701573174,1016.2752171176968,29.531476761157545,534.4233566996796
2.3406974757172834,47.008000700650754,1034.0581231522563,25.390451498840406,571.7243114792429
25.9195578569581,57.606860269072186,1015.7377995728639,76.9529580903251,510.71039580215745
4.176441302755208,52.019719566950045,1032.7068664477488,61.740021051459706,557.4217718108313
17.965569179268712,41.69163147033584,1009.9859782841112,46.41426104182179,538.8764648576278
12.413548809028905,55.74837082708884,1009.6128496643405,54.29050805721988,540.1679185273707
22.27169005825681,61.822421710288204,1012.5003311692147,59.467474475788585,518.2348826267964
6.2032370854050765,26.468123722276985,1021.384145617,31.547479764321643,571.4797157529056
27.97409267695941,50.62294508992214,1006.54271849031,44.03490217279202,519.2924775318655
32.00544994021034,28.172580652094908,1028.874871470553,36.31703185987615,524.8725269853472
7.370823539983103,35.25229777374611,991.3176623145666,44.95814620710645,559.4567996992419
5.068210406723404,55.827980374288515,1009.7893887762799,55.05059921661144,554.2505039076513
6.675103828707007,72.64039033960694,1012.9946332490963,25.602178514892934,549.1622435340214
35.207974914041564,73.55431235536668,1017.3164507218394,45.41635563839992,494.3888588470855
21.599381208497892,28.84692055762472,1002.4232360564638,44.69449989762312,536.4872543483475
19.2231788442926,48.050779745768864,1009.2365986943626,35.740343515803644,534.1874235613689
5.1617609449918165,57.06535656525032,1011.8041987596325,99.86466923222069,541.7565231375202
26.33268426352151,33.08884475026889,1020.9109490407446,16.626475809486223,536.3559915396916
34.851984083908505,67.09877192096243,1024.8094883131116,67.86560253571622,494.06061296146544
33.29924890361467,65.93293921404813,1023.2022297304704,25.699474588279205,501.728724676816
25.41613365025125,74.6837557538737,1005.3712373530313,85.55715903566642,501.11644910642144
3.9358699494152716,25.466730664589367,1034.9752735346383,92.27768824083708,567.9685261997901
5.3834840598645055,36.917633419395145,1028.1899390304231,46.133018434806296,564.9726369211783
2.923050497283162,70.49526928349269,1001.7010517915236,84.11306044786387,543.4663141005761
11.041689443206302,61.881902795481444,998.7797612552772,32.491850441505434,544.0245850473634
6.290797219254732,74.19144195341698,1004.1309562762526,22.60616565963354,544.8315900455341
11.141873569844922,28.14488099916466,1010.3555183849841,38.429043976234986,559.5259064359304
16.017264173039507,57.833018114404354,1028.2859720243825,40.750661250194256,539.4751127632092
37.77632857877429,56.29756161915208,1025.026301870754,45.76217903070211,496.0176044960369
24.80466633148599,26.96209289982928,1028.3060755577644,43.56630477620369,537.6528330384641
33.56397764163553,53.2437142301866,1002.2380701709648,47.003000756545354,503.8405132100284
28.703708527780957,58.523617122045835,1016.7057550103326,73.9030029224617,504.61248172124493
5.387622090538638,35.5211245811159,1002.7462078024819,32.10221195791617,566.2028792335086
29.700895848584004,40.03312707185646,994.9060422323772,11.671803618860952,522.6258115879136
11.728856380805853,60.219104046375534,1020.7888984563606,54.07124962431445,538.2665183286092
25.925206032793547,50.75655211799771,996.4348898037947,50.34621197843776,517.0219101217585
14.297516972076552,72.19075116625797,1020.0463992767912,15.405849085908741,537.2294166024028
39.909218267321705,43.83099713050536,1019.1583937207434,22.042126135127234,503.42321393351943
11.278507700374336,39.66628121135106,1026.4611799990807,55.89288052164045,550.802340266973
11.886088360196517,79.16762671896635,996.2799572053603,31.127568401762137,532.875701398278
37.29621796693353,75.11246735715459,1025.2566066828965,88.98384647273022,481.10227730464806
1.9611317808165842,26.59460097494389,1034.9674436675807,25.596323781354563,579.2619514518659
28.170870527054678,67.39007384186112,1028.2969101863655,11.811036866366463,515.5600880369732
29.287729238699246,31.068412560386165,1023.831543434745,50.280739245195434,520.1278057645959
33.61876451900557,26.511685715615403,1019.7974409612618,98.754679954743,508.1348223950914
39.003133114900535,40.053253378149186,1008.9801668108444,67.04852736758288,497.55710300381554
39.048474847109446,39.814023348360735,1022.8725075551221,41.8626749135732,504.86000939815113
3.545793545092092,70.06253192908306,1022.5880115813204,11.51812103210725,558.849692218996
33.051733587363195,64.08669852685594,1018.417422720928,53.64535957680041,500.6725519241595
26.20608741263787,78.98851850326079,1025.8325270234022,28.581940192458724,510.3320980328084
26.246343240550555,64.13320951715002,1010.1943749792075,68.29786769019815,506.6988046119502
6.005647137973098,48.004055429082634,995.4563720459576,62.47076443581712,550.00742141776
26.35729949138048,63.441021351986926,1015.1580477424156,33.86923978484664,515.0523016422168
39.316820643448665,79.97024869525211,1001.9269587920104,16.19944607968045,484.66485275061734
36.56092421203843,64.05780354093905,1007.2994893843118,77.95172782363012,487.0615997923045
18.12609577138917,66.8924745789175,990.7836706773552,62.6917685133648,519.4830496801285
2.5579709581576795,76.61007583546427,1007.2255764563048,85.79136245577655,541.4930615371873
15.129446110007988,31.250819372142583,1026.3960497760954,33.382001407304465,553.2027020609775
33.229222152421656,63.763136139624976,1014.4225065122215,68.75758583023709,496.8915542135178
28.358464957141475,71.79432768820969,990.4410237120287,20.681245047581648,508.8502220412761
18.9144025681643,77.49082301214912,1011.1429719107931,36.26289171251593,520.711036632373
3.1489598711944127,36.603310934143465,1003.1153241440434,69.08852006896326,562.2873724755474
17.648894385108804,52.716095424833426,1011.4897794928727,84.30231746303139,527.1656658277111
19.291972648997458,62.4305166204465,1008.2111724651545,38.88329515690122,531.9955269980647
37.2136657828713,38.610725122573555,1031.9390648800822,81.89682009008511,498.5463192056649
26.00235803970422,58.026007478765074,991.8529784533357,70.99772142459543,509.25200832554333
13.154463749531306,39.166833037389964,1020.7614605076869,41.38072943568399,548.1471322013325
21.487412313578133,43.340136129240605,1028.2961968335783,88.87572439699953,524.6652398757811
3.5761570050642426,49.28352830809758,1033.1657363092713,55.8306159431888,559.7234818718161
38.93016119033974,54.10545543106119,997.9936301944933,68.3422140291474,488.7640895333734
15.042336175298315,49.715122939383285,1013.9087160884787,54.60682077131321,538.8463615372524
19.636826841612297,52.12575358833611,991.9615309792746,50.74479644416912,526.6592464751756
14.85607499523998,41.422381595856095,1012.463258600479,86.31799455149708,532.9630838080137
27.617957474531806,33.743080171244685,995.6456140293442,36.52339735347632,528.5270897467651
26.82705417485413,27.60424875297617,1027.705350361442,13.296630012735221,539.6989411019703
28.89757011063629,35.778829737041725,995.1241501172415,89.18043791904651,511.5101679024269
11.457585954864912,57.006900282818066,1013.0979762173923,84.25215577460648,533.542795610231
13.311070765398574,68.23634962917228,1013.4493231046739,42.990442711265146,534.8387907564768
5.8847980127521105,34.3086178593592,1033.7242724069222,26.69060248346901,571.0093390414479
26.56488890199839,30.970544677495667,1019.47413123175,70.79802787436239,526.0257588174769
2.5520879660904496,66.21096983020877,1002.952813188456,17.088481327207532,560.9027861281386
24.309611085414904,41.78370817955093,1000.8359689472162,48.13792799849276,527.9082098621245
34.91813950921372,77.33246915750439,995.7711692540279,17.727608938602803,491.0309900633553
35.74245378329571,64.28748838357052,1024.0431625822077,63.81187077958865,492.5524946725432
18.512472654428507,42.971582598366695,1021.0840495282052,12.448754542866698,546.7966136083157
18.912843840309876,40.92485112865377,1017.4444707288648,66.63145380708804,532.0653484293083
4.001798137312678,53.803411244921996,991.8378199327494,70.58850159604569,553.3996745588053
27.159835992278392,29.35295675530152,1024.3272989877432,53.8430027162636,531.7207014220463
33.029117394540975,31.472208195491444,1018.8849409716815,25.750659636785066,523.9323554008099
10.541547129583808,34.672183472390586,1033.374999064972,19.125454476448652,564.5247132559679
17.43073438370122,67.60979763175081,1016.4240958444566,38.196311332330296,527.9279141567164
33.714734133845546,53.26215475980173,1003.6778357997769,51.86860116400111,503.23973413385033
35.20769823882923,25.58119175259436,1007.1684248485194,67.798748516036,508.3004507780138
10.484019230304812,62.043409010965995,997.9128317420204,10.112511476664967,546.3136204296538
22.472254747113205,48.30295982632734,1022.5311381990623,73.99575273118268,521.4308178506793
8.507232874797255,53.09688007300889,1021.8474747009776,74.14407389127489,545.6184186286351
4.973271801442705,36.77639338771146,999.0292506964954,50.00840258432498,561.7768040854754
36.53369955428634,55.3480225616757,997.1320195432025,40.906580117315656,498.620415365544
32.999792665052254,78.85342818633188,993.4652219940988,85.80777082033228,485.11428079483795
30.641361170323783,29.03945800531688,1031.0389084656792,80.61287338281052,515.8876819750221
2.9018864337124763,40.61545698154369,1000.4881425162683,98.49484796659516,555.1159227727276
33.90542291570004,38.36486760734564,1005.4873587038312,43.47377248050569,510.80984834271317
18.083718960309966,38.67021209131488,1002.6227028769871,91.61493443713886,530.43380821337
14.353409808538526,45.82884966609575,1008.6131071174856,17.866169730365705,549.9098594736819
22.31257807998968,69.9960381609292,1022.1321959722118,47.0319459625767,519.4886423619442
4.562776466218677,75.20722794804131,1029.1768035176829,51.88367068737931,548.0649428396642
30.509215424743555,36.12182981024353,998.2169437287843,49.678688458311235,517.736425269414
23.71496799864354,54.8622465871462,1020.8885554683525,66.25883695880114,515.8785959179044
8.277013778053533,60.029443469101416,1005.8652964009118,25.318705495435204,548.4469101468653
8.341055790992778,53.700511090011474,1034.1237225733782,87.98069545536268,542.3037206378715
8.185697411334296,48.87420168083058,1003.4513621677835,59.658761668567536,549.959268115863
3.2230931145254256,35.55865282225808,990.3236830203537,91.37885932119379,554.5936925957408
23.924139525495708,51.85206475595812,1013.203798830893,10.236847961933627,530.9585714231669
33.77357892595182,47.066815524123086,996.7828987924172,66.69893022336967,502.5415925200583
1.6824303455081555,68.75598493762483,992.002249206828,47.12120621693496,548.4982383755295
2.911181153879668,66.99823975396473,1021.4221154376469,55.45891555745118,550.1359768347735
23.338040790790885,32.36992746631189,1022.9516677128805,76.94240597022568,530.800999570377
32.96033173005604,29.868547890968717,1010.7314555902426,30.443657350302065,522.1163613261684
13.74281673217671,74.94846687751266,1020.4598482540459,28.44094916929492,532.4457034404813
14.634961553501164,54.452961393047374,1014.220775171121,73.27070359634288,531.1288033341889
24.25751340237426,72.17905155054248,1018.3410498474869,56.922918304976214,505.7957780540514
11.694302675841733,28.198311631152063,1016.8516787934583,31.027518825552132,563.2733588575869
2.037726277029681,53.95835890868966,1019.9620243825017,53.56167712024739,560.7188889980646
29.673912205962246,54.668458301693,998.9833791902927,51.36025651994436,512.6464636041524
25.40034660471667,72.33861178981824,1002.0917979016515,72.22999846737804,503.48990813934586
23.649483963170706,30.368549902633912,1009.7983417278462,10.239499325735146,541.7437668203926
29.9256810306811,38.22450600217501,1010.0757604238634,62.808423919433466,517.2500093450434
27.334002664919463,47.35960726378572,1024.8485270214107,64.51103354610478,519.979322936534
9.029397538954525,72.62128114809681,1006.532714665329,77.09591234691278,533.6725761699527
14.746760830790695,76.63858232888118,997.3127320226632,90.03074194319042,516.866478589641
5.918295525466375,79.59985407764952,1001.3159686720984,49.617081740051994,539.811236856766
6.06442352329736,77.75564175521868,999.6630076072903,40.8268201877996,539.9154822992107
27.37163410790503,25.32679657143949,1022.924700866521,19.208833976015768,535.7545978777689
34.48540417231743,27.623958779962962,1011.1652826581692,40.315226040390975,517.2702151268161
38.546570770584424,33.11837505366738,1021.8883814086943,16.163619799996695,515.776887017188
25.505537584428332,44.18741532236503,1008.7298856340932,82.25381848073093,515.5584631671469
8.179951611077321,70.64549170428273,1030.0381021126757,82.63055330612528,538.5563500889095
5.120363472508298,74.09609074345143,1034.2584138475231,47.55138915653003,547.4871879086779
32.70118788993355,35.27589234620207,1020.1429128916175,33.367711048884175,521.3277818235682
23.571502578039972,59.081528339083974,1028.8715650756299,20.62180679070446,528.146771327354
25.113115819535075,75.45490917859021,1012.8569970227428,86.61134494196618,502.2507583751255
31.47702146143366,50.50524547622264,1032.057937815926,88.97457505468648,505.45727072195444
28.427811881565614,30.694896457403118,1027.4213918552773,33.96606531308326,531.0977363299633
33.54387186138777,50.17975075465437,1034.6300357294717,65.95844936209872,506.9300957641099
3.192342312935261,45.66871962584315,1018.0392180897501,33.27882983113498,570.8311077850241
30.153304833113687,56.77118978363038,1025.0643033120703,30.26139644292209,517.0263968739007
34.18325753556172,49.1262276423907,1014.4290662990196,11.908724556827377,513.9010328016599
12.159266655874259,25.954025976954487,1001.660404692214,61.94434758274562,552.0299842662141
25.977443685736862,79.6698753377519,1005.9639827008391,23.494738886700148,510.03594976892316
13.252320489641912,54.8947130751814,1030.2302436629093,11.113406458023876,545.646418204423
38.360871592815705,51.049691551653524,992.517657596938,19.436604790313556,502.44800338373807
2.3035193249846464,77.50395543272296,1016.6165948733484,38.23922724290324,548.9954351482731
23.611920909485246,33.57232021728924,1006.7617814626849,70.22468711005405,529.5885855304887
7.493638334931088,35.40806813998866,1007.40116421025,28.236074799891263,567.860896455558
28.77658800190919,69.44081119845309,1029.8057042886196,89.88315062785045,495.583807615259
7.859721053327822,39.34570940137548,1028.42200685458,35.9639569344655,561.7284479094719
10.179947214035945,68.95749084603398,1016.947906900761,39.8103660481285,538.8012413668338
20.280461630784565,39.93434155996764,1002.281348133195,29.617946195677956,534.375923930915
36.67856304987824,26.825319662375083,1011.3955355772911,32.84248033646546,514.9243408670599
9.256860513770864,53.43580981376938,1008.3732027205148,16.67216030978276,555.3929684526197
6.625360823606037,35.81775387697738,1005.9128113141123,36.52935208445706,564.9596851521784
30.600096442307194,66.68154611128591,994.6253510350783,87.36557136405607,493.8763258040314
20.524161761023308,60.26597982776815,1014.4401249021894,71.9582087256052,516.6474255481447
36.55961938288908,75.79814673878548,1003.5824084043518,88.77413834790549,479.1437824371676
6.717967729233849,68.06435964961548,1019.7363574317387,19.4373112941421,548.9765557144256
26.191187827898535,34.942677516239975,1004.3641771121489,51.00549677579432,522.7658649916029
10.082286699920786,69.0087030165638,1009.4023571910661,30.632938568210353,540.1675406608122
7.113656717413933,60.29553746477128,992.3562168387483,74.90940315005332,543.4010126128902
27.65374719113355,61.79234029683437,1034.6642131457465,97.32140422533014,504.4197360684142
24.153700176440594,70.77445872835818,1012.842467247383,83.3823531145259,506.3890678158261
30.438270876130918,56.56032380539172,991.0906917373878,13.175035007590573,511.67978433081544
13.069040481401112,50.630193289415715,1014.3553796442515,38.49937251798107,544.1207431824963
18.470894598905407,60.01525694473004,1029.1659299687542,12.57217214054712,534.406674806057
16.81339537688632,41.38765859270975,1024.7648460419791,13.615027023788699,551.5241408784741
39.37948909469405,35.042842209790464,1021.5408007858255,17.15637737479725,514.7128191434191
12.397709312836128,58.91233109391855,996.2759094569566,34.86942360735057,541.9948607423074
12.497872295523909,37.86166029970127,1019.5981685544363,37.378249087431804,554.5206751781843
14.827380144315688,29.39533101406337,1024.4834270105516,46.04081619113994,551.5353094176046
23.019169170322538,25.030480152188964,1015.7588578784473,46.443798501966654,535.0984767774596
10.840587026286064,58.457567077003695,1030.173705203416,79.42681106588628,536.7022385400933
36.69630767479168,44.91818309141303,1002.4645401803199,22.72629192210098,506.25798117541325
11.361737029784276,66.37710338704008,1000.8965114882662,24.19665542238319,540.8401296961928
35.936813530847594,45.63470190722063,1029.130638522419,66.39301465050106,500.90005835586527
5.035527482216802,51.73018965310247,1018.1429209346154,61.4567936973247,554.6893956765982
26.60594539358644,47.38967350484617,990.065124923445,23.86042349339012,520.9485511557237
36.37243521909151,60.78161351101404,1005.8909133829974,86.70379841685272,491.7225897462967
7.581228097530952,44.58765391082325,1028.6035193616603,39.61534726910867,556.2664969213845
38.76475144387094,78.00722074682699,991.2293780238784,43.02706136900376,483.511981644251
18.662451056204954,76.48808426291916,990.1461567717679,47.841407275112964,517.0861707692019
37.882889229199954,71.64153464615048,1002.6566680736308,39.04316836650422,489.37266138895075
27.395981701571834,75.61651488150115,1031.1300016654175,60.170954704536385,504.97401445640986
12.76188792506851,49.70268286526651,1030.5664911661506,44.978295084237864,546.5523368622523
8.343798471767151,54.50367182342207,1013.3442875610679,33.34912533507588,550.1271890330005
12.845666802778876,65.81509259070344,1014.895659201283,91.40273809396969,526.5151922602406
4.6276789612443245,63.28802587161976,1004.9403605092735,37.75156661261393,553.3080782067535
6.610850687389861,73.98732275830089,1000.9681497912514,72.86400329219397,536.8436893748024
5.081757173512765,64.39820649911823,1026.6849834395452,41.250409332120654,551.0258863660843
17.494798205920752,79.88365895256533,994.7832687224839,49.16979881897247,520.794325779597
32.02755667404587,44.1678189907375,1011.9309466895386,31.234917106119845,510.2254528872433
6.513958614437268,70.814875823168,1018.5478766773688,77.70966574485287,538.680041325666
6.0824968937211,63.36991525579653,994.6656130666963,76.34829262836278,539.7208132340297
26.0937290311759,63.02625448682602,1013.3823192962556,12.001595122729016,520.8204042382685
8.690136296754584,42.920957716474945,1015.98845795606,15.417463627116264,563.4460805897958
4.806791486250672,68.20809858326623,1023.4123227228314,93.01388092704457,538.1682440976357
7.507094550017528,74.52068122911795,1000.567622211639,89.99441625140656,535.9919786308689
37.02552443919427,37.02016538363096,1003.1997376480841,55.54784735006773,504.4580748863454
33.037378858271445,59.402326041418725,1015.6284515984865,54.402165240250284,502.2774151263916
14.80851793184867,46.56741560065264,1034.2406884491727,83.11817569454134,533.9818849576602
26.57700992576832,79.42514656121824,999.7871932269052,22.46051321963911,507.8422911551036
21.953751273053484,51.335804870742486,1034.3656722205558,68.83292092113632,526.4286779539966
27.407846275819992,37.55760955883185,1022.1454139874517,52.83846950385336,523.9537625665199
27.624174946047614,46.002169387200794,1027.173693133351,76.89979263840605,514.8932023366217
25.520626587339724,60.96111143991444,994.0338570706352,12.70925121807914,520.3401327489222
11.377953372955036,29.184915424226695,1003.5189084343784,63.34529947515447,549.8540569816478
2.521250409749907,58.19810561216807,992.5981325842941,60.105539369400184,550.8339844987886
18.767104497614245,76.21736175483939,1006.7196147751429,85.67634966302668,513.985876825065
35.74798150293745,71.76995332118177,1034.1580346964024,70.9152667799525,490.7659801596576
23.21039308222446,28.722044516189086,994.7372877992852,89.21443225560738,527.551654867643
33.46325062637441,79.63644333064875,1015.306775206704,89.8545989478303,481.8620448506968
39.673349375487895,63.42998080371335,990.2731780266215,46.7347600809746,486.23821098639456
7.381031961392774,33.9254453372713,1022.0707267219829,22.36907203766318,569.9482784375253
27.97932792653731,25.682884904318293,998.8736711567418,66.72552902399693,520.8807179414292
27.29744937430096,34.42054499606832,995.8313041706143,88.63714885676593,517.7697840890389
39.21826244697286,71.09967563771562,1005.1658015472354,16.745800977528468,489.85167055056115
39.438428624159215,26.190162871984008,1024.6969934072542,60.21309457761978,504.6323608648539
27.78046585724105,37.82310169899476,994.7975888840045,20.349957399384152,526.4295454163793
10.500976887305576,66.65180774341815,1000.3427548109413,12.429639257968176,543.0866815424178
32.14367768709336,57.23607947439743,990.3808989727789,71.16718185467502,494.534206763382
5.174136234230486,68.05046406981054,1033.578668821303,71.36646506849475,545.897955985209
31.44727286269352,66.03827771047334,1016.6465519994989,64.05922404967258,500.2971119226931
36.49764884164316,27.78307629169926,1022.3954836373115,87.33005235116174,507.6168121779667
15.930502395968976,74.08812805017834,1019.3122427020206,17.27887958141305,533.9704294424291
25.59477650434014,37.48675088552478,996.4964051491354,19.47342355288834,534.8717770234267
17.775566551776226,55.436584212637,1016.7722972547298,87.80818941815025,527.1234298938002
18.07283714453701,60.435848609027836,995.9137017813568,55.29490478976368,527.2595155588756
13.104464675216683,34.27455159868025,1008.0556404283408,34.574752795441356,554.1025389197275
30.723055197562662,78.6927191185536,1015.6033411166381,76.43412801867586,494.08585395918556
37.510886002493706,51.848577584801994,1015.149650134597,90.49633503439618,485.54577018703367
37.68928351014398,28.170348257856638,995.3583041692233,72.0642957582666,502.2369727355556
7.816470110122419,76.54941246278122,991.5496186340935,81.27393370106041,526.8388605996648
35.115002336606075,57.24473137562975,1025.9205441243216,35.424751617567324,505.0039294599851
29.759826215657764,63.4556258889757,1022.6665096648203,35.98978234694882,508.2876666095987
10.860658626921282,53.88466844638232,993.6818507054132,87.77114923191691,541.3617417571845
3.624099903939068,70.91058751273322,995.7336983460699,65.33765637896937,543.4913133790147
11.45189340849074,26.8223404206266,1030.166269937533,31.07464765063628,562.9898454477944
36.5761212344795,39.760810090243126,1024.61080057298,57.174563391599094,504.5042110434182
25.69396832093512,50.830659602148074,1034.8272133297503,71.72744243250244,516.4950975914296
29.121131775017002,29.213198897254053,1001.429435214226,29.669417312570918,524.6913796475883
11.028941693254739,63.82486681296621,1011.9511344990967,68.94157673869623,533.0819708279469
29.05613806741799,46.65148777306024,1000.640680922806,13.7930364835991,517.3196823831323
2.0967387448390267,39.99673946474792,1018.026006231479,37.33224607037451,571.6545765415957
15.637532485147538,25.185836574462677,995.1936407591093,70.65746305535032,543.7981011712881
25.443380593150916,64.59066714624745,995.7259427734365,23.441415894091143,520.6581489098153
6.6977660561114885,70.8595119880074,993.2349551132305,29.997912757824903,543.3498976966191
33.097139403430454,46.72722946248241,1021.2113737018875,89.11839613225504,504.3116215266316
10.166220653664826,56.0319887368351,1012.2332659844943,70.68889894884475,543.9148739343693
26.438963399919405,37.522764426127914,1017.7979047359584,54.90268392310064,527.0018236890579
16.802688560437858,59.22087054540732,1029.5685470965211,28.980405291470706,537.7750935907972
24.24570022362824,25.667560207336027,1023.3147818139911,40.72686909240323,537.0336524062809
5.190571552527417,51.87541434043172,1010.7775313175011,61.68974484586232,556.011203591687
1.6595991969426858,60.431301501238075,1034.2960194777402,23.97813345142016,563.8481196666987
36.473012667831746,75.50054752763538,1010.5315245513888,53.356967190837004,487.5214776419481
11.515570341920128,45.97346994172564,995.060280295509,46.80769547242201,546.3422314567032
32.96740310843791,67.08546116395664,1034.6694636263721,52.901860728485644,498.2196843143815
39.97466171841581,57.87278664689254,991.0269328506681,19.500473915226948,494.8679080299953
9.245819061957535,75.98566621087943,1014.7447601769488,19.58473783405257,544.4058975371071
11.341658906150869,46.91077216126868,1003.9092969914869,96.76998574716892,535.3049040191311
26.85153171775196,42.55024369301434,1012.6598467957643,98.14309603522918,512.9497269083017
38.65249674942423,73.79280992817792,1015.1420828667535,48.35481921206364,480.9142889564104
36.716759579439014,27.708442077455903,1000.8043153325319,81.00959082857536,501.8358144036995
20.61214528255781,32.50119661135223,1015.0586440081768,69.02122842307692,533.4344674561662
32.00930101854226,29.532243902122445,1024.022750040249,20.522516915655007,526.6295823103887
6.294088270896141,71.37104761170215,1001.99294267598,36.7010791601228,547.5828252413773
39.12008918395648,25.583408285367568,1007.2541759991258,38.22862677800684,510.0374733528334
38.60977612740347,72.39114355233764,1002.0709211923826,63.61969913733015,482.92317495525714
7.385429357287668,49.819728745419674,1026.9251878944692,62.1979041083023,551.72813694542
12.677501867321158,25.22139033696839,1022.6242016644319,93.115782433248,549.018561435948
4.90604490276391,47.0904847466623,1029.2038396748283,81.10326825786466,555.0274252508611
11.596986357029008,35.274046257476954,997.6522451805747,87.11628981426763,542.8123267325448
32.822275787193064,59.34202681096897,993.3110837171888,90.21057522499085,491.82712375119416
15.754308679445119,62.36473344569056,995.3722576736403,82.11490052994823,524.7743776602304
4.4474817187235764,51.81401637227499,997.2458249770906,39.959313495139696,561.444420136124
14.346795466377278,27.228573899181846,1013.9887197303661,29.351167420105003,558.5037568625643
39.273950035409925,61.087084240196106,1033.6910431663243,61.45906042189423,487.58240793618285
25.557660215108914,71.31213309830366,1006.0755937477552,72.06114848079869,502.2843112638161
17.230276909840153,64.61783525295209,1033.1328721212092,44.79111720668492,529.9603850090591
7.49500202639353,70.64768554254252,991.719035774513,86.35047849680592,533.2848041350658
39.4608950940641,36.02802379529881,1031.7092491266596,96.4509933536185,494.93361568892607
33.01311136126202,73.88883668110654,998.1518673287237,61.24561535236168,493.67860542543184
11.977614795585856,42.72063978563796,1031.0613743573706,51.09328559945965,552.5576804026651
3.7326791331263887,25.737264783859505,992.5302343551957,85.85984052482661,562.504931667828
3.2083967377247635,71.38654054809889,1032.6698751372764,12.184259229044798,558.906358113243
5.694747830715819,76.80016979305998,999.0359218943487,21.611135425082324,547.9642269771751
23.649974760962444,61.055700857954186,1003.6221327032922,86.1091893105641,512.1689730496099
37.221773427014206,37.72901467548836,1012.0924054846331,75.88257270831932,501.2739001203848
20.372993692233393,38.84594553553917,1007.1324396555964,47.452302838389336,534.2653303773108
33.87487381579169,50.66260803895907,1020.0387586168417,89.99666719519645,496.4739578113257
18.389578174532506,74.38070937807808,1033.8663495262535,41.63124588808484,522.5475829348794
28.634758284945185,33.22787108811571,1017.2891920862223,67.04608220802257,520.550176005249
29.54303675417353,70.42855182709178,1022.4668434246447,67.09010232933244,501.6831620021791
7.784584530230207,41.02165447878327,993.9602362637565,26.589870335281258,561.0246605517722
15.08742630005666,69.47223931860039,1018.2515593081503,35.63665625476522,535.1078584199697
25.854784104982933,75.61491586808462,1010.4232399670886,92.44062304264772,501.1687492664916
3.757167719190281,48.512162959687615,1029.8602061063832,26.507336841407533,563.9156385726159
15.100067322755308,45.0777859758042,1007.4694994839396,25.621715966286207,546.7131174531377
21.857179184966505,69.1221725434216,1020.5754364822463,53.165392636048665,518.3989752951258
39.85275522874091,54.12155853086667,1000.2669177716585,18.29776314140569,497.42350765488175
19.50680894227519,62.64469766547584,1001.6717640085889,90.5163570085936,513.9726109304183
32.82621352745862,59.25560803286488,1006.9255093915023,19.013422448122398,511.0641377531413
17.85062411759809,33.4088865104638,1003.6828591877926,65.49017291567151,537.2574836466415
32.05923818216864,71.46346981592589,1001.4245477725534,40.58036708007863,494.20288000650726
24.221177263184227,35.76763112772249,992.2350917655364,82.38455969239304,521.3048071707027
35.57722221859353,76.27551792389295,1027.6535849288607,63.08296711907847,487.49627877988405
17.026759541654286,38.78142102821813,992.8935688901078,44.94755269714943,543.9763632061212
24.567872373037677,65.3634535300558,1029.9314482021337,98.54856860903297,507.3589219702985
25.57072854413427,40.65604664214756,995.6459425080627,15.960788961897759,529.4065762642488
17.27793473021846,42.478197472277515,992.9367781678196,62.000767290760905,534.1604329273117
6.628169703811779,42.05010190302679,1015.3352143791313,99.06114803896403,548.3487283960702
4.648816869581086,66.13407397143459,1012.6098806658625,72.18573788917153,549.8231998869155
1.650190473385691,55.624831488316616,1012.1055555974349,76.57926684779737,556.4629113302071
35.06783630556337,73.56238507161234,1015.8526947375628,12.888203012153733,496.2900106409573
10.222521577309088,41.905499556222466,1002.917547275362,11.922684678726617,558.0650492783212
9.248763221988954,63.05958871312094,1019.8327173043325,13.249910078397354,551.1084566626122
29.705380616616555,66.41217298147109,1012.6080998868232,99.25515119586089,492.51887174193627
13.48062841040828,33.3315162166477,1005.0634560130796,98.15677846667663,536.3781897464197
20.735743004061625,47.032414652589615,1027.1925300141327,40.105803318783565,535.0486743676245
7.337931546600795,51.554962189272615,1022.747449334702,36.1883634639246,554.4420483706917
38.4300831370168,44.562806444190585,1007.712465387508,23.136287096605983,507.18597948782406
34.21167460067226,42.7161927783026,1028.1428003352992,39.62262692482825,511.96703284341856
34.68779529563513,62.75309416987031,1031.4116212550298,43.31349374925433,499.7153471180503
16.864176194308204,36.87265187127187,1014.1589820187963,77.34545350831303,532.3214971145352
30.732087334579738,64.01649098881208,999.6728602570614,87.96641976277613,497.4926350757572
6.6111700602014265,76.42743080149017,1031.2106470446145,77.20616077672493,538.1530647052994
1.3361411010794308,56.08586366477631,998.5265829042983,68.18275909860152,554.8717312187437
1.7789443705430967,58.628883020671076,992.1790451887771,78.93100702799181,549.1345789608058
23.877467758777858,28.7912986168249,1004.7369153992909,76.46477312366248,531.0038280590466
18.760401304669692,72.54622969898055,1022.7134855007467,52.81747243573553,519.5375774636861
21.20259860743227,40.6996282959926,1031.5473338859097,40.2266262215222,535.8576215863069
1.2910624762715568,58.82781410407107,1018.6778541066498,35.45026451898396,564.1794032016579
17.484778166639604,78.85116933596413,1032.8327346134997,71.14199135615036,521.0582231022332
29.00465828683357,57.75264303150443,994.1566877674153,96.33737120007027,498.63084869059935
18.26505437673,64.85902181054077,992.7339178314609,62.29492470420671,520.0381641104552
29.556549046176666,49.49257900230636,1017.1886377834649,92.12738522250395,505.13183053246394
10.087739611476557,28.320121393328154,1033.475234512174,11.280643387565277,570.5823441022972
32.7125381747873,68.86796422193837,1012.6224589029625,81.50235820624052,493.9040131939882
23.94881837768464,26.92493626951921,992.3181851672688,86.82423921640716,522.5463111607628
9.219760877766342,63.536180588831975,999.9548395234855,66.78944541493263,538.5038152357207
10.232098558299484,26.26068652323003,1001.0156807887097,94.06548994255566,546.871818605883
25.493188118211943,72.42678801171688,1005.2035708111628,63.09216935931696,507.5692249325675
33.36764413528529,33.669981970813936,991.9621522613795,31.648321227407436,516.8145683529023
17.20948349913705,53.284932249340315,1030.7201715224062,29.414550650337485,537.727199337155
11.073716735976097,57.8432887465731,1013.2003775124673,60.02526400234437,543.5289415928366
34.81345266951342,50.16499740553766,1020.1918856829349,91.58355374465899,496.6257912714834
27.10146337828256,43.7419919141888,993.0227776602754,16.51311511795693,525.7964096653664
18.475334004039983,50.729786289953445,992.4351960511642,64.395146098982,527.3857730683794
20.02810761589277,42.12786646346373,1016.3910497418246,79.28231256838221,528.6520396514978
8.966002249519459,49.09672908944748,1029.9283204726894,20.38618626612122,557.4654611973403
25.445302572528913,44.74021450489168,1013.7816900431797,20.509272164081164,527.6222456960713
14.990957911172657,56.141265292892996,1029.5018627656532,42.95151970026293,541.7637866251662
39.83016189029962,38.08582892347409,1026.4946072874857,34.64930561947452,503.99690856124596
19.727157095213627,79.37611052027069,993.4134203607714,27.848274300432077,517.5219330690074
19.949538641394913,52.547847436019104,999.088086347356,27.88247562502107,531.8906320569132
23.068219709016205,35.67891425779803,1019.5969801119904,21.760212918235226,541.0944317841333
36.753484121631125,51.23867122619998,1009.9575622147519,64.97686117737572,498.48710874135855
32.23190589453026,72.65283212386532,1003.0814916141114,71.93130432256783,490.7883448856755
18.594072722115815,26.199373621841758,1008.8385235221591,73.26426041911401,542.115553408781
29.029271372939043,62.375476550900885,1010.0339840821786,57.911857852474554,506.19684043183895
23.863184452449705,55.13822882366604,1030.974851286972,95.761564269901,511.73547531245833
20.202314899348707,34.32568969035745,994.6556227667229,89.24794998310591,527.136701920038
8.50031513858967,69.96120416177064,1002.5878836063426,96.1868028399652,533.4867662008619
19.093514274740745,45.288654230570316,1014.1904167462221,44.991593031446016,539.5737607856528
10.586924893880411,41.15911158485291,1021.4229116983767,89.00048439595221,545.3458072067425
36.67884384421453,70.54688555212957,1018.378678003166,78.65872294661955,483.67768719197574
14.08086572635753,60.118877540541554,1032.3739231981826,40.597561273061174,539.4630480521439
38.13829656680152,74.40424960211534,1025.8024016168763,19.59339326537974,491.2856145234334
21.789156313693738,59.643603701915964,1015.0684578888494,71.4359124907127,516.9438533172893
25.630230768370254,65.74497118626634,999.6607211253079,22.28070917096923,515.0729337065436
22.174677335083782,71.00452429427871,1010.2893404131008,36.43982263010008,518.1656006700025
6.0458440617013345,28.01067997504653,1021.2022009887514,55.03281187994086,566.4671604972172
15.657027541309697,67.68269273781593,1027.7082978676237,71.18942816336258,526.2126259294608
4.8666983788273335,58.75385650172672,1033.1881300990074,93.36048914775745,546.0670839785535
25.295207723151886,28.82292880833563,1017.2453744762063,63.391604036409696,530.6243615815089
18.42809361281712,52.97178570277933,1013.7113715286995,70.42717897048854,527.1708221544608
31.341413891266537,29.535194289117463,990.7961365404517,37.90124651358802,519.9871905812216
9.598348758975423,65.47709609477724,993.2444581117581,71.8563354785685,534.5844823598654
7.418076278744062,55.05759426438357,997.024724893683,49.401110865706706,552.0274913481985
16.846957007586944,77.44654455767636,992.4641969035333,87.12380645953964,511.7914342562993
37.136829945516865,35.07244543644734,1008.0388457462217,45.32054625113269,508.54985091812466
28.70645078548406,58.33183988862081,1005.1595345312493,52.14448194909012,507.7527703172503
17.33802136692383,36.63701740137702,1018.6809371040777,48.93289812192321,543.2544565877222
21.17361462041811,58.77357416000691,1014.1049298570031,83.00105508766465,518.403454954988
4.284307435906835,64.74573362984711,1016.8186841724537,95.83292773107148,544.5991812450808
39.39845995866841,64.72673811312463,1011.2389741321945,39.45486708849466,489.1837906747699
26.989884883101837,69.82906948754353,1002.4981716849416,52.75251106858691,503.97506229177134
12.130758670073476,71.94526253770742,1032.8771391725916,73.53336400239121,529.2050735952738
23.84652737439453,29.24994494469474,993.8884121892063,90.5843459831258,525.6523334223112
5.269812276690765,43.879693638982225,1032.2500949759387,54.43306271614186,565.0763912618045
38.66763008349576,62.791738619789314,1004.005712108913,19.800415740405455,497.11179142664867
7.8166145274512715,52.42224580651667,1013.0697650415284,43.18042451511894,549.8655836888818
26.273182404153353,35.48717707151353,994.8979045272396,59.53256968961017,524.1492654137949
10.572724039018286,55.39902635916839,993.1918980766955,47.57721453694293,541.1857482684209
28.984893923292894,47.408960902137906,1009.3295451923372,26.79001541092631,518.9993766897899
31.29603332237096,46.45210527098678,1023.3763819370855,13.329054580889574,520.4873768155003
27.26336942754587,69.53645445896152,1002.1214149896847,71.86677994719054,502.707231021409
24.96547894995251,47.41790836076997,1015.3056550020895,99.34634716994283,513.1453639652632
35.80629466412846,26.45499780142333,1002.5392653235268,92.72859705069554,502.82715353197153
4.066441728600564,28.19348363901002,1007.4875877401869,71.49438197747321,567.1534619768867
13.905675865427613,72.09342229303911,1030.790084331322,85.73768276647863,523.7994113657528
10.683211705602993,77.83304455068867,1028.5127831472714,33.01548566204738,540.6109033276118
39.53254452055144,62.862513505063916,1013.2207894537934,66.01909924706018,482.80966242486346
16.186201407008067,45.04025617550441,1000.7147532362435,15.45437938590689,545.7563695099651
29.57189527037555,76.62301736871001,998.693276072986,73.64655345812119,491.14679481818035
27.704281391359178,61.45416975066547,1032.9339308866072,97.28851051218417,501.5727343424594
9.271168261617731,71.43834520596357,999.122246842981,87.47175764960731,528.9845732626161
10.320909528250501,67.12187672203552,1026.3675739910643,58.09967872944736,541.9194570508101
11.97009797856833,45.852662367492584,1006.6036594290991,80.9866197381499,542.6065837823152
17.03396385211579,51.3286210467932,1034.3546931401206,94.95089289533482,529.8683428028545
10.138677560370546,35.23726849024547,1006.5670083163254,29.441582014529384,558.9667020753707
1.7664078271270642,41.06077552424037,1005.8182481209827,81.39326616796403,560.9693676262993
35.296329215480625,67.79691137075869,1018.685863299493,34.286226217196806,500.1124511369282
38.65878342385448,74.16881155357095,1033.2682562982068,88.92526797456998,480.2741666675967
14.32124509423115,64.84532327882765,1033.9294322608396,18.851905512113092,541.4576761613729
14.201768297593441,50.584553316115105,1021.8242765910144,26.039657698285733,549.0923796857511
1.2765806982004686,29.758009791686113,1023.9572864536359,74.85548171246215,571.8768412225942
27.529776844884587,28.132137178414652,1015.3530979187863,25.72997534769241,533.2544875440186
33.19215593419652,45.58790605370696,1024.009908260955,24.22488717127399,514.0982261229365
6.717723714040123,50.51019453222147,1028.6900844736724,59.99201896589848,552.4251201962186
7.226987625318879,58.50163422173133,1011.874288643776,85.14885139381637,541.2259130387741
31.813246748886073,25.356923676284847,1017.8938018273547,34.16206827471662,525.9286423131787
25.03533918581164,79.43475897564684,1014.1792512854871,85.70243644349365,501.1680134494312
2.7495617474809633,45.01663858722236,1015.3111776087904,82.71580568913772,554.6418424928726
25.279332628028985,71.64520650906168,1030.0521559443273,62.119486086340196,505.3627190368791
13.047791190906876,54.423168811597236,1006.0027573592506,68.1906478318543,534.3615580069389
15.380281063362991,32.174169999334055,999.3682811520281,13.639706795071739,552.6219426157173
31.019525313578328,68.86610538939871,1010.5326049623133,43.04220024733419,504.5685165889366
32.626472514231814,64.04048912059318,999.363833571657,33.705543800651725,501.88654317515517
16.613908446753396,54.00898467110754,1012.4280191547908,23.500347465472515,540.1427515806184
37.938964504247835,53.3004200233579,1030.6578647410677,45.06933962412834,499.9473814539314
16.85204600013082,29.811378316301045,1017.7845084217115,41.94137767126896,546.1036616291894
31.101605373974287,61.07169217156308,1028.4944783986384,75.60025103167543,504.13043953835006
19.871213318006102,75.11848356648649,997.478591382698,63.828670642907795,512.3250874820741
36.00376073436128,30.12847055717471,1030.539311664173,92.17900619218175,507.8667082394759
36.402688502356966,39.493129785689774,1017.0804223983203,23.0866824750255,511.5669495448121
4.40925550697227,74.62693853931543,991.4291904933216,15.37737447911734,550.1423083760745
37.523239921098806,40.638915040088634,1018.4903529878267,58.11470087420158,500.1432273786076
33.19585881929621,60.96690196989595,1032.8128630317412,10.092442474970657,511.42137153089595
31.861117858194007,54.41499907187293,993.5625150213913,80.8947048821469,503.128563633096
8.835542247735376,57.798018275212414,1016.2105258711307,55.53755998165085,546.5377319880571
32.39964914143194,47.86838958674892,1031.1965371291371,53.92590184521042,510.62178383981745
34.155176652716435,41.49953088045411,990.4362825750469,42.6246380851757,506.9564099737746
12.276863043711886,27.669339790131794,1018.3910816909621,43.74764525338863,558.3405232418947
38.13814305613062,65.93545166117903,1011.3706031323933,48.80203104255903,490.07550638734875
2.944545709567406,66.03514042068247,1005.6145193391875,11.442910998342716,559.8294482972047
6.846460876638447,61.88991570432977,1018.2391420475419,17.519120849458417,556.0410921734056
21.96566438400906,60.39985834657913,992.3715942564338,55.45432180101133,514.7764780432955
23.455906373770077,38.404442269213945,1023.8878370829331,23.51100386978237,536.0626813421534
26.160853248735233,26.228971357146015,990.2015764613868,80.08863475122983,520.4043534793587
1.661796043303192,69.47934682869919,1003.8121084706559,34.70366566040732,555.7673684193287
38.45430421026308,52.01261946327048,1012.6781386958105,18.810967361439165,500.8331643359177
2.7389356166316157,41.87609718864401,1006.9660012754948,31.168893331310482,567.2830090559061
6.579416156212693,30.606254872931352,1003.8364170842513,42.13884071402093,562.142914482401
1.546566183516222,28.449687499576363,1027.3875815460642,13.178494773539526,585.3257262622748
23.107478898469694,44.18766969873475,1032.0674658422358,22.75079719476961,533.6137972821211
37.358408472917915,69.26053856218172,1029.317070820765,39.14620790297677,491.97858372187056
26.971939477138104,75.52980621336067,1013.50940908725,37.943242642878765,510.5091283569651
33.08364127073666,74.32132505371857,1029.7873878837067,82.03480269038553,490.99647630164145
1.5179669348846232,75.60004591123102,1031.4387704331696,85.89299277813878,541.3636365732573
22.138596640709316,74.92489387211384,1008.4157278671358,27.407673922919496,520.8188374562395
18.922956122715355,53.997361338021776,1002.755063677745,21.154589552156263,538.2803680508433
20.459749824610928,37.06786012062971,994.4219342615994,67.07462358892765,533.7745411402725
3.81631422807233,68.89256205602513,1011.5591364472153,82.41612001258883,544.6934214896833
27.69297908170299,36.754213616891846,1032.58336141973,96.73507875017184,513.4834317165653
20.62559617948674,39.6964002216113,1015.2408387631667,10.611665627186285,542.3290265023012
30.840805144589297,37.82898770024016,1020.0402945803777,47.231030208412406,515.2329897012083
19.9263347284069,53.324032203269326,995.0797718321331,76.05890506849471,520.0347454457432
6.825883812830851,42.700512949299394,996.4583848864015,84.57033689869189,546.873150323231
26.282021209035058,33.47858272939378,1010.9012967881853,15.6057353814788,532.6679921511837
7.723068122101482,49.92453765416353,1032.8069159542677,71.25530675177146,550.4937465786311
35.02338797083778,73.06489813318419,1006.2353088716188,36.004484565907305,492.9582626615493
24.911533323700418,56.38040702224848,1029.486781859289,16.713726339981285,525.5992459135676
7.130951458721215,73.30845832381729,995.412986704157,54.01923235792005,538.665721521778
38.531184241767065,35.772970179352555,1017.7657743120169,24.23380088837314,512.6861458877738
21.216253070077503,34.18356305199047,1017.0275839609733,76.33067662555163,535.4830970235538
3.843039622994545,56.656741913413114,1028.6943637531622,76.71356197295081,551.3794893429908
25.44648327218762,50.48308958504502,990.1492516982206,85.78609884887585,511.4846391225805
10.874757373499598,61.30949529058263,998.5469250238907,43.9811816632977,539.1465893270257
32.3440446232148,68.704473506473,999.8859431443267,11.197881750757926,506.71280349897097
32.89506086908143,66.32190126086971,1032.7484739640831,33.37623445370318,503.27464018703074
39.178946878331814,76.82436455122087,996.9162145321453,52.10305295727492,478.9145144789723
20.572911709955644,46.904102503635634,991.6633057599253,72.46101514744454,528.1940097483971
18.74331830938175,36.35127082364994,1014.0507672633813,44.383652711806725,537.9025993292815
30.385548612412745,55.30019519713372,1013.7851308095156,58.24435564604242,502.47990214145733
6.166355597335136,31.090871610515208,1027.9821134415538,57.18372287101452,566.1862513817896
22.329705037931845,40.88681178323973,1032.698684258001,24.84841144224849,536.9280543555469
22.303656405103187,36.43384303947295,1014.2345448963059,66.07445500720115,528.5530672807603
4.489451789605102,46.81100442383945,1031.8497382088844,49.532655538485805,567.2552452808635
17.301379334769628,31.116911625121844,1022.6321618084924,82.71268314872437,540.4801940811235
34.278107144120874,26.751295950145384,1001.9051607598013,72.15500873160099,510.5662453001587
34.38999125779175,61.12367025465175,1031.7789319924766,20.032226757779917,505.29176517688524
4.8702689318675585,58.563693805939266,1020.0349429281844,53.988256903291166,554.0490876294924
4.538114427165404,63.95974148212637,1008.6343169734185,73.22449226447686,542.6043512760968
11.245123603075477,61.32125421492392,1020.6108938032619,17.831055322660838,546.5608258448526
35.11587643960574,31.286207462831094,1008.0590772484688,81.32473293009683,505.615081876526
6.027200817866459,41.00933847566054,995.1382695594582,29.980406317995946,562.5910986457507
29.079875302470406,32.12396354451938,1022.3540436229605,55.27763159263207,522.489258053475
4.945459164911026,71.36348211267097,1027.0839425476834,94.65051587253726,537.8083010396276
25.30237629616519,66.07970104455379,1022.7962789558725,61.42008113400556,513.252808104735
14.886624665646648,36.08398516050333,1000.3101600490504,48.16490065335527,542.2568117674201
31.767644555668813,43.77200822694414,1033.0485756064925,10.611543465922841,521.5589368097585
10.113927504189181,78.16382457453179,991.136455276102,22.00722604966703,536.3893573982284
25.928871346208435,57.678764683380834,1004.9708383819038,62.07974965881888,514.5934693416464
10.191618848459512,69.06355785156364,1001.7041595540703,54.44425365883644,535.4871061819721
28.832751041374,39.5525069122801,992.1656802426683,42.74462580821482,519.8677646455652
35.0734433478692,36.55291060986178,1008.2578361844901,93.08942968547056,501.46533794257823
5.945270165943642,68.11543108656016,1018.0401678073249,39.92342836833467,545.3898925808726
34.79723185522464,62.72298503772921,1029.7148788568295,58.34356807996959,497.17496964160085
24.14943492215762,62.453786106647,1034.5360372286161,61.18420685717171,513.0354147946705
5.957309143813935,55.39490200060567,1026.3640313881979,57.47215510575304,553.4239350954097
17.674132359028768,55.99680885271019,1011.0906233420772,52.98268523860894,529.2400395459247
7.273551445918818,65.46336279184396,1022.5666991685164,40.33573624107173,550.7387878237603
28.31356766579621,39.85013646166574,1027.9630704865338,91.78872697356576,513.1875354249182
30.595857242300035,44.40226562213257,1010.9388238388407,50.572293558323025,512.1656352206046
5.126064290639159,72.94002237860303,1025.3274495311475,57.560398061146806,547.7234561608232
20.73945425509113,41.98758605566867,1011.7193588240794,69.0830185447218,527.2867411570485
32.77037718501077,55.047026425861446,1007.3923195894525,16.08904381883812,512.8006211719228
37.510358620488866,63.64517052036763,1013.6740877002693,80.31593273169207,486.898048794661
21.02719680292903,79.9958654758247,1020.4134631932216,56.125657907743204,512.2384645093897
38.06088972084488,48.94102323224325,1022.7096925343369,69.14592422604701,492.7897156835547
21.891869847785163,48.54510821437191,1006.0531321001448,79.48108588723223,523.5145012830034
16.373429289396412,71.34236086885171,1015.7094113200216,88.66894516877932,519.6947270576255
34.07992201356292,69.30267111929248,1030.9441893336202,45.299837525763785,496.4953602026294
20.226325707865474,65.20917349540017,1033.9340805049787,83.02869034140295,518.2649083295486
19.4041979120164,50.47763005749659,1000.2261641032779,33.295320600931156,535.2095048172287
20.122187086983303,42.816651608839365,998.6774024571004,69.43020858616296,528.5774735558816
34.02461507292007,58.480176542166674,1020.4508535042892,19.243657061167546,508.18875620116216
33.445720125834036,73.19228112224025,1008.660774862055,11.802742068166769,503.7710997725588
16.737279705168234,73.60776020147226,991.0900052288162,18.618681350137575,531.5288062314215
13.998694534950475,30.96740897887411,1005.6087841791278,38.74442379062282,551.8914406575167
20.185192937526043,48.55926560972328,1026.3035134562513,12.798515244219786,536.7827824737159
23.33812787974725,50.55970759093122,1025.8842118672433,66.74421449685363,519.3459416811909
10.29515121449188,78.76884521380643,1012.2608316967462,38.48900845440383,534.2306010601254
31.964248303908033,62.289890838342146,1011.2660070699391,76.27384609428682,495.321456069093
19.972827863564493,47.39855294941388,1016.0778349095469,14.132362264264508,535.7660066167774
14.027776388378424,26.433183729207613,999.872851975361,29.503140989274836,559.3157176422592
5.166018725595634,56.09618380545578,1013.671963120093,46.72030827967287,555.7324075718274
10.31496125574067,30.28417866010959,990.4970862025492,44.43864060646417,555.4053657149042
38.02196569848336,70.89474765412697,1011.400179965241,21.789880555270642,492.8300961163525
12.898887785961538,66.38852633136992,1005.1222970812767,99.47231322234913,520.6327077082352
7.585512285314377,50.328003794949836,1020.3691322656647,35.59956227504523,558.413720556334
18.966238874544736,48.606592874793485,1018.7259112868683,74.89288761863168,524.5522664102957
12.9764219910497,74.35364310628228,1007.1376146082264,29.802402749054636,535.2389553372698
2.371210760576572,40.86520927299706,990.3272841665366,89.00660896534755,552.8537783085512
13.602663473897273,38.69609791587239,1001.3523133227732,44.89824791347232,546.494722348393
22.220236333639274,76.65585880541691,1018.5006532585123,91.08122400901941,507.79484346533
22.51678250877871,69.50852102144154,993.2568004357877,40.7651427670574,512.6202782803613
14.905797925898659,70.1344076186957,994.8439089825059,10.777943934722211,535.1337442349034
18.444807493851425,35.735659785175905,1019.1165761055189,56.531838797061525,540.7923478210733
38.65519881115589,32.88127952870139,1024.0095330427182,57.23091425359868,505.86311182980955
15.716590611982154,26.43162523994242,1004.4697368605721,20.7850764509772,554.9246546738793
11.070845717139337,38.0372829905274,1012.0352879482452,31.146721607736318,557.0195477118392
10.495214718603645,67.58047704428786,1032.5570114242646,80.51460318832144,533.249507577923
18.85281989546123,38.20211303202824,1032.5494602979186,13.30802421657933,551.4228005692976
30.62128579996082,65.1006805977182,1003.8376248508544,54.057401801801255,498.682391680153
9.033539183350454,38.854954595208184,1026.4494543757692,57.73673110722065,557.7338928771554
28.662548958489953,46.74108738728694,1016.7274823763087,71.98408546085116,512.6917884001024
1.8248431106272351,79.07392594512746,1033.896802200767,13.371064066012167,559.1280052979102
17.338386141373896,38.46464522062746,1011.4926106369993,62.70816943814175,539.7553015464523
31.258737542908687,45.70038450140472,1024.8618090607004,10.278823292036488,522.4257536266512
14.210585275202824,41.55979492558675,1024.5661708326693,33.866053056027155,547.7024119927852
22.98574695637058,31.029374248150127,1012.3844790434885,54.971582978483305,532.7825602841325
8.99419008021052,51.94417781719537,1025.803355143379,92.01532036830554,539.1124610535825
29.93782025392072,45.82798648331513,1001.7468149988149,21.393083440498188,518.4970036610441
3.038885027481625,63.218789719400405,995.5013866330603,25.236021610294756,558.0685844216968
34.24916315014451,69.96770008233504,1009.1323685094892,70.2325057945445,491.44864853132583
8.729659070445058,54.933734297260116,1032.4633795485113,43.7375524440159,552.1014426806053
35.1015232366249,26.77080321480353,1012.5335073691137,66.10792617305846,507.9534425861128
14.748640410720176,59.040729592909685,1018.5866612391117,99.77087504208404,524.7122257149019
29.184659404504977,28.046490151151655,1018.0873105158544,98.81844952139687,514.1649101648862
13.44978661366135,58.89959779794637,995.9657790271289,41.83422215449792,534.949982801763
36.33055517815126,62.67664720980537,1007.5633597069744,55.353281844234935,491.280489874068
5.9388478952166,35.877219518963514,1021.8122537814844,91.4221142766454,555.2708249126867
7.962271781631349,70.0640381796974,1033.7395544361327,18.29508961677018,553.1784062650311
20.22817488119329,75.10968223657267,997.5607982233662,50.70735134531623,513.7429249904212
4.195599122487699,69.71978302626007,1008.4698850652602,43.981961348481306,547.3808974332104
8.643227203368715,41.78100546166452,994.2792209911228,36.53944953948975,554.4727756070292
37.80688890626856,57.265365684509895,1000.9069406842165,99.47837907301134,484.1848681544533
39.0830967847676,75.31483320551752,1006.9541704496768,76.019436457514,479.93195471884155
15.674113843886456,42.636559942256746,1014.3289461578557,44.98722931536298,542.7307460472091
37.00815481954349,70.10153022459838,1000.3755097007587,84.61197024988772,478.55795564071684
22.248162351263836,25.52113221939331,1000.2403197530408,54.069949064085115,533.9366181639555
11.519956169076915,25.200568653157195,1025.0023490613091,88.55419711310728,551.8297528299123
28.393550122143346,66.78414131864321,1033.3188748326097,33.97418610675206,514.027098172083
26.697170456419432,66.87961701699166,1004.5625835488155,30.124020464835887,516.5682227815461
39.5758874452406,68.39374533187615,1020.9596408386057,32.25580131227028,487.8465320842299
11.336844208962049,76.15147608384893,1001.6136207611064,58.46325185125472,530.2662028503722
27.21032060380768,31.484847150115634,1031.7578514734535,36.21820520396212,529.1514533701509
3.0289264461484287,37.75917417410286,1020.2806062074429,23.24077157317457,571.2509982648215
5.432195509172057,74.70487062055942,1026.1204584586906,99.51651266551589,533.6117326214268
1.152816623092637,34.74799087747944,992.2209319439625,91.03899046972691,560.8967074105954
39.978966561327255,62.52260971671212,1016.9327685708281,67.15111937437717,483.2750501415173
32.28867418875163,54.17546500224485,1013.7425549111272,90.23885865315513,503.0768298334732
31.68219757460809,29.5756522268329,1003.1848608110189,94.1916463757037,508.7450234916788
20.879316936239007,40.68950140678431,1001.8093493275793,70.8497462679252,530.0590207122696
12.702616233312158,53.620471904253236,1016.1011161042636,56.681180082217736,539.2798750726248
6.899307094044361,71.87925641761088,1021.7918535753251,89.38016129932095,540.4112531793194
12.102314815012083,63.91461692880705,991.4927740665835,61.101729722161856,533.8655862936383
15.662877655236425,59.20357388002132,1015.5330711865666,21.412048856848656,541.1497940869068
30.49609378223147,52.281808946777815,997.6706788025983,43.01704004117552,508.9476315714073
22.046809767222943,41.42761910977738,996.3163229123745,50.13288565618394,531.1598692343154
4.0218614356638245,31.558470122559363,1018.0403769642608,94.1832114522036,560.6185878121466
1.7031313493975775,47.49918190113526,1003.9891552747863,69.32669250752402,558.9603945547402
4.990955001828462,26.56851716512109,1009.8396104910689,88.77498065163017,558.8012044600698
17.009449834197795,36.60807390967678,1006.1999464247898,78.18325307559427,535.5872103490266
37.39452376491171,48.786585672996296,1019.1751344068635,37.88747978704147,501.9902949126939
25.858696767159643,48.023285211955326,1011.1553894729911,74.68380937577649,517.3595368384516
32.27121009514509,27.436248704834583,1033.3556397917077,27.576976233148716,525.5493684776673
19.188609185677393,57.39830844389102,1005.8572241597909,46.73312305457209,524.1573596423308
15.104977244606669,55.23263407192799,1023.3127953118276,82.54826714403389,532.3087101231263
5.227614535948287,29.295736721150206,1001.578165541237,65.07362457237055,565.6718502782442
35.16138786526199,76.87396788532416,1012.8938891681767,84.28712553573534,479.37234673948
31.54324113208821,30.46605284229731,1014.865638835588,32.923322411504614,526.5005001691425
7.556605806311279,72.01587831805348,1004.809917647823,77.47739491845654,538.1689867770107
20.97816199117416,25.017035255325325,1011.2301238010683,28.209192529765286,543.9502033321116
20.00761750892855,73.52546022749607,1002.5675387054322,59.07737551582065,513.4305179239244
25.378570554774615,26.08458527123719,990.2700351753292,49.01811350089882,532.6056160969907
37.90128886565919,66.67966175406639,999.7041735737046,60.08282719937263,483.6524027232001
23.611086228736706,44.89299462151391,1021.5028877621941,22.198008162544525,531.4275534647927
22.068473404366124,65.60192400749759,1024.6933361018419,42.51050879617105,518.8127582363296
2.9625943844518936,47.095986298373816,1002.6091290212514,70.02134477795563,557.3877965242955
3.453391564702933,28.899935728251297,1008.3619349468132,60.26777146729246,571.0469368073761
8.306524861744766,67.21286824674502,991.6814547062374,59.407278302063766,539.4783446044007
2.266360095978183,28.918897692675074,1000.6678305493956,55.974710091812895,572.3690930149244
29.990762927230485,75.71662397786699,1025.0648677517534,94.94964190349906,490.97126818545775
29.209881855764564,27.803571968541377,1017.2693821619275,94.11127281457608,516.6197159873544
6.306193142834075,51.36289027743335,999.2596734879467,42.41304755184648,551.9578895133083
33.607077131015956,64.76689369679376,1001.5848897805095,41.67055104257843,498.754421228233
7.036655358998367,46.628555563562074,1026.7560910345303,59.9408610915755,553.2152392378468
12.745847892896993,36.94784110258391,999.4087891325205,18.604565572528703,554.4829784434872
10.710099067293235,66.75000287678148,1005.0370976631209,37.27060306907643,539.9383852477423
15.519976844348863,68.13620876337995,1019.896141124459,30.778080922105545,533.2010554704789
10.931886869708514,75.7482241174902,1015.2500573568635,30.105070150278564,542.1675972812706
20.06908613109963,45.689081073709275,1010.7391592355217,67.46549733057411,532.1470101900272
16.888907372832733,52.84384539735298,1030.4883490940886,44.59153009097344,540.1408576845223
39.47621014039373,44.97206435653396,999.8869708221773,25.40479372824756,504.95464584058703
3.181127655000801,39.13950020182525,1023.363895088835,89.88146604889836,561.9029217177455
6.5450736791067134,66.30681288456847,997.1578728278182,88.67338191440147,537.0018171670049
3.0602098624354968,43.68085147593255,1017.7080225066966,87.62166311790116,556.6478469266609
25.407806604312654,48.548219309579366,1029.1780603535092,45.16704480320135,524.3470360331993
3.125861819135064,47.202051169321535,1010.6055803465163,15.128420815940714,568.3859271749288
33.62114975766881,64.19636741057101,1022.5932528236098,19.606781610499244,503.64162492830684
20.965606596595183,75.47875943608739,1026.9177008849545,34.84432717941693,520.8386435717912
21.553297358679814,61.671583371905754,996.1211891194921,29.797300369778917,520.88868973931
22.902185800775573,50.9370427851828,1021.762210287695,88.65870581339519,518.0273073130159
7.661734545942219,67.8562813106386,1031.3928460794905,98.77223623503335,533.6760287527749
8.709921821465013,60.25342282671757,1015.9366774434995,83.50062960986222,538.9268933896402
13.433875592047183,28.33356964147974,998.375501003794,75.68640124742696,546.7349158495475
24.146360217052205,30.26149725303629,995.7124139215024,62.97617259345828,527.6761029134409
9.194593261668366,27.085431924049832,1001.6880898710036,79.29174692618855,550.9364540430934
5.536937358197188,50.12489794134759,994.6580971057507,95.23299809731517,543.0142362087843
38.834558570318855,70.42193888864307,1013.1027332213272,64.1210202916373,484.2893816362699
1.8572907775752936,42.21957431432436,993.1367107218031,23.915191961785048,568.9628377353318
32.30519880810485,46.12881007008649,1000.0532081086302,24.74724855418477,514.963807715963
31.733370833425862,75.02124096023398,1009.7959699760496,62.54765228157276,493.85878114427
12.591350439958743,71.02968949241603,1011.326163768091,40.012168580632704,534.5552433403278
6.289438024285223,61.5776461810408,1015.4429318316134,91.92226377204724,541.7453160707611
6.679517221511513,39.67420801507382,1021.7526733237827,65.04781004523751,555.9556761732836
28.199833072250506,31.437281547864394,992.1252887849461,70.88433520810243,519.3581113690371
26.06945705236077,25.883235247406255,993.6279428479103,10.523863909081232,536.5523670200615
31.527081295804084,30.885586993243148,992.7386618312152,54.896369685636074,521.1756235350042
37.56176572356508,41.09280439931685,1009.041764195921,48.80482492500205,500.717759698244
27.985167167397087,55.34845349687227,991.8831575197321,73.52846710907797,505.7205974202787
7.078209925506295,28.52000455138128,1023.5736570074097,44.43747943000291,565.8352756792333
10.494262053851017,32.4925278075147,1000.0350081467315,97.89175286984461,542.5854835178933
33.84555550405147,34.95943862693676,1032.2645621980482,70.31828634007616,512.2127049092256
9.162936957534134,59.75901511408184,1011.88816897937,69.39264998283305,540.0800446586069
3.828370361224775,58.868438943906845,1010.084658859899,92.74070302821843,541.375482714838
28.427922107647767,55.29211495046841,1025.1242411687774,99.56843505085111,505.172676980798
16.69852786411554,38.77757835827668,1022.0919292751846,27.803862033590192,545.9299436235485
36.88156204929024,45.41158301703026,1017.3289068426665,82.94798288932552,495.8408880633245
26.3599477726528,30.317934398575865,1032.0816017812667,24.608754578982474,537.033181231979
4.526340133874769,37.45533320669302,1009.0016667444185,51.13391077487889,563.0688925051007
37.96640612289277,74.37378745599193,1026.383925409753,19.016686389922313,492.5628372349747
11.08373328196959,78.88304605397056,1007.1041825585619,66.10338806204484,533.026901677561
14.151287125845144,60.621277210216206,1027.7255553433247,52.166634706456755,532.2487816651419
16.68815613365814,75.4252810612881,1001.6763583034685,66.58290534931436,516.5278022159964
2.997747559768217,60.35080452207838,1003.0170182776214,71.01646773538717,548.3429385422118
20.36410146699359,26.825806735800843,1020.5041290307854,65.74890250281143,542.4103918758453
5.809421151936398,79.8219421742525,999.5720982728309,36.462621034663584,541.0075298476545
16.63784274084572,30.44237659275942,1000.3119384161442,85.3263241519302,538.2770415310177
14.677681731691287,62.54529907947834,1003.7368093057837,59.65175794376117,529.802696279198
31.14076325363363,38.90599116911345,1020.5517946347169,54.08660558951228,516.9378895891338
32.323649953676515,46.55896120988281,1030.0224641590455,98.8357423811387,501.7476203226947
6.983102413174432,60.5263801640516,1020.3555443007144,35.515711603582915,552.6058360760143
15.295496307789822,49.00680421192389,1027.2516409954856,57.52272744056558,541.7598158940582
15.560773280241436,38.78003324121205,1014.4602265362512,71.40921207471922,540.6453110073385
6.905007313507317,43.39454027830786,993.1015449605316,21.27033396399102,559.4596696448752
32.13968669699643,43.7851464307747,994.5209795178826,41.88157517318818,511.95590774534685
28.581904805081507,77.76281474795175,1014.9476390265112,82.15198443975936,499.5728364882724
8.424889665584354,68.92371587578981,1004.751043588895,31.308241113984703,545.7167377381534
15.302154435158164,50.22018243136701,999.9255633136625,54.3961328413246,536.7631798740912
5.126395969404054,35.990150618775026,1010.981561728618,66.75675453846739,557.7831113053321
25.500057286628714,69.60588606444608,1019.9923533406936,70.40461179768401,508.6641038877077
5.733505057396167,33.645035938460545,1007.3246376481136,75.54793978430433,560.2245024957705
39.45143257637179,36.57542194281019,1026.1144015720804,87.93795853386499,496.3490051351353
31.446600912826632,45.130736551208315,1023.2335460957128,45.35734987302739,514.3108229544613
16.219303433775806,73.41915077185945,1023.0711696971805,73.59687333674705,527.3485000979904
23.563993358894823,32.248266774876065,1034.3335360354824,75.89571829932264,531.4257440084839
36.542330832439944,31.722880606998935,1003.2853489817236,37.02467171142912,513.7660212776811
22.60987193543722,52.16862435678963,1019.0126513853403,97.13421551904771,515.8261046813863
7.805440969520252,40.202579760152105,1028.4965253072141,87.86972561698558,550.8614349460356
15.769430867665212,56.28003679064879,1016.078599526126,36.087519582960766,539.1295602343031
33.88264973616007,49.84001765757729,1025.5275979251926,70.75618090182888,502.22765953387085
26.124307623595097,48.92275084931693,1008.6503483627961,74.60205710133646,514.3586262995266
26.378250989018213,31.15851337678463,1016.5721105544662,48.83352726478414,529.7568084976134
34.80603794185108,32.757732963741205,992.5049876761948,87.73689573468698,501.64776515224486
35.864949241037685,70.15932175957676,1034.3595422621165,72.12064181581357,489.816074779512
36.87191029939802,73.72355056644594,1026.0008316651788,69.23392166374464,485.68225330468164
4.699118536873089,37.907594308688765,1029.0964082234152,29.875633505624638,571.4563548754086
22.220914076560934,31.240327583862296,1021.2432425164326,46.705808021462424,535.9427248413059
29.879871327514426,27.937916956398084,998.3722514763915,49.05302402191149,518.274029664977
30.52014695995354,58.45636875580433,991.3962799088115,76.02949869211186,499.1480095063549
24.661931876830153,64.34442668751132,1028.9095473481207,65.65550907317973,513.9907342435757
7.504706072163293,45.5045494061763,1007.8348794181255,17.727453156364035,562.905466591878
32.099401603724914,62.38217271198518,1001.8739194217964,37.6928156698516,502.2931335599683
29.08434200708288,64.21273485577393,1015.2752831477525,52.5742754015391,507.63868991311705
4.359295090412415,76.4438254768298,1008.9404335114074,76.30596512712937,541.8345151557936
19.088583162300672,28.5680500809309,1019.3249698059401,76.92122170717067,539.4072792327642
7.785118581350339,35.576044777709384,1011.7706954874532,54.14889777144731,556.964783952279
14.161604782805902,28.76892931783435,1021.3754913198122,20.523914403460985,556.7909602336465
1.705162596021732,72.73966633348607,1028.4040471279113,36.361306303555516,556.9990245118472
16.61286486801957,68.59229380184627,998.8000654930105,32.92231440223623,532.3469206297456
22.445199925092208,56.605313884201145,1004.8244796254469,80.2923769277417,515.7482860884945
25.163721120256387,29.601487552815072,1009.6567013956787,26.19876826050882,535.2998192559379
26.87612346001969,40.03217972595458,1033.2926301612438,51.8429100155673,521.8283339917723
33.615361210995935,41.37459164321843,1006.4400126096368,70.3646923162951,504.6475430366544
9.403053383753472,55.84087578084794,1007.1494932316683,96.83075376550333,535.0723882810504
5.6987910751002495,39.192414172019355,1019.4062635331802,99.9316522201996,552.1546636364537
34.2099497040191,29.012792515212517,1008.8639869450477,95.76299291998951,502.62384639979587
7.107899780813345,65.19192660193147,1032.8050685537823,74.64181107281816,542.3047808255974
39.015643172111616,41.44941164104762,1030.251094221395,77.17967497198825,494.6184422058947
33.85899094654684,49.88057973628153,1013.1033949999053,78.32890878481156,501.6385427827808
20.534187629694365,32.021664924026794,1019.0148855276533,87.6344388891661,529.6838858637159
39.27543557195899,69.14015668670189,992.611375284763,95.66069165669872,473.71843834896
4.797692435212165,56.10425323082317,1021.3078737614579,50.11355300682948,555.9843568278956
12.819564685828965,74.58720944154246,1021.8240392827065,47.48597902379142,531.4089558132412
25.890752186583846,52.25093596859334,1006.1639683039443,51.441801614076766,522.3181198324041
14.650267870453971,76.7784119499834,999.8857297631373,69.38354543109347,523.2132060628451
37.20652952725088,74.05275124097292,1031.1785280817658,79.79008566499881,483.1961200622672
3.559417438934885,56.70529210525787,1009.2017205362307,88.34899518111962,549.2269783455814
22.427061450377618,76.36413909824248,1019.4167747160769,51.058967885434505,508.4682573594486
24.043784428409467,42.769881101200376,991.4997957739315,42.70353635621165,528.4089701318346
26.45639682731174,45.110318948731624,1008.6330224959577,98.50173532320038,512.0100747609631
10.970982709940763,27.50128732183203,1026.7766464956246,30.869885890650362,562.8589592867683
15.218090673274714,57.40604987201192,1007.4409200180322,29.980435172722956,539.784116184867
33.903540656934126,64.70581834609133,1017.1422522061595,74.3866709343846,494.83330716589757
8.602767989836234,67.54355546331567,999.4435110218043,26.16915660423781,544.6210146332974
33.24784603976112,33.239895732535686,1008.7436541977802,45.94680997715102,515.9792567688334
22.943561493206953,49.42874897718752,1031.7436973123934,36.314814008282674,531.99607083619
30.725312936569203,34.72747666516536,1015.4903287365466,25.183941108125374,524.7527385200267
28.830687284275392,61.41700418698369,1030.5869156591818,62.17365151881042,507.5150100824939
9.092948320010281,33.68705048319725,1030.5908684770295,43.616034167916595,561.7183493198183
23.18369672092104,74.72900261758411,1032.4866510191016,51.60107555636014,516.5977727114335
34.8412029593986,37.684905511377735,1030.2926247036048,27.62767043429644,517.5150621829258
17.852533235275246,41.02712464585346,990.1476508054635,79.1080122404581,528.2189061774884
38.69704003870935,71.79984771830499,1032.0306701211719,38.32408751056712,491.15702120959924
18.636388903967003,50.215718558014814,996.185674758842,40.84463611242089,533.7045967576356
6.568639830047503,26.319777019004015,991.7966813000018,32.69385658901014,569.9856836560339
16.187952523029256,52.20224381614552,992.4924840560124,49.096321490713045,534.2561866837929
38.11639384923095,29.649883445906767,1005.7012287829396,51.72189645148048,506.0526123536314
13.469113124254315,79.1939595278021,1017.9361838370958,57.67002246965636,523.6819008733056
34.85582823481545,57.34613637505813,1008.1040038433549,97.08114537837457,488.59142348448114
35.3687765855937,39.109293968603815,991.1499428092221,91.42226272411331,500.02798803723357
14.657274448946481,56.00447237511898,1011.4417185378621,64.84533678883483,534.1856872737544
4.2470486639746525,29.227690685996517,1009.8958834021671,13.501312098678774,575.8312173554743
29.257758457193912,68.99402173478494,1024.058216947574,65.10343067890611,504.8154070338198
13.148979661545455,75.893042962529,1002.5825804291447,18.070174608770465,537.2087431838061
31.534020956045325,73.09444135133877,999.7889028207466,73.93098146668726,490.41274448493016
18.263539082156893,43.796668126420954,1001.5172530954482,45.10698819228375,538.7596159272479
19.92540295136224,42.91724658038527,1003.6682920183432,85.39268424116668,522.6467816895981
31.338466863192934,26.9298186168965,1016.9624193015225,94.82763207386175,513.7756557369852
15.912169911403488,60.82701972855042,1011.2186468453436,47.53993073190481,533.2410796281396
18.281966467593666,54.419763130438724,1005.1602554330576,51.44997659263716,532.4081728431672
15.671428282015263,50.26405042300377,1006.8441371227656,63.11328229115652,535.4831844874069
15.326280095813917,74.91970243340889,1006.6915647071539,27.741944967224548,529.584491690495
21.511916499156918,34.23333955955655,1033.7583012619643,93.45995567455252,528.5145940309251
32.54317833554488,25.531644667960027,1000.4848644623829,48.96999338512354,524.2974424047394
15.108964164980069,29.032404866642096,1026.8127702122517,25.013830232440657,556.1314539404151
21.44593410097173,37.28542908050529,1021.8694876914684,78.64586500769956,530.4065312295003
27.158365692261434,26.830705209490134,990.2506502521597,29.723623519958668,526.7376059504776
11.508138405842546,52.65640408537245,1034.692929815647,22.917634756466946,550.1882010607592
11.82338939119331,42.274975037846794,1024.0397716785108,60.658486794460636,548.8902274751499
37.40311195391474,34.92656544374729,1020.7102313857856,70.43457297624317,499.9661792573669
29.217848359912455,66.25462412217641,1008.2396118454487,61.260646659842465,503.95119041098025
23.510280372709047,36.244822942789156,1014.984139001143,69.08595840526269,525.7900553679555
26.261082122403867,62.81828055465863,1001.3971903050361,20.397161107697002,515.313496091397
2.1426782810333163,44.209569821620136,991.5967532315564,52.841623409569664,561.1720723173152
25.106015656906177,53.1505268364405,1027.6209746300688,42.13167796796871,525.6247479850505
20.870846055743876,76.36268719182259,1030.3418022156527,97.60317546161096,508.4315144759733
22.28423751139799,27.054339914869704,997.3111786476408,14.466154076152069,541.3782168160807
15.017529246401866,52.51454791126041,1025.417524313058,36.846478275393075,543.4343098816898
4.1774820108047335,71.993262818019,1023.3518702978546,94.76759746825498,541.5250451958601
8.540230110870034,57.33858366036917,998.026875087124,98.51465648658966,535.2954339800385
38.0790438152942,40.22787843308362,1008.9822961158657,84.24114469544202,497.3121298386174
16.939282928566424,46.87246243297689,1009.0241064375347,16.839841961476836,545.6210010347465
19.200643077403704,62.4146095800716,1024.1983916237361,60.521952550918634,526.2496502575208
3.055681804284121,73.99465418725916,1027.6947407599225,46.01106934034204,549.7222018001048
2.465082952215243,27.25865055606364,994.2648804626117,82.58073109258615,562.4857634501731
28.97007643482355,28.934635203970704,1015.3336155706892,14.952181201419997,528.5437354837152
21.98569190072334,42.87783379852732,1024.2786823617998,27.74158764802319,534.5553591077145
20.8395333844344,37.80288264406134,1025.378576732932,54.02755596003665,534.584123150534
10.481856686484079,39.57119874223233,996.6597085993684,24.188289665304424,555.6024993478532
30.045278533566968,37.16984992442345,1013.6477314417857,72.34436284248685,514.1350672115458
7.561226585231183,35.77037768703367,1028.5901417863217,83.86904990258185,558.055784599603
8.40745500277978,32.18431817781105,1004.3333359463378,73.4067904264879,553.847243068964
18.967774682582743,76.36747724873808,1009.1302604510308,49.62553422759841,518.564637913386
12.164914622365695,32.93042051483842,1026.1961330101349,89.05488996273816,542.8113950528893
10.651056268092708,36.242207612104494,994.0193784532693,22.391751854794755,562.0865253148249
26.164268137579935,38.54461481894322,1028.677198045004,33.4304725509108,527.1818204358125
26.387898063523235,76.31581802217312,1004.0020522528864,54.058571672707295,502.5186559563401
33.15616572219724,66.56427734805966,990.0652642466007,15.520473899132678,504.330638764589
17.29063411194606,68.43346866735331,1000.5371615275361,18.611720340989255,531.4838812258128
3.8503185500198596,30.761704274617394,994.0275288402978,45.76990345501349,571.2237192062806
11.67298901193685,70.99704312586195,994.157320814831,94.94976670610987,525.3559042672988
39.22021306467586,47.45061949995799,1021.1776080364166,91.75723239493003,489.28205295578437
24.25408443407538,39.45526644168138,999.628935103758,51.937737245057,528.2785285968768
28.67974630723979,56.66625459361708,1032.0634063339642,22.794269005965706,521.0134320740999
1.286955355391167,70.22005981992037,1013.2400045966086,26.029689036259203,557.3711955799804
21.210023555118312,67.82586830912001,1010.7044216079713,43.979144914821454,522.1096953963884
2.4636176437403217,73.94986154196226,1009.5427583199069,28.906677557810323,553.3189754653181
23.199978271566472,76.04727023084942,1021.1664437852235,17.467803495134007,518.6325318600801
36.910063135806936,38.09671392852623,1010.3518243135624,70.63997351679974,501.70658368533844
38.76834608951591,48.31218417930994,995.7870160301336,62.33037740134254,492.4119493272798
22.081554340168044,25.80456965627885,1029.6077481288341,36.216708218027655,542.199168233184
18.869987404836422,73.3626912595783,1009.2777907016547,80.10535442970738,516.2288269222266
37.85566667569127,33.501468331112214,993.3302059064777,79.8353998935251,495.4171286194422
27.27078344787111,72.38111467884818,1013.8214694373993,54.19017731914856,503.14289004339975
3.531071901997969,43.1163027092628,1019.1306086305067,18.68792999607045,571.6108620518299
19.163297529032405,45.2473474489626,1002.4012108870992,92.66224600912219,524.4442636918276
10.369555720107853,27.152273996612266,1026.0153183453228,70.17944711868742,558.3073304203401
19.32236853649858,42.97833343709257,1020.1399130716813,32.23457372367558,540.0135110344363
18.763157308248108,73.86000255406952,1019.2653526168995,64.94090923308039,515.5672596651053
23.70364730977494,26.405107061688227,1008.9371228790508,46.451934624486725,535.8598755131238
14.914049123620797,47.348011017569895,1033.286188563508,67.18146757623622,540.4421270119796
7.406547528781195,26.72697963970076,1002.3385125577162,52.64838061579187,563.4769790780233
20.645057949008294,45.40078838099858,1015.9967475456954,53.69249352157601,530.0631292042851
33.37791248948472,34.49523524291602,1003.9074820862678,76.22938827166234,507.2691298115234
26.89647689463649,38.872011629760465,1023.51621388372,65.23531714575782,520.334723422473
14.196346771083418,73.26791052387804,992.1506167741554,17.19574221198031,530.9381396219279
37.48539788759543,48.982707134204006,992.0652240543773,15.883621340167329,501.139249242935
36.57609527871811,40.05888952710517,1026.4887436283457,37.450831374705274,510.07233373483706
9.164587575979851,57.41361078728013,1009.5420672478652,48.72213968848717,544.2637990256275
2.537285819694156,32.81588279079203,1005.353102457016,34.770030326135746,573.757445164533
29.911039625679727,39.26653840814707,1017.3387087978903,68.63138722629262,513.3443179293303
33.276800192616975,55.04363821815887,1021.5854704741038,27.559713855305972,506.60024764712927
38.74671807210286,38.063767301643786,999.0540606079983,73.37269867565527,495.63900287461263
35.70361936944412,62.35202555704803,998.344405863213,79.58356677000371,492.66394953363323
24.42085596005018,52.03202162427374,1033.1167836491948,21.18873768360855,528.9091577296047
21.67204122928285,67.459398864008,1016.5348937873056,68.57256190266892,516.4913366901483
2.0858009992408655,77.15344946473577,1007.5552414782421,96.52923783101026,539.456117670469
10.619601426946335,31.369268914107426,1026.0648762601277,27.354143553701206,559.5253458173826
18.92497531758413,43.40657554914996,1013.6321531450063,91.8372548004539,530.1254475002298
25.511652103259145,42.57519845831236,1000.8748264668561,64.5443154346615,519.4744029250827
22.732821499418016,33.31506056354898,999.3030887538708,63.18503805985407,527.095667153252
29.962803597585932,69.5666725533409,1007.858666977642,14.673041408878046,508.1104086467768
11.910910304594593,66.79332872213345,1028.6953137116946,77.34702505477584,532.1513352609289
23.033151698446456,51.64340089589194,992.7651562219917,53.04457473832524,522.885186216387
4.437547492240893,54.577392778703526,999.8336700339644,74.90569526516207,548.3644197137583
17.132955419745073,28.274927590137295,1030.1918318483665,82.82629931019454,546.7178309721559
30.256272485229438,55.55290437798751,995.4780556036163,57.14167360350507,504.0073902122367
28.042633283732716,68.52378382108,1018.3331573218876,33.727988195048276,511.5730761963823
39.63506674971498,56.560516547112144,999.6080115654461,22.741524225353203,491.8411724056078
11.837753913522484,39.59185035662304,1017.264008138035,24.445281513917287,555.4860649558494
20.429382667785188,61.71515497838855,1007.2396875079904,88.02411885512188,516.2231472472114
13.851686137185872,44.881863648088625,994.5754603393947,21.122028606734983,545.6200069339684
18.183521448307815,54.96803063571544,1016.2113780399347,44.62246657419116,535.4803815264268
34.421055064906135,51.816094980340864,1020.7369236188064,40.08471816601278,507.05975542404497
27.684153932350977,45.9646250530849,1020.6122678534612,87.89101000650732,511.0339542495777
35.41520646255569,64.53828892167743,1018.666548408272,52.992415062486245,496.09901073814694
8.936933224943573,73.61318615922349,1012.5101151420996,99.68017756133239,527.2352747935597
35.06108359581608,25.28668851623087,1013.3762677586697,76.33492716728303,512.820106416641
3.3307286929569924,76.3489085576702,1018.6038049413581,86.5831217863857,542.4045874143453
35.65537193704895,53.13333248457737,1021.0616712785989,18.88050394240074,508.3305107446179
13.833877398968388,63.540253419979585,1019.4694532474123,32.77920297384063,539.9433827968361
13.268917703148592,72.05935113967324,1016.4125504211054,22.19015760146454,534.3351036661111
20.971454491247894,50.69070307728485,997.0127543161854,51.72597751605037,529.1960005190086
37.68691732120604,70.92357403506897,999.4777442321788,74.64587393457188,481.52164579806754
2.863473222574809,34.76909007003612,1001.7100809465907,25.215721138270016,574.6391583302045
14.737008027759067,33.7542143963898,1031.3847745689377,21.715169011276494,556.8914064535268
34.40630755865009,61.160925287088446,1024.1727791308635,65.31478739023963,498.8619337210118
16.446124619983202,72.85786530534554,1014.8790068791595,30.728147838708157,527.2147882510138
8.767119006285613,74.08343976448216,1001.3425617844821,53.13925645783669,534.8428721086939
17.56697307192506,60.405725210748564,994.9901185459877,14.600595495494595,539.2520281583016
16.0365475581751,53.90190766151246,1030.4441651690988,71.25515308607183,529.9379623172393
36.701231857201435,43.22661982330839,1030.1699707120313,58.71847434778483,501.40255424001197
30.715440653980785,78.90002285796322,994.9813018063061,68.26806090627696,491.1932013864245
20.69950667401625,42.58326276664378,1025.8747499743424,34.78657420537714,537.1693762144648
39.546452102141274,65.93023589773762,1010.0990281189461,35.0742677825378,488.766281368399
19.145823719761008,54.25899899477504,1004.5785119773743,82.12244797816824,523.673537152985
3.2712754019907337,58.46817883889407,1023.2597041293918,74.67060816863436,554.0736305113829
11.228698550784411,46.64143028237444,1017.6448293477329,62.175578607875316,545.7606594147816
18.00674872855319,78.06527190097363,1025.1013548417002,66.53291282038725,517.2217895388334
7.119202341698684,56.44252793545991,993.3447987284821,18.463976155099488,554.5613320798104
37.955039926637674,76.57831967523344,1004.3364158980855,87.05541740061282,475.4196048201726
30.90710701489315,25.417527889565278,1004.3692582687531,79.29163297104964,512.8405687766974
11.463200816683134,56.49688207551165,1004.8388891529495,63.14423804411029,539.5746876727026
24.041376807198716,64.44527893488993,1012.6115942689712,92.67356179908164,508.7610007741742
29.136517127273308,65.97940941392199,1002.7356211386426,25.17741169294598,509.49478968257426
37.709878227365124,74.77372849799247,1009.9972624539383,71.79916474307501,476.8450918747142
35.38377861784102,25.242088495208247,1006.5499916901937,96.66835998869448,503.866051320919
21.092496819390334,25.018158759271206,1023.088322160923,37.90080681129288,546.0645413430315
31.211452171927686,50.974490343736846,1017.1575358053773,11.376308266075858,514.8961358209107
22.923645399275816,26.611153775295385,1019.4133244542792,76.13807202722198,533.5373474778469
22.555451711776065,78.5992904514306,999.476275233719,10.628229201051436,517.0316911195098
5.474936375189484,37.21358459977656,1004.64759743971,88.52802842639504,554.2599259821127
5.919368662629931,50.99656011506646,990.9524451425433,15.067112689321286,558.5568793045552
21.65181098587584,28.3625696506723,994.8768618281927,68.74882568846894,530.3122114259769
11.485600254181257,53.71266288941922,1001.9274404395,43.94657299808354,546.7415104786382
1.8204391959582766,45.897586883107465,992.9458674585909,28.300658834505953,569.0405490498223
29.19072895210828,27.456301588247307,1017.1184580159617,90.84325598684461,518.5611737553127
2.2669772709164335,43.43183466829236,1034.9158552165723,77.1621266734176,564.0797947295817
24.215796803058126,46.52898111225706,994.5366846329425,40.63965095289341,525.4782432156874
22.02855797096526,79.4456820201217,1026.955359570117,35.573778357150246,518.0947974393438
38.783772932534376,36.43372295556565,995.3467311269317,76.24110647450254,494.93099756948715
19.884312434558023,54.96287884535548,1020.1461308458396,85.29136863456974,524.438511327346
3.480456018734097,79.30235520592458,1018.9420921376558,74.42654178662285,543.6697645388319
22.515830744452007,68.56105643670743,1030.622262066504,67.59903025321672,515.4943605326757
33.80275065402795,79.63521254851489,995.127552615623,30.51322526697839,492.17156366088875
39.87712208697616,78.25640730630931,1004.1950009736854,86.7523584948825,469.7149465513808
17.783383773873826,51.924674815178484,994.0850892159608,77.46957851125374,526.3994805671915
13.491650957372958,63.300671742881114,1008.3322496611995,56.5546860789773,536.9568105149488
36.35947858112796,31.07437198176331,1031.021692810085,56.04289860401026,508.58766777659247
8.458443033968734,49.2631853775741,1025.1685417977835,61.22557250266117,552.4510998263665
25.001727686284138,69.49601982466837,1022.5305045200394,84.54487547607964,504.6500778613293
16.822862543056964,52.793442653742886,1013.9862377188216,76.80335939538017,528.5878824188017
2.602212233266656,63.64844680494775,1029.7568584050985,87.0620494551295,546.7041525446044
14.544250497922212,66.01632314913523,1010.2248809208597,55.655449449285015,529.1985998782675
11.343912377604308,38.94080276835916,996.7358550195287,66.21841531164316,547.8340229468793
27.757555003795986,73.16346551184111,1027.691335040435,86.91146262063816,500.38376435467603
38.002829409984805,50.29023370000485,1002.5837247623277,30.908805415904382,500.99811776723004
11.453840307766873,36.560180699184905,992.4135093461001,49.96186122306016,549.3503500569055
32.64717162691559,72.59787349836441,995.6717113800956,65.85870132814483,489.12447079028584
3.1590328605979714,47.98003433584395,1017.4076512287367,92.36316316222913,553.7153731070499
21.986719391552715,66.26718411088459,1017.3186883764528,11.425240994151247,526.0072250701446
3.7514524846858888,55.14181897218761,1001.7082426986916,29.131584235590477,560.4433463090977
37.427286654094935,46.002946372897526,1022.723106657569,31.100545698516136,505.0391369625933
30.88769994173822,69.54320282712132,1024.8138069929792,39.39514122356148,503.6415615725253
26.660046536979102,57.145846240453714,1031.4226181760127,35.360795837861104,519.8270171354648
33.131958883361904,46.480915633486745,1016.3221874405207,63.11249070060148,506.83612172642444
26.253272027236363,31.027882868431988,1025.0740513866408,89.70582378292708,524.2442518790327
38.78883148979735,74.24949225716892,1023.8894855897236,67.32800569651505,481.30472794130026
28.84435996672609,26.95082719379166,1001.6014071810237,31.737390305892323,529.5083901540257
37.06168577370762,72.4753041602431,1003.9601667571947,87.7377565063076,483.50702301972683
21.168143788414884,44.79788386857355,1011.5317078088792,66.8841210232762,528.4188984712544
5.565512106292643,60.16363199257732,990.8567535388162,29.706591248911142,555.3731213036139
21.59893113549767,75.72098481096269,1003.3828997920975,42.54998834498529,513.8484691822981
5.948040294460639,33.343863852714414,1011.3247293004907,81.09683260658043,556.0939906716501
24.107245687879796,56.18227616013456,994.8631182876514,76.50380633384029,512.3826219869763
19.817229360578853,67.04380743036056,995.6824149498807,61.89241325550783,517.8909625092369
25.280440515478485,66.66711079954815,1010.8456531081804,23.029075246650564,519.7820509680845
1.3918322611384322,53.90975530297272,1022.8934264213669,82.29603675830538,554.9105916705773
8.5987791745592,59.3606702948552,1027.5187018914307,37.67882756974733,549.8807111931642
20.161886844573104,66.66398467730644,1014.5841253877137,79.44381450992462,518.0959114719282
38.06963890197626,71.25652007665764,1011.3637044396029,68.28097291860328,483.7576529651509
15.960752573851178,66.8997203281725,1007.292625580689,33.775325347916635,531.7733487508581
17.550509016091752,44.47027187496835,998.6827046596923,29.113230531939102,540.696567436066
28.873147471258264,79.81995205817532,996.5952901266464,21.78189309319469,501.1664039136514
24.547917534158604,48.89764815456174,1025.6353403247813,31.77516129293042,525.2859199066418
12.658119853834997,26.34555865174134,1010.9252984495552,24.2046120204226,557.1177848748301
17.021839427129684,44.94393233720041,1025.564411046589,65.53461230089762,536.7516050817849
9.490292155432066,32.02806250156138,1021.6837366155283,63.89048070795282,558.1314298890899
38.674836906078134,31.679343865060623,998.7253161472521,62.755485411951746,503.3982291380716
6.09474088073703,40.484427205879186,1012.9638268895052,67.77008283023545,558.8168749197669
15.501634598090359,27.935652179749347,1009.9807483690206,83.33060805681097,545.3696292972103
2.0077199165804362,62.868170362525966,1009.0743077740814,92.21974403948231,547.7047957073803
9.64940018540831,29.06938863110478,1014.4156972141716,30.733798411158592,563.2619799543511
31.438374396826042,36.18092554897759,1034.1936855483948,62.89970411520331,519.111820432708
8.845834059266299,30.109484297176564,1026.5805268951835,17.050259912254432,566.8687268584457
4.122472698629658,28.47422519966671,1030.6670594233676,20.81281945200356,574.8895133538027
19.503674013936408,39.72634160467479,991.3337812429216,68.89053816652515,529.7077275584261
1.3888001546462214,56.454443221320346,996.3151365056627,53.79225055214057,557.2345150324463
4.305880022626994,78.0577056045763,993.8143647101053,78.24988781509904,537.0486755566161
32.49740891295603,73.15561598922835,1001.8453952279375,48.31097328915142,493.74916144474213
31.08746044952465,73.17636589949286,1009.8851621384993,21.48385661496443,504.88559942149294
36.69041399579095,34.683686982071166,1018.892396144515,88.48482884477428,499.6694610812564
34.32610200051923,39.569895642380104,1012.5374069828971,17.459962403079004,518.646224448261
27.643846966352907,29.201632423741813,1030.6432761710912,27.00681782818438,530.9140922932867
3.040981434725851,67.81575869533518,1032.293518150224,34.92791793656659,556.5831766654309
31.531096101479644,28.839896581705908,997.3584428038856,99.57525463588841,507.97504349653946
33.97492162278186,55.61826189514693,1028.3810814119154,47.51738381583855,504.83242135478395
32.16420368510622,38.633156477817295,1011.6774991805985,55.15376774303034,514.7782604630073
20.830682377013016,38.38950987158096,1010.3998262092823,79.27270758764816,529.0278797017627
10.083171707329784,79.48987803861829,1025.3222706818055,67.27740268049322,530.9249160428767
33.96786905186034,66.62288938381955,994.1913229070194,85.72786227472001,489.20246092603014
29.359349579865402,71.03166470600776,1029.7121907338617,53.77901127291044,505.5388047608748
39.249685801165214,56.459047693920695,1020.1888509546427,97.49599187438997,484.1791280249372
7.072011312481384,72.90578580665621,1029.3867723446099,81.71311254276772,538.1887251147258
9.800918739030147,60.50197965414941,1034.7514909968431,46.122884948193864,547.6511996453078
9.260127845378605,77.03955376379899,1013.3102003560764,44.314464065072315,533.9922667673136
31.90905093723213,40.473622232510024,994.1967989059018,93.6542072839796,502.31412520760847
8.28938456155461,57.74257501805923,997.4935738318899,71.59740722332455,542.3901640811135
3.5997333631089377,62.957224136529064,1004.5628209149439,65.92902710730748,548.7291295806235
39.94387145683952,46.61155177652937,994.6598823960619,78.20475736904298,488.0439984759454
1.9678712463608168,73.38393903222293,1026.6903821761996,60.47504453005403,551.0896946376481
33.57451834619576,78.88917397072849,1003.3590532964746,24.325009577715402,496.38747335361865
15.249306820475459,52.157322025496384,1033.914878460894,38.7293915870588,543.0523149482154
33.82300293055479,46.48523601423865,1021.6166144369336,60.21503773380728,504.41018369137333
22.630199157234653,50.956586070605226,997.8043666615001,11.635103883445026,528.4051576500277
36.16361794996804,71.90052101525623,1011.4219191124773,49.361563446690504,491.833879969044
37.12152647017044,60.50076340349922,1011.0097899734994,78.0222591348343,486.9425668073497
1.3548290699502639,27.462480488495228,1012.1630246250136,24.781060406464512,578.4671070985058
3.9410748637187423,54.81934507451432,1014.1061026789321,15.810305514121515,561.941438822294
10.763990453263364,25.95150675075334,991.4027887042979,85.24262266549286,552.0428784287516
27.103301238176567,67.8194454051873,1020.883550658463,65.55464816170257,506.7058141263673
35.64261566394873,43.0571750448355,1011.9236298879799,25.89210752405176,511.01369256323125
18.937736100464548,50.960411516453114,1025.5934429490915,82.56744825248742,527.8568262718039
24.67195153469635,68.92729582491975,1026.6907307967194,69.23165243384912,509.8648408571577
8.351494259026884,27.554684950716887,1000.3740804896273,40.07073426835944,565.2386059790155
32.393706521385724,33.71978445753857,992.179032589205,43.85766447655653,512.8842000843864
38.72579634278532,46.887820704481314,1021.6455235250545,24.029934686834352,502.03700763437627
11.4753583836693,37.64588399500583,1033.9993254808744,85.17300347878663,544.6052058328903
20.298212112421307,43.58457841762847,1010.0996093961405,55.810598647936786,532.3621071939948
4.3585283097485785,79.89961058408558,1001.6825764317118,60.13171689792945,541.3595934063924
22.80632960205577,70.39779406655958,997.0502352562567,89.51427236779729,504.60671466165894
20.60855423202054,73.61459982280597,1002.9350518825763,11.424755480778453,523.6409798654844
6.633022882048026,76.53800484611764,1004.7563798117152,16.023075627096283,549.5987204465974
18.240582311604925,43.751473417280764,1009.0743634545508,24.54210836738335,539.9013574105429
14.030081431375967,41.339232678806,1019.4933205446564,12.703403177933101,554.075754085506
21.351404136902385,37.87343709146412,1002.2923375236102,69.23405409619596,527.6417451989258
23.84051908172317,70.65643012194674,992.2939543560905,67.04915213694886,509.7703642500245
1.3313275656811707,62.37535242568517,1006.7975375207724,28.972171263608704,562.5581060368321
30.67923333503266,37.98945903655825,1028.5033327271585,23.446580039802527,521.1458248914082
28.807557382607893,45.73466060657502,1012.4258179883348,23.111623124794605,521.377721522597
15.285169062054367,52.869147016303906,1033.4152690985434,95.7917271986778,526.0772900681432
3.0645014871839122,54.04770315005645,1012.662968898993,72.41540757622674,556.0441722847163
30.442369051616964,73.88002507034432,1002.4154467614832,62.68859456185714,500.06216683753706
38.251831258647165,45.931137312096894,998.6991298760347,39.023818462458486,495.88540213349734
10.365912244858553,74.96882167752818,1021.253602355351,48.973887811791066,533.3333324117933
13.617459935744478,49.27521581758843,1014.1371578599847,18.04652930792869,548.9900142984181
8.168702689790784,66.05049711357947,1017.1799518047949,99.83366992495013,533.9854301764974
23.500508810448746,76.16398759917809,1023.9807055200359,77.95769172144713,505.60193220570716
7.038814391250742,74.91666371797965,1022.6656558919202,65.9307841145405,535.4769709685406
14.891563794993798,28.132407701262466,991.9513485075702,62.8990475705094,546.3912003149853
28.183507543436257,36.313736223711345,1026.1157357382763,55.388293482985524,524.4217608910835
22.84452333736459,51.22979840427513,1013.971648817327,33.168468490722624,533.7224008717029
16.072040008789475,48.7354859474209,1007.6268838866648,30.375136311376036,544.0048219811334
17.389734470494133,60.24904156604639,1014.1883741820632,59.45792114703019,525.5037783750051
22.92232442230595,76.95899779539766,1017.5603151805797,16.318073310215652,518.7289511758419
1.2287243875992908,31.182259120287185,996.7277839443209,16.702371898168213,579.7136259998736
4.061884869690784,49.852226582383224,1008.78369278969,60.47322428443151,555.1696954704012
35.36906464275745,35.58260708379267,1005.1013794584683,92.78308433892153,502.0579251822885
4.03728057456034,74.17591791188711,1005.7684025168118,92.28446660168692,539.1716385210655
28.5653402522097,78.0519102190909,994.1100722283288,10.974547059471309,509.24724967888733
36.88148840025305,51.32859250396926,997.1929569600104,19.66547940827048,505.33970994844185
11.556660567767514,30.720566375047742,997.2824430413799,62.47699243828255,551.6408609071916
15.449166045321057,68.19120666974703,1006.7951134449742,86.36281496255478,520.2269826415172
23.187934827943934,63.34277427708194,1030.2521195193656,95.90041779911458,507.8493013742873
35.3866498159048,44.506895463567076,999.2712317364425,87.45240034412014,496.92525798071597
37.73431790315639,73.80741106829299,1008.7286628453662,70.98518217668102,481.0426839059517
29.842966676339454,78.6707539380489,1004.0224236884612,28.047256983031218,501.12567951045816
4.3781706733330665,55.68196170216075,1025.4322490648103,16.53593265810661,565.7579312932186
27.097012065859182,56.11503512393608,992.2556894544367,14.276420441708025,522.2759936041991
17.00184515303382,41.36324278125778,998.8444527991151,65.08691061628701,533.1113872580577
19.3573389801514,57.147831979082284,999.4788694059657,13.256974361382195,533.4585047026761
2.9167872234619043,49.180327628866564,1034.6833260140954,76.53159608189955,557.4552222277717
8.45142343450797,41.62050648104285,1015.6848758084836,74.12236636158723,551.3510161699005
31.83003069381226,28.69518580881457,996.2531218972583,17.1649742299011,520.0181138125239
18.70439448886653,38.89893228400187,1002.2489612674455,91.59601285331152,525.866641364036
12.764827423614806,35.882005732271544,997.5519942355315,56.97363597627721,547.2077901335786
15.976743884633368,54.812309150467186,995.6072056328752,91.39947106039585,526.6887631922453
34.321581019701526,58.09185119699766,1025.873191278355,91.14490505694899,493.68414815739123
30.210961678793318,58.471444836830905,1012.308868289716,27.733065749840648,513.4118343848754
11.620300490062228,46.34995505751235,1018.4044561581952,44.25198651426563,549.2931466574721
5.582571768282559,48.16763535270228,1004.9063061146398,22.116370015343463,564.4874888966237
10.827930644118796,70.8831136302352,1014.9162788730298,79.74802091226887,533.5819668279821
36.909501591134614,51.19280474344393,1001.5906064635664,55.37124239840763,495.5303811565799
23.68196467614046,79.32753326754172,1003.8616323717706,93.59268178554838,501.1436145088188
21.805728141046533,49.17894765048757,1019.350707496503,28.739369338864964,533.3636514996839
24.259350388006,60.72695195398114,996.7657556663654,71.95308953673035,516.2649872740561
15.275102364114096,27.76996494463677,1017.7749836625358,99.0313144995438,538.9953987005928
32.477173792461,60.9336958430346,1028.3505667390407,69.88431356388922,499.69896215111544
21.40816372270974,71.82845169282534,995.4190451781346,16.18965395476414,519.7905059129387
5.553168207983026,76.8351811193313,1030.3857576256491,62.95819147256715,540.0877716698124
6.033539868333455,79.85263364018738,993.5750556134503,26.185847471311302,544.1047755272791
21.937506713602115,40.51982551070782,1005.7009152130142,12.745249967738385,538.6847035289943
37.52623850476273,56.645353565414425,1017.4729191857098,40.14646275746927,498.93099546361327
13.025732745371752,49.78948920426811,1015.1736642053341,33.949367474865916,547.4259368366552
34.912105585509515,56.00996143163441,994.3375982622495,80.98938089341787,491.9178353721582
30.799727876576295,33.659912645441565,1025.9510925503635,43.631248697029044,521.1143148776762
10.664685273369367,72.08822649277678,1033.7918981915363,75.96629023466768,531.003787568823
2.417289184333456,75.02629188395233,998.1552730132696,11.461509275439829,554.2566503638933
4.9720433405529265,49.73139147121074,1030.280893641696,11.333092009005195,566.8324936606521
29.41126342005017,40.423642386546724,1015.0564248950287,12.63821117928014,526.2199641879674
8.787119783585222,32.745838520915676,1032.1170197060396,29.74225976043224,566.4950909307836
15.479565899710357,62.607065362779245,997.9238681287543,43.65890065257055,533.1115767010774
20.56626747425057,42.172751179140434,1025.640962693074,64.70612228051691,534.6313683011143
29.29325856955635,75.02462134523637,992.69017089504,98.73224972442755,487.3370148618037
5.4160177071058895,61.905686116467855,1029.7438401061227,41.89686103128993,553.4281660520415
16.848289805820997,60.51269288458324,1020.3371739989835,15.00930160814496,536.6779798731045
19.91784345656512,55.767116374403244,1006.6614652765094,27.54101454992638,533.976841347371
22.092255494890047,27.517698668579907,998.5710070574032,90.80666504333759,527.165910695588
32.91606501441345,76.25573396270728,1026.7439894355243,72.9441271132938,493.0188444184851
7.695449606685459,59.536562131470305,1017.1458594627666,81.11807416347038,544.7764530232657
32.50542662123827,79.67340908607108,1006.2187133826601,21.175138510551335,498.86724510181295
28.022258680169436,54.55460226250879,1009.9726121161133,22.148828983675713,519.4362463147669
22.678961753759413,64.05609905484172,1027.194419523257,20.102140679040637,525.9261234232988
28.281586945700305,28.09152568264222,1005.2517237010591,87.14522478785725,517.5092959966199
17.068691819114598,59.7454897252876,994.0334705149468,28.897084782424397,532.1527704303036
6.397505852756858,67.05572863746966,1031.0076977491563,67.88365708417496,544.185830056955
26.964844370349326,67.81828621689064,1007.4304682846116,56.454972956493314,510.6549460430465
21.46221996073927,67.35614087266569,1005.6774380001846,58.99509206864683,514.3749485906932
25.935617221168243,37.44554450115172,999.1979828494173,27.58918225521414,529.4042970327722
14.18195246011111,78.64691626828743,1030.3840157052755,67.17214841085905,526.1756112543868
36.3677965162536,79.73501663437163,999.7877400159525,13.879048101249806,491.3046706522183
23.9074248744475,29.15777313388807,1018.6502790600623,99.41250486318658,525.2024403349026
4.330696887344079,76.50455325464665,1029.6344255223646,12.408301584345615,551.4250475854577
18.542355637472717,40.919705686740315,991.5711126571448,14.514088664427597,545.0682868346383
30.49788613500174,62.910624496303065,1027.2956267385089,39.21826779025132,510.7966992475282
31.971247907558624,43.596100640487265,1008.4769739760399,84.84628201925845,504.33529264115583
20.289285057786593,78.22648778552168,1019.6088558869345,33.14702905990686,517.9378510493251
35.895155262420744,30.582712206694453,1006.7582053451499,52.47415124121954,511.86415100574027
11.439069050577604,52.37607493260068,1021.2982315356372,11.617959805857364,550.7316305024482
17.013349192292395,48.54262855681411,1001.4432711550965,17.09913848352798,539.8199084624515
36.04527951218983,42.93128987528917,990.9868744095928,64.71694436866363,499.700931525503
35.954011942391574,60.504369498408174,1032.650438165458,27.492262250448572,505.8332682549232
27.742797984162557,32.20806588819171,990.7365493818037,72.48291067175728,519.817167200111
34.50024133776659,64.41643299735333,1027.0844680335078,80.68520575154594,490.96876440640654
4.462157411293074,78.9325668092633,997.6111916995113,86.5300779525055,531.5927409514597
34.73480407210327,69.25072929577466,1007.6499102870913,22.04194041993904,499.2916317943117
13.504176355458844,72.300921410025,1027.0121569427724,50.995769412873244,532.5469272386674
7.9549289847004365,44.780020874845135,999.2669467640555,95.23733049134611,544.0247858050755
10.335423617339806,42.86876335646703,1028.9568422486266,79.4875188199877,550.5728196318834
17.300771812541598,53.43765950795733,1012.3991522595855,20.52643436615335,539.0105555569575
10.796488179574222,27.514963811924996,1006.4769058222774,55.225022051655486,551.8472847943491
13.502135854643463,76.99469739510928,1019.8096986031351,93.0142523654955,519.7626470349487
6.264160956794042,32.90818451589057,1005.362537489143,49.60349249708673,563.7952624264173
12.550893856800942,74.66571715424507,1005.6279761548361,85.3675847956872,524.3386077544859
23.319068767138045,29.597022210019563,1023.0086875922236,54.62593490697015,534.2494903195001
18.232294615551496,70.2443710223208,1003.9424501042598,19.61305095211783,527.8468826287036
14.522031688200535,33.35793892330183,999.0347691759491,23.306943345355663,548.4242159785155
30.111633025427444,27.097238775031,1026.3440757598457,14.200817752736175,532.2162267045954
35.8468888843394,64.57191976426748,1026.2416965177254,27.578326651800808,499.62089889530984
30.514779693193486,40.414591509593556,1012.3913566668091,90.42526898833907,508.518682430555
13.948027382589489,64.29728840313922,1013.699502727333,68.5178241348931,531.3938705035646
30.033244545664594,55.52968877600509,1021.3234481595438,76.49712413946199,507.49037216195256
6.927227116487997,30.984406462653606,1012.9173431293095,65.9495312553995,558.2294858182181
6.082401535560345,76.267154031564,1008.7667981536155,44.78853629245129,540.2491084680493
14.479454444410198,49.87727961199127,1034.7702386983535,29.517501951640146,545.4239322113244
32.500392392718226,65.39460027892784,996.6438192533651,93.30531256088477,488.3341264766902
10.607581642449773,52.556131460859376,1016.6727590657937,56.33468034022194,543.3778080022631
3.4668829470485036,58.23988112286626,1029.8638361734047,53.29898930871454,559.8560687712136
6.136671873047849,41.65254757961809,1020.9246768531501,99.64936797341912,550.5871426724126
34.49105377265363,36.019816720189766,1029.6415484589706,44.55369895496289,517.9043968292892
25.717548105144218,54.84136118744373,1005.1350624159603,86.87127834030152,509.42084254450475
10.87484537142909,49.212043513405106,1002.2396839317107,87.61096542851706,536.1772789840609
22.65653718779907,46.45622673886632,1028.3072574105947,30.9403189322016,531.016432478752
21.575605274588664,61.99119573020427,1007.7351559283458,18.53557231151459,529.2836244652578
26.56200315918579,62.977864760612476,1021.935704537579,97.80581041442778,501.06416683011054
10.094314622443036,27.52560308501947,996.6486860286351,48.33071777220103,559.181910474044
34.71171650058151,43.63094718340197,1024.0127156419503,10.199828980917596,515.3512374169585
13.0653739211205,47.647050262450755,1014.7042192061191,54.911605044606276,541.2872515771188
28.07113450507324,30.329068864029246,1002.0875237959707,65.73703273727054,524.1418087552929
1.6288612085163807,37.97454766840586,1012.2526783781507,79.84794227032307,562.1593233015781
15.533628065871742,27.840298847251614,1021.3624631627866,94.86479064012748,539.6274661968574
14.716682900393524,79.79331542393614,990.5348883981322,92.36535660509166,514.0359444270129
22.195892714737564,65.51064616334145,1018.6860176466358,94.61222380493817,509.22175164979393
3.8367142093106636,29.809758607651453,1014.3715850222974,12.891263343352549,581.477912754174
31.815123575318225,26.113715888455065,999.912877548603,74.0596720447421,516.9759875528626
9.493451268935173,64.5608290083754,1023.8841483289289,30.327216652511794,545.7729598692092
27.4044747803984,49.15556911254669,1003.655744308494,26.87974184850886,520.1331126776403
32.325272806519635,68.27381899855169,1002.4587419195955,82.02867117393252,487.47884285602635
22.91320129341901,75.79118208001111,1011.2048257049695,47.54167202555919,512.7476020994083
29.894445062157434,57.96152139590049,1020.4267355290065,92.49400682041022,499.25899169310736
26.812552176385214,35.29096326044892,1031.7980689144315,13.819158171613596,534.6839224737224
14.865662088928296,68.02067198255489,996.3610759409447,82.19627465384468,518.4957767221688
32.54548302230904,77.56964587459059,1007.841065433828,22.315097015433608,498.9008820908666
12.493353425535592,56.91272078829758,993.0145316630684,25.8919481408486,546.5760095904913
23.27730379230917,62.50985960044034,1024.1347836362283,52.9616543972049,518.7753531802699
30.07051182652004,43.561108227017016,1010.1479800356612,45.603094678551955,514.4373392925102
15.779280482687795,45.98402320631712,1021.8118110834683,53.75550755158039,539.9944296762145
12.807936697079576,65.40599738191852,1004.498749078933,94.60238698279497,525.6436152932597
18.914494396740086,76.02741041237505,1027.9942758632847,69.16500420072158,521.290297907377
32.90057627961699,59.594361297339375,1014.0672635208051,36.12784436578006,504.4972556685029
37.266948762680926,68.44163496669411,1032.4623519820645,25.561784108606048,494.4259665138668
22.258253101535715,34.43992595784552,993.5466587614816,47.80416476178402,532.5519307105593
26.79718200762242,36.65774996418855,1013.1424571043933,50.64769245409638,525.0119710994841
36.22767126731765,54.26190777583645,1024.4904860698964,64.11649689095645,498.4095789924167
4.843327205104753,34.71048057335623,1017.0068691633127,33.94024331857912,570.3509326972116
10.051064536780437,59.9247288621508,991.0437363192079,79.07583223871352,539.1459787579175
28.647100243811714,41.04092519670844,1033.7552405254746,18.86142209314434,526.3266691933582
33.12603401457969,68.53429402667905,1003.4218661884154,60.4408027240589,492.9869183460904
34.424132104892536,69.44606906378888,1001.2175039864871,66.11784879197002,486.50343536524446
17.18917989734237,50.50831006654442,1011.8546944022961,28.614842295863077,540.591129666
4.484256189382807,34.94458492706994,1014.3971148385507,84.3410215449659,557.2529248395596
18.073477614685178,60.57262285950629,1024.4829661915421,65.38889126869097,528.3354757890588
9.998649018075097,79.60328600449725,1007.6973145946545,68.11499931831756,528.3642505338464
12.356661744868342,59.24249938683878,1009.7982169407995,54.79691551870947,541.6091136996764
31.118434716662726,26.967607989270434,1014.0731962170224,91.86347954587046,510.6706234499398
3.945556355009588,25.951168667189542,1007.7474194883738,72.4534823338862,568.2523107161535
33.275667481747384,42.61990837707684,1031.154663559552,44.36520084061863,514.8439556577734
17.679094347142595,35.76810937732227,1028.3063384985414,31.47452990056776,547.8824562331513
24.246493312923207,69.71781639288196,1010.4738162785045,16.39555073411385,517.0311479233499
4.496437018191481,71.46431168698003,990.0087688051792,24.88247534623236,551.2609409756539
14.157004055933905,39.22403242207619,1030.5420522988177,99.34146568752938,538.3450380622502
4.498335841578985,42.9104627322441,995.5951458047759,46.60902063924762,557.0249621508385
38.500205192363275,37.9935832243313,1001.0030586837321,90.8818504549666,496.74332079842964
32.48320432372377,74.96104010541953,996.856257796443,25.3512421196738,497.97386668846303
18.925677419901948,52.64571340422552,998.0917006491461,48.28247842067647,532.7260337148919
9.720499384623173,61.0875374245111,1026.1294892050425,96.44666203301038,535.147626009121
37.40474910474423,47.85151476847818,1016.0775648749666,18.20190262773699,508.677722315768
14.439267233351899,59.70578064274921,1033.0242823406406,63.45858554312525,533.0480895605505
7.278392835807615,46.22204571969549,1000.4154080545673,92.72547106266718,545.7131865372788
22.96341114970424,43.6823140751074,1011.8535708659056,95.47150356588256,519.203643252648
37.80719069344783,59.89640402454141,1033.984276608711,86.14067294005982,487.52194575759705
1.1493813295125803,57.50841429269441,1027.1899581423647,87.03409891241346,552.7506368644546
10.286868886905951,41.14403747923723,1022.7877055604221,68.6964658705719,543.3174931841997
37.599457976005894,33.214164767571035,998.5038840616857,29.838079728549328,507.9051469028754
7.67235270742932,45.27171816109757,1024.6232430409373,75.76106900364277,552.265034776595
5.416494613952975,47.83587015280501,1005.6404305168163,98.05460180128509,544.4950382121265
23.237301416192373,59.57763833835327,1013.8741603671041,57.33401632055297,515.9283837746196
34.61190910849837,75.29908200002751,1017.4122545867793,33.4627623169211,492.2279699832535
19.607282890063118,26.990163864310883,1017.4213670185915,61.6123960988498,541.0492425804413
39.78800601069646,38.40135568980147,1022.6935562361082,72.15493206165547,495.2324673769388
27.48769628198172,35.65437682537582,1019.7765941688992,28.74522784819718,531.3642580813957
3.888921381207462,52.6261924781581,993.0766895689766,74.72704128484803,552.5183453889141
39.72045313559704,48.63354438737379,1010.5806161677099,62.86895729959527,493.0709304469923
16.90787523442743,65.09706931011036,1019.8809723023991,65.1114918233247,526.5909881217021
12.208698819973819,38.33287518996751,1003.3196841974578,37.53891367658507,550.1561940681927
22.757288159537538,57.69741011623672,1004.0875509247376,23.974012910008103,524.2767435131967
12.867996081013708,73.61214949799776,995.6055396489577,66.11049057750913,527.7920412477345
4.3718427776859405,75.08727569550676,1008.8376743688685,62.76096902373146,544.7454028318266
1.055705380087892,77.73315325987672,1034.4073695437778,40.42109689424244,555.9941960052598
18.53375076389023,67.52936336439937,1002.8393712579617,36.63043007912985,524.8912527399214
33.6376734668371,74.82933484424032,1013.9146601708744,41.252001549605566,494.39594188969886
23.320292239572986,37.89919795919008,1023.4456763750588,54.08950046489382,528.7370289700906
39.969084658794195,35.866951939276234,990.6073771897921,97.73377616000451,491.1726618060264
12.1870191802408,25.356844607928956,1030.5197801819234,78.72081598235857,548.7698468692421
11.937747525642157,63.87643965860041,1007.3947583126222,86.65657652489395,525.5735225411133
7.230228949123824,76.56069532975594,1029.1102194019943,55.5084612013178,536.5048511817333
7.398479942348072,35.2814439772922,991.7526446504766,57.35112506008993,552.4616750027684
12.122277244391865,60.03189664847834,996.5548598338654,28.38921952933249,544.8558765163717
31.920761765667557,66.05528675719776,1004.5138254514902,74.89412526709705,496.56115366206967
36.324514834821464,76.01878293314311,1005.5457797878476,47.942560521157255,485.175354501937
39.02839961859957,60.57731232094719,1028.1507400362607,76.82021729359401,486.6993892575795
10.059296509761653,78.36615530118138,990.5040501924706,46.81498431813629,535.3291775351549
35.37060427894958,43.957022755690126,1018.8500299411356,19.766546849251732,513.2864917861339
13.801948481816144,44.246069357427416,995.9090596280348,25.574831900729514,551.7381501726164
5.400781236158492,54.865688050789004,1027.0447042819972,83.0413070267215,548.71342650419
34.93097209528646,46.09260346137489,1025.035796968106,33.27548406030393,508.6161134898016
25.808119751101124,25.078415055814293,1012.496446233504,33.79189803103624,533.3352236038799
7.424504947161408,65.24746137978431,999.5709251480569,93.64312810020982,535.2879166115799
17.7634190430071,66.34443728131659,1018.55229259345,69.18720605801646,524.7435439128446
12.203050100205639,66.08360325777238,997.031624294594,20.287679849592067,540.8365847168233
29.734988179697684,43.97613666357566,998.5510706666694,22.922674311874083,519.0431351497625
18.683232994346454,53.72592103211446,1018.2010456001411,34.51306894482515,536.9377517358026
39.581917859149016,44.79854349971682,1034.605280073988,63.45961190439695,498.17966592245875
3.13505430812421,25.882002001685517,1030.0977376763647,77.75429229151055,568.6479435606283
14.84559537931362,55.93469176992804,1016.6898310957655,34.70467991078773,538.5054470128003
19.79410651728912,31.80683663462061,1014.2341545945341,88.3577833673468,531.7101631544898
20.62220863518447,29.402272825029232,1034.9273196003649,19.82621609957337,548.6518712297889
13.321497073039835,66.5524487783233,1014.6328716435252,28.683925123886162,536.9108852667117
29.440369714805154,25.522841132995808,1008.905243488175,97.34184290285897,513.2007638375636
35.11513586607001,77.74546439847994,1030.9299991098903,22.12703772882919,495.6273130938538
37.61005277713666,53.33904502619173,1000.5382933141179,89.93001769514298,487.6017888962859
32.398641695181524,79.06590368883816,994.3886695633564,73.35415678636858,489.6441090336477
34.17262769495738,28.189866485998962,1018.5340515462824,16.577838157753604,520.6120996894298
22.471266724179824,57.09412518762523,994.3132335195937,53.53361460099495,520.1827539282898
33.20964083064577,44.21298697867512,1006.7916841628833,56.70814178303257,506.89855012856736
12.836652456770137,71.39153710478573,1009.0609823511775,93.89256682742538,522.8699603232081
16.54067172225936,44.867250437885744,1014.6392130172155,47.89941337694518,542.7559369130913
13.359607538923228,39.3268168481542,1034.6246795586583,50.20872539178483,549.8724451580208
19.228106082469093,72.16542199049523,999.9441775499931,20.123537930774045,523.449298401721
12.13760503330682,45.605920040929355,1006.909037032811,67.52553070938961,544.3126419240774
38.50284624792343,25.92583259233088,995.9508055984796,28.980727830018694,513.1613768180304
13.200940492221058,46.465900546163354,1017.3426086714956,16.977993240133614,549.3416768362
4.8237369863266535,60.9987247956018,1022.7452932038525,99.72271000637146,540.762024886548
21.54586947596612,38.989774634351,1011.6934570456145,34.266666516652464,536.8595994767306
3.226864059361878,48.75931758338365,1001.0624070730487,22.694784861592353,565.3133317989599
5.31118348603464,28.119332605522402,1017.9399721131787,72.95413371374588,562.6422084815273
9.556186178653606,57.34510353326765,1014.2620975515982,83.95139403297117,540.874841076332
19.109659745403526,66.59622081232166,997.7033575531673,15.766974381371202,527.7368815390838
17.896786360052086,47.732190877061065,1008.2556855225959,19.485397672280833,541.691303936186
32.187982618108855,48.1127948040803,1009.5838691235838,18.115644122384126,517.6897807091472
29.839511501480423,29.855537422170404,1034.2177989197144,14.226337299026007,531.2593612981199
17.626413465637352,36.10674754815904,1028.2178624469984,69.35108307708555,535.5124541475975
14.014464095449567,33.507141672035196,1023.0466854723118,62.948187076542766,546.9292893573061
13.342282578398445,51.49282727638459,1029.9949661476326,69.65259909039398,539.6850220005259
31.18580840446635,54.10905475229126,1023.0967982622922,55.510044694676296,510.0247002686345
3.0308238426295198,77.1917072206343,1030.653083480658,83.57569168650234,541.2565121032433
1.500044330913627,29.027732735247866,992.4548901695779,59.20014722487179,573.6377003016414
32.026231285139275,57.99273852352759,1010.5229794170112,92.68722413196625,493.27362278282595
19.608708663572923,53.957419003053275,1023.6104250858825,53.7083679253594,529.6732711566532
6.104364403589463,53.3928203864706,1016.2483108474506,81.15927950904388,547.2303829958216
10.187071449185549,73.02376080605546,997.8824773867854,46.66243183152707,538.3013341470913
37.36765417079792,36.30461588825176,1005.3221438937841,49.170150529879855,502.3368044702765
34.52061604937102,27.242530088775432,1004.2998468762011,86.40928407141251,508.2410234563539
28.681616958734928,61.97493291988059,1001.7606110932951,19.6893851821897,513.1353438234389
19.806783983155736,43.983660527478904,1005.4410999081284,60.842597948488724,533.7898308670673
21.292621421464045,25.96744539168885,1013.1683979807505,75.3702821000907,533.275224761132
39.034536876074384,38.82557040097276,1028.4691061152473,77.53785538753483,498.49502448158637
38.6650473114872,42.01297258192466,1023.391469807719,63.23441744529779,497.41230895919733
9.395492785647537,58.92611072313331,1027.5862366807305,50.32580357435624,546.6946449323153
32.63307808590741,34.49221867270997,1029.7621685053389,33.4704199480082,519.5577532244823
8.692463980513654,47.71798913743689,1008.7267705243924,91.848361181871,542.2271155719072
9.327961637474104,51.536149442980786,1005.5711827812037,43.28091527691928,545.3676589442514
27.367628332418494,50.258056525025,992.5930521757873,81.90928796800112,509.315856491829
16.795042844914388,78.566742166673,1031.8721229844396,12.849905166637264,528.9383047870303
37.33023187715429,27.502733078466285,992.9620358072165,30.89522932179482,509.93801456814805
4.471379660944344,77.30325025488196,1023.3510981916712,41.102631359571035,544.3039082189946
20.949499991570228,57.00654676967183,1007.0148737009514,70.44166569791838,518.2886821440512
36.822339687281726,68.76502432334111,1032.6951348524633,38.73977264457019,495.859794890213
36.2604327587007,48.67159399088415,1008.8820909420358,13.722742073737642,509.4414312953255
7.104639323213908,49.961083469133925,1026.7473758109622,25.648076444861445,561.1036516968543
15.298870303761802,73.36295744587031,1002.7194674473654,33.32488171323934,527.3335633466927
25.145734601821154,74.27639729605463,1003.4589922759731,25.844273194223714,513.2060869085925
7.216400506084685,38.12788847872137,1016.7983734445295,28.335210412702004,562.728563045591
38.75286470978381,35.958303322153995,1034.9092185168363,79.2061246606019,501.824848157552
36.675223820378754,52.29293456284731,1013.2907588090638,47.08302795554141,500.60262804138125
7.511056982344298,74.51523649202304,1032.133888637698,46.46613202011327,541.8296049920887
5.725062989178431,42.729530137339694,1025.3812422711928,96.99457029935375,553.5504827886939
4.330930829522346,60.86080384365222,1025.8138941379755,50.203165414978024,555.3293675971183
36.468302897428615,63.948342825733064,1009.6181995107944,93.48923192791554,481.87285128343063
8.551328582022972,67.82710656917857,1007.394401257776,36.915678839501226,540.7073152629836
17.235112213229833,56.01584518565298,998.6364813640866,46.05636339137558,528.92587924044
18.505203260428118,47.135034805343324,1033.3773570142644,45.665502046071595,540.6261154538231
24.361430724329136,78.1858793839435,1033.1727125599718,59.147094908317996,506.51341202649655
3.7976784061495734,58.6231914316569,1023.6180480439582,62.5822561768557,557.4502171374907
9.843586078620122,65.0710866398299,1003.3313602433701,32.331252613804196,541.4782500740364
37.32812508983812,43.97405651327331,1001.0330793154027,81.42258253754068,492.29340789513213
36.42799418347421,61.8472049551694,1034.4874609074134,54.68733592091132,497.7771918608473
31.470335248821996,39.178871419026926,992.994426679868,10.633919816692673,522.7876661690601
1.756648579110402,38.48033046407499,1027.960393146359,63.22065699850122,568.8614255877667
13.753263971347982,64.30972109951844,1005.9956100217114,81.82534973762228,528.6759759440444
25.490390678373405,53.67671049446143,1008.8491373877249,32.5420064033912,520.0522104390748
11.732418259165552,62.58021357323143,1027.4389941936977,13.40839084257334,549.3197679887028
36.47388110709731,39.819116991145044,994.0771357202411,82.64607900856504,497.79594662540063
25.721689011465234,57.92978375812017,1005.9376355334116,97.86490443744644,505.0262997869866
3.8043619753413784,49.416350733671194,1032.8410924726309,16.890725319841213,568.5391770564144
36.451217964592416,57.832815776504034,1021.4579660747065,94.4233126593149,490.8538254873879
38.35289966887268,40.99838527343206,1023.972262416265,42.33469707784558,505.17957599128613
4.030784317277294,64.34980300070181,1024.0877385429965,94.72956477292787,539.7169434428633
21.76204915959128,69.3261151387706,992.7256537423775,68.39553916022021,513.5411672281278
12.831207006352647,39.2954060621748,999.1443416967194,90.1219881203572,540.7754383300035
16.320723982774695,41.53413079206031,1012.1068465236546,80.7249722546272,534.1631922771343
8.006397500258334,61.363484834550114,1006.5667604613919,12.519796853856416,553.2929553440661
23.544811978484088,63.257184586694926,1008.4910531909784,15.88982520925485,523.8873659249467
38.36119477670673,63.725482641859756,1025.1651320381552,57.317014460668965,486.18129924072616
20.619831410592752,62.54841776267102,990.6605655780481,21.665711786042138,525.5396681620057
4.233668674384765,46.604424432389635,1019.7221366844558,51.49308152414363,560.0248273776356
25.180052005618926,46.716952092202305,990.004960431082,95.91672687080208,510.81712727502594
14.268696783599024,39.01496930044098,992.8376336509309,36.52815587990358,545.7352978006784
34.38108239406061,33.62585349429996,1008.3728753926931,54.00214424341668,512.6636671725737
17.95244778434234,63.091755866829814,1027.842683391217,44.58336670612625,528.3890532555359
8.520744748747578,30.125383228477205,996.5248094504008,66.68442678234237,557.7357177586345
8.453119284954653,76.57857577327299,1014.9579634107876,27.446043758640293,543.7331691565901
30.981803048125254,70.46774670192983,1020.5327352072035,33.3945361120855,507.09408423631606
11.357916333987037,72.16281569764908,1000.3289797877472,87.28910662276091,529.5170174724956
30.922102372209697,74.86678480383546,1013.0548614871312,83.02026014743045,495.089161090163
9.029605119897376,47.4732733897782,1031.0133277412187,81.02707199835764,544.5347565350098
13.545768379351067,71.56853978427205,1013.050283641449,79.38276483861064,525.9501940926451
19.153991925148276,33.69337151604071,997.0795377804442,51.349374411542115,536.678635159822
37.78463813804458,26.190298703452964,1018.2516433509395,75.60016952789874,512.1582316086857
37.33752556539916,68.16902670651176,1016.6490081003832,44.8484336084906,492.6312974353354
9.068003141469225,29.113815639831664,991.212964190916,19.063862217053217,567.2618344805081
14.970542608479839,79.36885670292568,994.0767482586405,45.40371774840031,524.5662652364545
6.826576149697121,62.11380362808558,997.0551609813455,24.279673980513778,546.233956247128
20.88941809322639,66.4397340633158,996.1330084902842,45.176651256925865,518.1900209349454
18.962719477091998,38.519212095282626,1001.675959675242,36.768269382659795,538.0502751032127
36.12964633557856,62.062596665582845,1010.4347395456006,63.924460036113246,491.4136496553773
37.27020973385183,27.377096549022646,1006.7272334054543,42.53863739485811,512.109206666636
15.959128249284392,71.08041459579805,1030.0792451132068,73.50306970412606,525.0433378727132
20.17777977774059,34.329325116736484,1017.5449234232851,56.09320129428844,531.7965130457363
35.95321371669919,63.35469367585738,1029.4264957482828,92.75430506638598,487.52481790521176
32.4616045020574,37.346427567800056,1013.716769621292,18.19228918153483,519.6573649954476
1.1425961424413218,28.76492431843235,994.0441711810203,71.8938269777199,571.3485931543526
13.482323003159717,51.482152320216684,1010.8479352079896,70.51571898130356,538.1568813669032
17.44919543550891,34.31074156500342,1026.9914646079064,95.55638926714306,534.6577909961367
9.958935063646036,65.11941935796024,998.7346695225199,43.439668033928726,541.1471021996487
8.783293019941611,38.066121386091666,994.1046425438692,37.489417274094606,553.6955465951897
2.4735957572315073,43.83599059297059,1004.8245632252217,25.51540997922909,570.3316107568379
26.09141927772066,56.20915881954601,1007.5004023788063,33.875966381976426,518.1146350106295
11.23790132884346,40.673255266752136,1003.7815954382658,55.17016954796247,547.1645180634163
3.0415399588212106,45.789346391547895,996.085835353105,85.39416657639794,556.7887687780513
10.008193110594481,69.85919740722127,1001.2877936874771,35.585794313257715,540.6144358487708
32.274644160608936,34.85654172585642,1020.7027082070949,24.196790499165154,520.3774205084908
34.208078084215316,29.52108742150635,1007.3667832331923,34.491562396675185,516.2944952891445
19.839583562538802,43.05967818231606,1018.464725007835,19.083427752563612,541.520510125824
17.22675614593876,48.3407221857633,1014.1336700963429,93.40258746771966,528.1306699534668
39.13629404656949,54.846260517511226,1014.7073822935951,88.53617368200224,485.9538940532272
8.822021723934727,45.48330328962538,1001.1847301076508,37.76425452866371,551.5376185799452
9.39901203132973,68.44514351225428,1013.4694364745682,32.228903433868034,541.6494415079441
12.38281990441959,27.16257182176603,991.0617621238441,91.4857582658424,543.442034864045
7.737535412962405,48.747214600920685,1009.4284684046216,10.159475618886038,560.217487811387
15.795258329963277,46.024075306102255,1015.7680270435462,64.0519775192212,537.2402824273096
36.5225348526004,60.616816994377245,998.1898029609349,92.44033848511035,484.9619993157323
24.998565784514398,78.14519385435678,1001.5451327812028,55.770174001571746,504.70197321636067
17.06591539587828,53.070647364587415,999.8788958917029,10.26702636396705,544.4430041173445
37.44202098827738,79.27822658179463,993.1751079869441,29.698428644664013,488.04157417315133
2.8901050665570707,41.62371672022586,1005.653579451304,93.01974345027406,558.3237952882564
9.200770938172594,26.697747289835355,1034.0534594903372,11.532018176184632,572.1172089632964
23.069655598968602,34.111474211202705,1005.9246182908624,45.53017894568813,533.0501142008362
25.006552304533987,46.7318686626012,1010.7241479826639,81.07702536996804,517.2991977240395
2.5427427559419127,42.39836500537037,1019.3889262930369,85.42818943165031,559.5287756248239
16.718511558378154,30.33797720408577,1019.1823988026098,52.984713936580306,547.6749441030445
26.317004628404035,48.796305922989426,1032.745274100838,30.923537655956725,523.3707776529737
28.224751309732664,43.59636744127595,1028.5903863179606,63.97342459175431,518.9111118245213
25.8874561981345,31.744057125159117,1025.727780919732,33.74002284015714,533.6894411422747
13.501965750076057,41.28644218365499,1032.8232251600239,32.973783219632466,548.1266323548132
4.647284820318471,73.75398304454649,1000.3844423467427,82.68397870573118,538.4309876679438
17.65738541035403,41.612687601913706,1017.7674387579807,23.88392517669518,541.7978856990866
6.021423057354164,64.26754827831283,1029.923854502497,10.496933056179172,556.8506678498479
37.957322682306014,58.66258938117656,1018.0862171225145,40.309769530526424,495.7738109678972
19.531663774882503,48.49496393246045,1033.983921357309,54.18765594955269,530.1421804471182
13.373107799917836,38.146410024201806,994.515872125787,73.45723527057913,541.5078587406975
30.885858773637104,45.295808464027004,1009.769872625694,80.30037318438598,506.811398755273
20.419995110708292,57.565896740907355,1033.9813308558887,69.71672900202671,525.4259951790486
13.091326936485553,44.29142681121452,1007.0805612856467,66.3857992285234,540.8132636910104
32.66674195324127,36.81930384658275,1023.2800368794688,69.91738500874916,511.68368925571036
34.818933889043755,31.405451189039766,991.3681305485392,34.43738658229891,513.6817036453679
27.247318485258404,73.3871815850261,1021.2676701583641,44.4125190668111,506.6689576640927
2.8316124738990247,49.21721366635481,1032.058202963741,65.4792850899608,557.0632994019055
23.086592326494753,59.386457695861154,1007.2217828335502,15.901359431857557,526.0696107467033
30.76850156789398,51.97256986252429,990.9584927067118,36.57928150610701,511.89943021078346
6.323617471259705,72.99115850968798,991.2559411977968,46.577705028188774,540.0645288298603
9.91815930399953,55.081416884651595,1030.141048756999,58.00966145685424,545.5832096722074
35.41730909765732,51.44297798720123,1022.5132248193318,53.7833896624865,501.8810245271967
1.7847471522698874,75.85305447319419,994.8008872901961,74.63186903385943,545.6195240751284
30.356358375213063,64.5829277824945,992.4565624673038,52.6084007874815,501.85128277031544
19.477158408062493,31.135244904077155,1026.2171413626966,91.371698544249,534.297041591495
18.424114194744668,34.77374536582477,1026.4437284762412,44.22865079371756,543.2310523613007
1.2767647673006,68.2917574616693,995.4234827906422,57.283453555854074,550.6569906059707
32.956531007693215,70.97182266489749,1003.5684181749887,10.28893506418241,501.2224398232509
15.033171124826092,54.985495599966306,1025.101172905825,37.943016080157044,539.7989140550718
22.08985962072117,55.49503753266516,1013.6435431929303,87.99156795825931,517.0434932529289
27.414726767090716,59.75631295682945,1033.0463187326384,40.021875513666245,516.3217448473519
28.402553481078716,49.151367585545174,1011.6478190405702,32.786769999921574,521.8661817047868
38.28322229421682,62.41095179161472,1020.4631071904481,58.91832661979994,492.0390734429215
21.722258176227754,30.966469166152862,1012.9402514583713,17.08570885978652,545.7746998746364
16.589062488002675,77.87035833020624,1032.433447305827,57.84446184853593,518.8144074980651
38.19444143317661,66.25851530872069,1007.9396591430424,37.329921841796946,494.6073978166345
26.042299165995324,59.71458122049538,1000.340840483037,44.47926008869488,514.9384261121797
12.62786389478567,42.39771313552144,1004.6985237126447,81.22285039034304,541.1141216396645
5.9321055707392745,33.852551810120104,1028.3748841874353,69.57676167527066,563.1101248426211
33.85962555714207,47.513863010591955,1012.407235358046,50.149548381145856,506.5491909682509
15.12508250897191,61.38672073157321,1005.9413536576008,61.97646817764455,528.1395717532886
26.758319133212815,59.8540358882711,1014.4917009814267,79.01728797882063,510.4485353847192
19.361840355270026,46.045263528606434,995.9953368274579,77.12053706765694,524.7650377451773
8.758261412006496,58.730751660822136,990.2411687081518,26.678953949606058,546.5866449499061
24.465777736198138,69.75615625621512,1002.6263107662071,37.08272997992843,513.4610051973591
3.36663968907661,26.445662478568387,1017.2252573902595,41.34132378694227,573.3994704329224
17.120355934976498,49.78415763616516,1022.0256346347625,26.8788061004504,541.1256964108021
22.31798264688317,66.72053756567351,1027.1974934858385,11.094530860567378,526.7717890699661
18.005831990624582,55.03794587548575,1031.6998601727512,25.657054190993097,540.8033641933479
30.198214834788644,60.83118483609885,1008.5450556134145,82.74198943733384,500.4523737513101
33.28907322726719,53.41720159329381,1023.3232559800855,59.1328406253224,502.16123090895036
31.078479887293945,79.55309995752711,993.3602818589128,40.74922242884628,494.0273614073141
2.5137049646602825,28.004184506897104,992.5888499447436,64.75100010665183,567.0055464879908
8.571022047392916,52.007465197480755,995.615909639377,76.58507128121126,542.0446024141069
21.9276928612872,30.02791020129847,1010.1856094023843,41.89850047187764,537.1255703212697
37.45805957730825,33.78820591624637,999.5076647324438,51.9467357381477,503.03932509224956
33.563314227032556,46.067109273004405,1002.9116223872018,15.779189500310403,514.2686083683695
33.858845825720266,33.554705032526805,1019.1546078080536,63.73814825912313,510.53334712134324
12.825119556627321,78.0027941276158,1006.1334980461281,42.076638599696615,528.2078069008463
17.7484679860694,77.07343771988374,1015.081720097311,49.017128284070886,522.1917355082355
19.357531945321558,43.48603054213321,1008.5581690531467,48.034055615223224,536.3580770071711
7.1374917506465065,60.186124162072375,997.6036164983918,66.91683598682886,542.9451730246731
2.211657079533796,54.35643263265824,993.3308995615153,61.52188140590328,559.4324873445179
37.92921307896016,69.85728392836728,1000.630417288945,47.98954429989112,491.69494876066665
10.387790840876763,59.50950853993182,992.596521127097,11.525951934165583,549.495464249055
10.358007245221621,25.013884996980916,1017.8375381950414,65.88663531682414,556.5174497778613
4.251783096981622,66.97459120853563,1025.8072920659745,89.16197266308943,544.1457366038984
37.21180232580736,66.0766466712865,1005.288334570683,79.25964144345079,482.2084515157871
23.60974748265111,53.03474880615646,1007.4199974908561,98.34540690250739,510.3142712816033
27.0144374278888,74.66054352781796,1026.728597824169,22.516780421864205,508.8478662871335
36.55149860325905,74.96454131297209,1000.0175810568102,30.026804750906834,489.46449904814443
14.47918658713079,53.81514221874185,995.3622119337693,58.53407186997812,532.3942593527926
25.23878513438528,58.43935271580957,1012.5503152798989,31.22935321094258,521.6077847498344
2.513178734426611,79.80871395585697,1019.0785576289957,13.109480315352085,553.3595639487522
8.284128601014043,41.435112914627965,1016.9844491270916,46.20594485475515,557.381510585652
33.418586398507756,42.853948327131256,1022.1242870373381,35.88802607385843,514.9502066895295
30.903965897195093,35.0525646464923,992.5538031977861,33.738476109299455,521.6969489827385
14.675064966828728,74.27268165368274,1009.2690725741268,95.78555353218238,517.5114897012211
15.695614483194287,65.94686144720964,1000.7356735775562,31.46087046389046,533.1771314695027
21.808622908589598,30.810356687863305,1024.160456679571,21.648931406865803,544.1105628083182
1.0093991827202475,78.99720431588811,1029.2728717827158,21.2787332117066,559.9002026121341
10.408529105483087,65.20289394886137,1002.6601083362887,82.56916661396762,533.982494304703
9.121040535720363,71.7787160282736,994.2848135581233,74.33632670740663,534.860675013471
10.768834923240775,27.64829340452605,1001.4042582896128,21.6537576010356,559.2723218280964
32.43032785880421,52.772850541819224,994.6803820076514,29.777780697470767,507.42292462437007
11.907280405311283,63.42290576998716,1004.5089974751054,77.26087075991772,533.917801649421
8.469331559955778,54.86206215145127,1014.2189360244821,34.71547580511527,552.9643742315748
20.666274970928228,61.66561061346026,1033.8156429479193,98.3387867641617,515.4316155961136
34.760156418536546,69.983073497476,1007.9716614458112,58.65130599588179,490.55898687658095
10.412638449662495,45.58853846281079,999.901796573458,27.28071733690794,554.5743868384242
4.062913468919149,71.67677715902903,997.5060783166875,87.29276090614599,535.1812686839924
14.899784698136923,33.96038576209099,997.7867894762404,38.752799130751164,549.8126961544073
30.158421158034134,39.898733026450614,998.6668957467657,35.992661955794006,518.6150091179127
22.47693124309699,27.384009096002917,1024.302016014185,39.46971101063486,539.4080995785309
32.85494141339955,45.04347462343881,992.7462470144588,79.13775234007339,502.7913241813989
38.42409375676012,45.89502496532661,1034.8831218124365,25.589165474435333,505.4874996769548
31.913836593313064,69.2898828463988,1013.5208876024817,44.36072022348442,500.4481348938401
24.548320074906382,60.92218686593108,1014.4922352435372,12.77494955059694,524.1536724446566
20.24032193404284,49.01974069856166,1006.0903745414822,84.3963955614647,524.2763683592642
2.5626943675824,60.866268824306154,1021.0614911735454,40.664688967630475,559.2455906923935
39.38855717374761,27.903084278363014,1011.215535339636,32.3355627827537,505.98525662325903
15.955763780426658,34.91493448101068,1004.8077578234047,62.19039181379493,539.0806677693017
6.936900342757806,59.48213203829653,1001.931228166862,73.44926953762378,541.1074498666513
27.00164536046181,60.27517505739162,1031.6543043119966,83.16064334646488,508.7058419179368
12.087243274722914,67.5774062289085,1003.0945281773589,41.30064509491611,537.6172876328427
23.845352566310858,47.16498674794812,1009.6376966743429,83.10707651341626,521.1789407409259
23.88394840593906,64.7404753138886,1005.7653630952411,51.83929003343124,512.8184726932682
18.3834630152119,62.61891829081042,993.8780472342617,19.102804079070243,533.7860572746013
33.608626006256664,77.9866358103417,998.367047751702,86.16767344442013,479.2385680398998
11.333715400662278,36.832162453357356,998.5275888896872,59.287130389415296,549.2140797781972
18.496671073091633,55.34237600639517,1021.2142281475344,64.2222614752647,528.8021813850274
21.969993015047887,58.09704431607581,1008.2963434484614,94.37421427252619,513.8434624183558
26.881364109924686,79.92563367138214,1025.1885403381796,60.323633644532975,501.48566403584175
31.57490216971799,36.065127819165845,1021.9027915950371,10.50251776101901,525.4581789759455
16.397484032251988,53.77699109820107,998.6422394878217,88.35542569027923,523.3187328623015
26.195830819767245,44.04019192425014,1015.3312614054046,35.6275972291114,526.9653382306049
6.873827169672246,53.92411327184499,1023.4308980721961,55.159022870560335,552.4759205586819
37.37327592115667,37.767073115670826,1018.4869315564075,28.43979423052782,510.7297679205814
15.939293450419138,27.618680813511848,1017.0007428639591,36.72852116094761,551.2962685135878
29.4513354570811,56.49109996437289,1023.2824899330345,71.79839632603304,506.0546566736667
1.7933021934049282,43.471987372345765,992.5551332665339,48.66160159341226,565.6087171619997
9.002298573287472,35.00677709616385,1022.9139876312645,66.44175675232484,558.4754691325769
19.99621922861954,42.816456134291855,1002.2694868419043,84.12181221816559,523.2139013806977
35.251846241561516,27.71041107962597,1015.734251452921,40.67398199677106,513.2419596217264
21.562950848076408,77.27432287495569,1000.9037247613428,61.150603449343684,510.9421894470281
37.26494880946128,56.96313532352933,1027.7467907493076,79.98291040358227,490.5552213027108
19.86807896672906,69.81227747408636,1011.625170943534,74.36108734924372,515.8698302906942
20.127514772702046,48.27150086512518,1018.9323545411243,58.58590923836658,529.7631979538143
5.670124751520744,74.68230671614022,1025.7336919564527,44.50451596546196,547.3691068274528
32.30359352193658,51.58250218537393,1030.2891864782114,46.675178310971575,509.18383669301414
10.631651086215438,56.56699272103682,1022.9427943681203,48.982169079663905,542.6609537253745
36.084887085520286,52.04866890344613,996.6945859285682,41.39609760515367,498.83339994398256
36.52214459288545,65.33030627272083,1028.4539566313604,72.91680714007282,489.5361175217783
37.78909436309184,56.16608426811343,1017.8360062139478,21.287372704464673,498.9127731551371
21.28898907502051,39.93794079692188,1017.4252391271123,97.0708708645549,523.9654911928004
27.40665760656213,33.00467422274555,1031.4603251912215,80.10869517743862,521.4114819918789
31.362119322404876,58.336841388563776,1001.1974200049648,36.834674695009646,506.41696438714155
6.109570127368158,51.904897885086996,1000.7814428322315,13.829281234357207,560.7810571321291
24.437330604902392,30.278663318286213,1013.0937099612732,74.01728551410335,524.1508299836146
2.3376181508291554,46.75896061862976,1023.7888379940689,76.09231404728499,557.6668593320161
20.40507725216031,53.31270321002495,1010.1258318702829,96.72603494748189,515.9964877660236
7.038864583188869,70.47912786040746,1018.5251125451581,32.83350018176485,549.136004514114
8.133994112521304,29.18555807083493,1010.3636125900224,17.445258118380142,572.9256692025317
15.236855101011459,44.16724415353016,1017.4674231219136,92.36212819465894,532.0027162547293
17.865049501943616,70.2460867490712,1027.001803617617,33.278413115149775,528.2938807867628
25.303724556755302,60.66331624743683,998.1214513240916,74.93783025914937,507.5593582694704
3.902708319102111,40.94770769920827,1021.2920340302693,15.459367404491012,571.9810515797566
20.64397868826034,71.49343171124534,1025.4341582702182,78.45263244785502,512.7301945441193
8.122380079870943,52.13114693094808,1010.1200133366802,21.432330742342636,556.6052373294522
23.385031826237935,52.409354022075334,1004.5455109680535,72.60277132374432,518.9663157672337
25.858779878186155,78.71230365602113,990.6094945765981,57.910874306806434,499.1291691117714
22.7116610055613,77.09140767800082,1025.8697260050342,95.99393174205343,504.50452123413197
29.793524908654,44.719297585341415,1004.7572396566195,13.322587876960872,518.2351007155837
14.088760525395152,32.73185207646953,1006.0789261233623,36.28438712200523,551.1122522751083
30.839157073692103,42.91167027529517,1005.1202773394466,16.255802560081943,519.6471885006735
17.877916186619554,26.676579317126343,1012.4432698865552,89.12778717157471,537.441956658832
19.883195434581275,26.142233769071517,1021.6124807948585,63.451103829499694,539.9860377340214
26.275982963181786,46.753717493828056,1024.733840895023,58.14726511221091,519.1804487452862
1.7159769759697343,76.75609024834787,1007.6656824181421,21.83121029046788,554.4019581460115
26.505774635389685,72.92465376777142,1019.8395915770326,54.01290315817458,507.4849326820349
25.124820813812498,53.129355865469265,1022.4307912622091,45.88332896582339,521.8095723502346
13.084037553377916,56.087450964395686,1003.3612799254822,38.41766813251209,541.287999977167
4.3459771110800895,25.326342321033106,994.3479661291692,79.49700599487349,561.9022706061885
4.546482546608605,36.8525635708571,1030.259957429001,15.514843585010029,575.4737499530836
37.005726132423916,26.362576981391108,1020.4702187301717,68.20171546259816,511.66579341875536
27.881893527807648,66.4996742982463,1019.1649683994331,84.06937280819906,499.08854814903606
5.957001937058875,33.01051878145738,992.650613184539,91.65765545742919,554.0342056614332
14.912203603047347,72.79759063622492,1026.8042875876768,77.13249352798691,523.0768843845236
24.10683676216226,60.38283725216835,1015.4724370238724,35.4210110972394,522.7305127907531
33.5872964985353,37.61802720836423,1028.1547987792906,64.04567144713332,510.71500988453977
2.7027762198073324,33.67461743957874,1033.8552532681542,22.726324982291974,577.2443103107207
10.228692127330346,59.51935855076792,1033.0695144396109,20.53545613702984,552.0184707587595
35.70021062151982,74.5460339155278,1028.5240205875593,67.47617279246631,487.2286935067026
1.3574564571688428,64.509812040291,990.4926318224116,86.59968891257824,550.385959911472
8.854565008961607,44.170065838185764,1029.857724370663,16.052331312965702,562.7715356958824
38.401942862945674,57.306097739775595,993.377804122244,19.540335891996886,499.51638220058464
24.92267201436467,42.09189324548318,1028.3037286579545,60.90465766864212,524.3015738915408
11.205183298862751,79.95322617282623,1002.6078330875231,29.63906749174062,533.9413154628662
3.612652681438057,66.18615536540182,1017.4530752340015,65.0636310499883,550.759978523241
2.0994622774416642,58.79099018662145,991.7130704017446,29.30894427298059,561.5573555293917
10.545058105840162,48.27925285212061,1024.7031763253203,20.48337768754535,552.7555740137851
35.37794696396751,58.99837596427565,995.0267755004837,59.10174839483446,494.7581005467677
17.22063251760287,43.78888343570341,1008.4809677254098,87.5975624229357,531.3846799295497
29.093001397473728,26.587566170191693,1026.7850701046386,71.6609774935477,522.4245246612123
36.813116379818354,46.72986872961481,1021.2907048428751,83.68526237823681,496.52132929152634
16.913578002509848,76.17644507689269,990.271921358613,33.97016569510434,523.5245075581851
8.459817470458486,59.44656021256262,1008.1364550544147,89.73807861673231,533.4215763410772
21.16759930341986,29.61756366889959,991.8867382634029,43.93352571186436,534.8697252234175
36.415263795334326,73.67464873672643,1020.3074937368311,86.72029010712941,484.25186102067784
32.37060215137032,39.78811671378332,1033.6026821288995,52.40580311338535,514.22920486001
3.5673638911629975,38.40732211955001,1019.4867568035341,34.10718826244466,569.8817039544809
28.01033920302569,41.34000328291765,1000.09675940029,33.42329479241136,522.2290911686592
23.304003375899196,56.74612298692766,1005.9854864429943,61.090109592818756,516.4096625579961
36.3910638775106,54.95784513886871,1033.949275004631,17.11092431861612,506.0557481441403
5.776775257161592,52.02775650425849,1000.0823585414557,93.70505751296578,545.5130495902085
21.82740841498161,64.46452749319448,1015.2688082874499,34.431714612868205,523.9809312840016
35.2990450469638,42.40957522342275,1008.0204213906785,40.20623360612697,512.3945456625569
16.990927682927975,68.01354868648372,1024.57418840677,30.997139836710947,530.7120623432675
19.797801791581815,34.64269231082295,1029.032517239095,10.270716450464924,551.2329973702097
3.7479664290113734,68.04414339923551,1005.3376773457634,72.3295213127918,543.5786224343786
11.847601977507523,61.50955578876555,1019.7178363664722,63.149761093080116,538.2385703516255
13.655759317588947,62.57645702511726,1014.7071463882977,82.8680086177404,529.3842628701266
37.85977550105059,51.4854368419993,1002.5300020524945,13.690969610588244,503.3727608578907
12.024027061105203,61.68508429744756,1002.2373361265851,93.57900802599883,529.0108242450202
18.973880675516426,29.388837560770156,1014.2384241389536,39.7798246054329,543.3752435126823
27.18087251900691,71.8353114377152,996.9301293089535,92.17628762552144,498.2223382636486
7.325151523907218,28.05509784182053,1026.4864453417113,19.64183338607856,569.8222261118343
19.971253098533104,33.18078304293236,993.1052177640181,76.9528523322677,532.0163560517524
29.803022539560395,56.723433967348,994.2558518793743,62.142240828909394,506.5016961344276
34.807353308055575,65.66763005011804,1005.400183901727,42.237209372732565,499.3739317228426
25.42411171183464,29.19383603904394,995.314129118871,17.122815633971737,537.6900696220644
27.093087097360968,75.64206477672758,1011.4065009564972,64.42628588620664,502.8116626475903
5.9250554307981895,78.54842068403843,1007.9854150698842,12.379589476652178,547.1078495679021
37.88528339260754,58.32725951542411,1022.4814408148573,55.11538892314068,492.29637612783915
6.170389021894811,51.46839004572601,1032.8851869844375,64.37877182142896,551.2947113016251
31.212244550090134,65.77672347538623,1023.9101363132606,75.92713725587699,495.66665311344184
11.327836549354434,43.059654377996296,998.0751898296272,99.22011708023614,538.0407545127907
37.41013260434881,52.129543875780854,1032.098457845898,33.40843421569884,501.67031491099874
29.0784220354097,75.38830647479207,1007.646004464888,39.01508392361275,505.32472202961196
30.39873480615639,77.56104838828435,1011.3385212417111,40.70308121280928,498.3370658532647
9.54330774933545,75.98880138281518,1008.9709306816786,75.84244406729516,530.7447612892408
18.27855908877127,39.43464368301121,1002.6246160479474,93.86373414305025,528.3416990380105
25.09471458898217,37.78579721192199,1030.2769929508868,97.68913746234028,516.6187720617235
31.028971110057437,41.371547826112284,1004.9507489653478,95.12302299023162,507.11143005048945
5.054415660583193,49.27211118136531,1016.0368411355796,89.1444706943719,551.4317503642411
38.53224734172661,42.279207703558,1000.8015112968449,99.18796364385679,491.36595351187236
35.71860615162768,45.581703765648186,1025.8818918646582,43.835115415104724,507.9267164681889
11.54359502932779,59.135032366641774,1024.8389396788134,95.34891879988358,531.5491529018035
33.08764947826095,66.93891224016868,1003.334046230117,78.49179661563204,490.1277221884577
21.214632998553114,65.45570090473544,1020.6699332914554,25.161387357518045,527.0245012902649
19.010452780918726,69.79329618935336,1021.6743089892727,14.091866908948209,533.3194335487757
13.262930126644811,26.77014217684712,1015.3130137247144,29.303556208329002,559.1842026101077
23.657774878632107,27.625358432331584,1017.0269272022251,80.08760118588636,531.2454318390437
29.465675590440313,68.41606283787462,1015.8504587230858,66.85271931032958,499.916509863917
17.02638329354757,54.31933522785475,993.6838981797681,30.192063161201666,537.7185214633633
25.53954852732339,56.79773705691662,1020.1619405121203,76.77293090242233,511.45261520881763
28.273203925056848,27.89227731179074,1011.1398754427411,22.719001549438268,532.2126000558812
28.73375086359615,39.042259064419895,1009.7305776243636,83.96572544728251,512.2057093955392
3.0266778271160297,60.109486768701274,1028.699964845181,81.47448783736588,552.8506477912392
34.53016442171761,72.2550039560872,991.0452021057503,97.53183736354435,483.12187877930114
18.871879275836868,75.43408684497714,1001.309171308144,23.525160816638632,520.7858966882054
11.234227186152363,52.52307227092949,995.4631574929235,91.59516949731403,537.3947324477349
10.428815791707581,55.00108280060087,991.5903470074377,40.69923973496547,549.4995953138949
19.83755040091407,70.8177297087945,1002.4054648954176,47.445387831578046,518.9243479811211
35.58643003928941,54.569353041104506,1034.4814322757604,52.16005565980925,501.4222783610146
15.75555568562323,53.427218904552454,1002.1603127943408,66.42136478823002,534.3370082238704
30.23930412455819,74.77962207685246,1019.8667618908097,99.52870331062384,490.39391197493666
4.775930508501526,68.4462996580734,995.3234500518324,63.99629227497099,543.9053131857835
19.56621138389141,74.9989889498712,1017.0831433521254,93.40442785363665,514.10269126632
39.67575947531669,37.00358801296346,1034.3016667412242,32.952538187625066,504.21290365172956
31.04707430890114,53.840651766044616,1003.132688555721,45.85704956336347,506.7588730435875
9.210611049183907,71.33596707263469,1028.1634027369012,55.40495764947227,540.3239113060589
20.556217474218517,31.113130510690993,1034.8907121164941,39.061179080800365,539.8799894987992
10.111365782294095,68.7064184861679,1016.4849339924335,97.9180392667897,528.765199527866
16.972876163237864,35.06353608781782,1003.9230495192616,75.31151985075044,536.4827245838885
31.423276925663625,69.44653152419266,1020.308906695462,53.09932169643041,502.04940974241384
31.07776779632574,58.66005156562775,1028.018169282088,77.61742310888145,503.3940305592361
9.89591473819302,35.62797953166769,997.7107609332891,52.06982491743861,550.3640203176012
36.96670940803955,51.03447986330406,1010.3632093728654,11.550279463113343,505.2827014951716
24.110159127828247,62.504784155342435,1004.3634469555728,58.88740670293025,512.6280722790219
15.817047347518566,59.86190954859483,1002.7511548633071,66.26666968850814,528.1869897952976
20.575487650453564,48.49859579274374,1028.7369567333078,98.30866768467055,519.7316920899897
24.597778884072003,74.46515909065099,1008.9744303069828,13.671356343455592,517.5578861092953
22.835730741985632,53.559487796831434,1005.2584353811761,56.08872617096205,520.0356649313278
19.96979638591095,52.82270141907786,1017.1579743641706,18.833928103752562,536.7692714834953
20.692379359486605,28.423782446779985,999.8730710836821,23.40963114138644,543.8414983219617
7.880064506687561,75.71662143887005,1000.3452070755635,64.94170050716284,533.0576034966303
32.696583267882495,34.74141127731052,1013.4129928892177,30.84109410398476,521.7250795527721
22.1286524776996,54.058958139010485,1008.4172727890783,77.4256700165522,521.3309930147989
6.112114606483421,69.19621807701705,1003.2742072765046,56.277882333574546,544.0526195611764
30.88012696172834,36.84993023256038,992.4278009523346,29.63915966491635,518.827342089171
37.36531515671668,54.005530948396256,1013.4348407387334,54.44125098409585,494.08231549401654
37.94496907024152,38.23767000728375,1026.7474142520484,10.079355421730865,515.3813177505269
15.391691564035737,66.78322487899516,1028.3119742378726,87.64660392920568,525.8504984532306
6.285158068869407,56.03876423302329,1000.5947990876737,11.141053935018652,556.8706105912611
21.21758543868954,72.0786723217329,1016.983854177637,10.630890324296429,523.9675919350352
5.391759944619607,74.20069015825607,1028.5146589258322,65.03535488616824,543.9527228642577
37.425509321992074,60.6803415344969,1008.3926667724319,97.61688332110745,481.2589149714852
8.159605466850694,64.89651853874194,1031.9461567788387,87.03401359185808,537.4008910023113
10.8578685380954,55.207105493777505,1030.6340338108298,32.68170213305065,547.2982155090672
16.858824548513844,46.14358031870606,999.3660253838465,27.700013003291712,538.9622575717797
15.943414273805905,60.6464857661459,1001.6534174805091,66.35009625701099,526.4338049323297
31.99185280351767,74.95587429180308,998.1198899390686,84.03739723198696,489.75324566428725
18.79635600148753,47.91742092372908,998.8224458154616,42.58708038100268,530.0635842801228
7.659962140130139,42.29255145055875,1030.8537939228074,48.91191313303683,559.2357577481177
11.42118592395689,46.36403162039157,1031.901205913668,20.394056230997606,555.8870535374696
20.85542202231336,48.946869661637976,992.3353758533309,23.754377912982324,534.4061550599234
6.750702779619261,29.045856593774392,1016.7121510052492,61.15164355234187,563.2807910641156
24.85457135019455,52.414301223924696,1015.3904203285907,19.239053117359326,525.9881737177424
23.06414495549469,52.18728364275328,1007.5746441026007,28.18415123163109,525.880911971787
28.87339033890805,57.36441052022877,1018.4263916770399,31.120932161069565,516.9449682131601
37.57047999979534,44.95510167592323,1032.6315521479883,49.95320798922673,504.1619949478708
36.57792788294507,58.72091777755743,997.6614697224966,14.105076771127258,500.75813122231193
37.896949104684424,73.30189706508116,995.4184909372404,54.97938745236448,485.498338130612
10.543908283924337,77.55090447723404,991.5025756873039,93.58069657546733,521.7878746735439
6.13104695893483,57.09867188775773,1006.3724988528064,12.201729500716535,558.6097997841879
12.788791319361492,27.342502468367222,1005.193281468504,66.78863786867188,549.2615575469924
35.90832173788627,78.307979849691,1009.3868859671389,85.22581286363881,481.17224077974583
38.910085510316044,63.822413349294095,1012.6489513896427,38.12147582942595,489.7028566794834
34.513673091748565,43.47800067045087,1024.1020797313704,21.83666905173024,513.5820848862858
5.2906911239742005,33.093673553004784,1007.6451025705883,13.900580884833674,570.6052057139339
37.94969192433194,32.888023672995125,1004.8775899212555,67.95127534922223,502.6714705453101
17.510963066680652,34.22594233767815,1027.2095469116832,59.70109422061615,542.9250069946629
1.3631013397317935,27.506488688760115,1028.2408501794146,30.636548955279782,578.2816266168048
18.25335588917955,74.61848037591014,1000.4744683932009,84.84555768685732,513.7259172911198
2.796697617343236,54.7422528055035,1004.1602320220089,76.1955716937109,549.818279982107
22.211238925283585,63.49776769926105,1027.130236690954,34.87859064881049,528.3921379670703
14.203607070045,70.5459680097569,993.5733709933994,77.80267205781705,521.934379818257
19.463962410167902,68.53475534832602,1004.6631051175832,32.049479215069525,526.852425986217
24.913644068981565,73.54330930508628,1010.1757548168388,70.77407156797247,505.64887997651107
34.88324273689499,78.19900423887236,998.4182226840257,20.669053696649147,494.30226348526395
26.814161482405215,49.14888381080667,998.0961388474814,72.30155169998865,510.17722311932516
17.92790587064905,77.26845066676148,1009.1187926106088,31.489697708403423,525.3963655369944
32.957686293144235,64.7809471588549,1023.9534776130685,61.52224188175427,498.4738847416977
36.31770336535216,28.886750466944317,1027.8104840796432,25.521748016669427,518.8017368908933
5.670638690855691,62.498071666678996,1034.0655791641277,75.33702528111571,546.7015387376196
21.745386124558866,62.769416278266675,993.3292822541274,15.479161695374653,525.9707788488317
12.095966429955322,74.82233100858899,999.7506990515697,24.887600812244692,534.0393014760305
2.8353867172009486,45.51126728585506,1024.048342907289,26.572283188375284,568.9252657655031
27.073321109445427,57.17013251494998,1014.3269417725048,13.72092272685987,520.5316869607632
34.6480603209098,25.67031530564584,1004.7455898283088,77.0511264544221,508.4515250659736
7.353203524618368,43.26413831997348,999.2515347561259,98.28572542659396,545.6692243653839
32.68413264733212,28.42340493873295,1002.6214898239101,80.05580095705142,511.9346214680535
34.282433607940725,53.70301350206933,1009.3180027635428,87.4568765910156,495.3820817322829
36.659277263992855,69.95962077788244,997.9718048777714,10.540689430444944,496.51801154788683
11.346118474356045,36.35434806709879,1033.3901680144538,20.608296739713392,561.4393882761728
36.254169542405684,54.009257505677816,994.8414800069944,60.31183053653761,495.64397638818633
13.505847434720858,36.22047500809219,1034.3509845520148,98.00819963147507,541.6077500513528
22.54118252476461,31.637865731543222,1027.8851978700302,69.46416379433833,532.8349276577253
2.969791362459003,53.10482355638884,1009.0418227881182,43.67230243642699,562.6376915404417
2.7113624463810004,29.35317415223502,1023.2917350474695,23.15343749333133,575.7312994036722
29.094555296555914,57.30450471258941,1020.2181859663374,23.755212494438567,515.6111318680149
18.33471914113385,26.723560337219944,999.5979113077019,42.64778820851054,545.7423080836629
10.995402639399485,30.869323452760653,1005.2581538753526,74.24291776096065,547.2853735530783
8.426126344971497,55.249861701804676,1013.0905153262456,12.863736192241959,558.7095149889773
27.128186143509506,57.52740770944026,1018.7029880949477,86.69598323154747,507.4462990015971
1.015660216988255,26.594281155156693,1014.4302741610479,94.73962921208252,569.2835761343786
32.42975559867732,56.53572334008571,1011.2844357452914,89.99348144777481,498.72784929442196
4.0907346390672235,71.11763889280004,1009.9418523054705,92.17242184572036,540.4624649225032
8.468094981416659,64.72738975116746,1012.4219024682758,11.380535147643737,546.8946299642771
16.063219416664495,32.215180715643925,1009.5458183930687,98.00130843549063,536.6283232878511
19.90949084892804,57.58610561599882,1014.3598534895572,42.972140340131396,528.6351947719166
14.844809516743732,61.97388750408174,1029.9593384571,88.23530065286573,525.4675393218146
13.507774434387462,27.04771609637605,1018.4773190874575,26.812798362965275,555.0679732925615
38.59272447085435,72.04412177759924,1022.5179393744843,50.18731683960132,487.6487042387934
26.021607568492378,74.84470685094067,1016.8867410178849,13.974794976157899,512.1340873833644
1.9138852593281401,71.77487503492422,1018.93579570863,13.606839715854452,563.9626150613728
17.776860429328213,70.35473073940122,1016.0257422801681,94.89484906926744,515.9741648352982
35.125339290014836,65.97308591534913,991.208993498812,82.95459512761352,489.02085007966707
12.75679127001605,59.838761720507804,1034.981927199001,57.6843439972414,539.1420455729045
4.687697446201141,62.324485274353854,991.5124158095804,57.29123562080841,549.59597407241
30.577006092006794,69.35174113342407,1007.7816603705144,77.38791566285677,495.69262923461525
24.63453944550717,61.43741520987175,994.730205523452,40.75019034134411,518.2732497379789
23.24218780523365,43.0249826175139,994.3617802698419,78.5682348275757,516.2974379002208
3.089485824688909,45.67786061887446,1025.7087128253518,53.65075419939451,565.2170113365579
6.479461382025176,74.33816076047607,1009.1666600711135,67.41256626203185,539.93957020869
25.279426452311437,25.941714718843905,1026.0512418734445,96.8346505092833,524.4560657957393
9.105129816894596,63.43513196843551,1002.2753911806374,52.41840017682354,540.8187316587414
20.65873311018855,77.51276538338685,1001.5408256312805,47.65641937718051,514.0824918966397
22.250385755146347,63.84254934768855,1001.3054121816508,91.51742565472227,510.42062099087696
12.056780420566637,79.66515935274802,1017.7265531883563,91.23224454247095,524.4195007062593
37.98858106611822,62.814969804058194,1026.674972543052,99.31768316948582,481.9486513838111
33.85610016658743,26.88996660692736,1010.3517454533858,59.57766993774783,511.3301427721504
29.172566797679142,70.4855434905808,1007.0662000788487,40.98353869239425,509.7256822567834
4.041760789966954,40.65464515666255,1033.8110799390743,31.635105685993324,570.7947439854643
5.139070753051758,49.53314741154425,995.2539316205238,13.068672125649563,562.1123344475732
20.218472488733273,42.16505537488952,1011.8984706920202,75.40557617897969,531.0106471042355
7.267820618448441,39.770475841532374,1008.3819488931646,31.012855636190203,563.5356965317352
39.15235307764949,48.7273137018382,994.41569684641,64.59767967030916,492.6687061072308
7.182289127068969,45.83132966423706,1002.0690162939699,92.49331288279559,544.9103504080061
20.011245583094986,59.83362200134242,991.2798545660601,95.51922466550741,515.421732511231
15.200721216818712,69.72331605431307,1029.462943004233,10.396912058227928,540.8230733187329
25.93607043670982,41.339875925298244,1017.3532288045681,38.53675282387208,523.2329621023739
6.032419946687572,36.75466340521096,1026.6758324041614,85.36402265187041,556.8080810673431
17.782340693653246,61.679239897868825,1013.4699503581345,58.280068481638175,527.4394995475307
11.713496279478601,61.86760362069299,1016.9779423239852,82.67578601339375,533.6766952391696
35.62230946219584,74.56221816073945,1021.5384515014124,86.79909545541442,483.4851271797685
2.582842773253108,25.877012754932096,1030.8605232358896,49.83635979471905,577.9033031460312
36.63537226625191,71.91723641640806,994.1288349521631,42.3084644222307,488.6262684571583
33.48677140356702,53.65511951215963,1004.8926777631077,50.988993944547296,503.1821498063229
12.605257941191802,59.171614904465436,1021.9061785815001,68.75156823618397,536.7963631006922
31.78233553240708,30.025429230877812,1033.1257753350626,43.04432375981365,522.1266551531621
2.217328853211155,48.79382130796251,1034.1363342820503,79.74894598279775,556.3037391283818
38.70775646144235,37.50163239811881,1018.7146354111768,91.35935143165202,495.6030755125096
21.537202761001783,38.982376654538,998.7119314989691,35.40800819428539,534.9823509687106
12.827960016552366,52.7252313071815,995.364401013628,96.84906797568155,529.9833526600106
15.140745291192406,69.68507727217118,1032.5719639926192,66.04527220527795,527.6876319649158
3.589808784959397,65.90795115796709,1009.5267460258128,89.03518940977669,537.3702648494356
39.584631047639526,57.50499774972746,998.7667214968208,19.352479174489496,498.4181536528376
2.532385860877006,54.66800060144068,1032.0251632099921,32.63492233506149,566.5852973554092
26.5413778027665,48.501832377896946,994.7035922203941,38.891717148933296,516.9909571973595
18.266701180551873,78.49904854587625,1022.8306993585684,37.2539936057062,521.351750326729
38.00773250935989,55.81059048288283,1018.1368362394501,25.467504093867866,503.2980117689654
10.593989871965011,38.968151907172214,993.9480598971402,88.13808527723491,540.9042298565021
21.751386133582443,37.65499356220218,1005.2436958037749,47.6750927160595,533.9662765940883
19.811892134727366,58.6244166926328,996.7468810293004,96.68171912201093,514.3806966275412
28.411791317953952,53.75551400210108,1017.2024366639922,62.51251301111324,512.0190436041793
3.6523990461444,25.423379162509203,1011.4700864254843,22.455517208037676,577.4701733869406
8.55777607091084,70.65359547076787,990.1923806097221,59.13142388505614,535.8956949623833
9.368027983621143,63.7267294827839,1033.9069754827758,99.4190632951818,535.5581135238342
29.787879438825897,61.40061093229569,1005.7313092450294,60.86545183893473,503.09545772898474
8.376409156742863,28.782936173371244,1001.6191976776672,10.168241061660634,565.0908012407009
23.36617879174809,44.913071759487025,1000.0099330107346,93.97719132313772,514.8344527940484
9.394508999537194,76.44602434030324,997.1467153278105,31.14049655153704,536.2577266033932
34.603373053275156,72.442408273775,1034.9611684297429,71.96761477620609,487.38707993910856
37.7452327250959,40.704861582824336,1003.2799260546723,56.35721394598984,501.5015002523799
21.221226022747377,33.63823862545263,1008.2481073750927,39.28903811567976,537.6041435794808
14.740046484157952,49.69983764427174,1029.211016228014,35.43755713087498,545.1594698346258
10.128253225682466,44.57067082672135,1018.8849376594295,93.58838762563943,543.6961277324327
2.941459059398707,62.52245071882951,1006.5912485285372,92.07333063278534,547.2015447334846
11.47150297170232,78.15391455463758,1030.4247796165735,56.18213560484013,532.8942316966038
26.5151954178674,44.96507974904088,1023.737589099612,33.26456759816253,523.5517365700584
21.811060321059223,28.42232949587331,1000.2555228393765,19.210782895479802,543.8713734295004
37.81760985295617,74.3687704588312,1018.9682547569964,24.091874457317704,492.2659770979148
16.454813237176324,27.087235163192894,1031.507932423158,57.002655316654405,552.9681903287209
28.060670350807385,77.40212434343331,1012.3407395302686,37.704696452110824,504.4987025391808
20.083587151529734,61.55186854049719,1023.012558127425,13.786132803396104,533.3834376805271
20.990472421044256,76.79290646430721,1033.6996684795122,50.96506467799901,516.8079991046897
11.443198269560583,35.981282765693805,1021.0686363402846,77.15703632178823,548.1848498030081
18.743080296837988,27.23848873895942,994.6097410394736,90.25256043639888,534.0164464047133
19.360614883495582,51.851548805207045,1001.0051797919081,62.67556411147804,525.9212768115984
28.559058348208424,49.78428780135688,1016.7793396804192,75.09629114582015,510.71493412693405
37.68495996825844,43.23207502901856,1002.4000116917358,42.76634237784391,503.48128812047656
13.843529821817667,77.67110609137836,1033.0893767425114,54.66143612952455,527.7837303646439
2.6458182746706393,70.24210526887877,1008.2408415309978,75.66641708590264,547.4784217840931
20.35550989452495,61.38701117565763,1010.5753682579564,75.4892404635065,520.0548859943203
22.233991953817576,33.95720604008052,1021.5720942061553,48.20736381125538,533.7554236177992
7.569181494144694,65.38778745201886,1013.5912379103843,58.93006074024905,541.3273117762824
30.6581196447666,64.98568500848482,1007.1965685099946,93.14698055958725,495.30910967447363
39.412235229218176,48.37874954888041,993.4487043819561,66.87978444489103,489.6624437922262
37.885213963329974,75.86322503427076,1016.8400515278539,67.83171631179306,479.9012429447585
8.687135514122435,34.183783522595576,1029.0411013857315,80.61582631468241,557.4860040812252
35.139166356129664,39.70356593264154,1020.8593098792026,20.370060668437553,512.9769813182812
28.475251820055703,28.477338658784852,1007.1672754521128,57.05958624838548,520.7634967937229
18.700015988469552,68.74980269976732,995.7476729080408,96.34885626438837,510.7026791319553
22.083828778664433,59.19676623524685,1026.735218410691,42.5494352958489,525.2776562501251
34.13440682431587,42.32171681246872,1032.3786763004043,36.543353177988195,513.4735104591083
19.725262645896553,34.00975149768735,1007.4722845858319,64.10871690442818,539.1895634265696
15.555087395099948,27.20812735158072,1022.7888985132828,29.900748210877307,553.158733326637
20.236652228013448,34.17100627442651,1008.484354795084,60.035064087128404,535.802258328421
23.586062357366917,49.930655548571195,1012.602012248349,24.00868097718765,531.2952027886296
8.374028497355605,38.59473329558334,1027.6414371277385,62.181411462811504,554.6392117801931
36.13540148041264,39.24401975875817,993.7540953995019,64.21412652806598,503.27430010635305
27.293291004354938,73.15670016672428,1013.8650906954017,47.656043111103656,502.48468435440054
25.697487776162067,53.33257204036053,999.657912360205,44.44717828948197,521.6721006396737
4.880352821044887,65.1088585220628,1005.2912675473093,32.091245056040435,554.7613289276251
24.56278358873108,26.96410219654787,1018.9992971089023,39.78300770502349,534.8869166174776
5.717465827301201,45.083984562291576,991.2252785551582,54.8511370472227,556.9785052314509
4.069209332620563,51.3543141067493,1016.7221294537924,32.2893010926191,564.8389846736836
21.56512493005334,35.25292703656016,1002.7549007754187,80.45510170346763,525.1634441768388
16.708635827813303,31.610534779504626,1020.1267962363632,73.81317171931946,540.1694776020066
23.963600536092706,72.86670781749135,996.3711608360875,34.23752804313959,515.9139424289541
4.479664554232305,76.6687394904888,1023.111522171728,18.76916467913932,552.2944991173623
17.80833945104308,29.334368392497407,1019.053787389334,10.016203508556652,554.0522751604949
7.8166818867611605,44.19602918983437,1033.7058824796159,63.704696714334005,554.6020013712201
39.496903351040544,77.70570954794606,1031.0055913466167,29.022737180828397,489.13170857998153
22.884858284971802,29.57389532228557,1002.7486288439866,11.132422309138521,543.0945491295751
27.810037576693826,60.40027550832994,991.2292457726446,42.31767435328204,510.61361884223817
13.691312946621704,78.4721754031853,1019.4915852500291,96.579861608569,514.5493499021426
4.694817676394422,78.8023017719756,1017.1299325052103,72.09485268668357,540.7222212707164
39.05896364855793,50.91728319970588,991.23429459449,87.19873326302123,487.377388592906
12.164102379944145,33.951200928030936,995.5204888141167,23.026518843465706,553.5966826192895
17.528519221769393,36.11463732375914,1016.3115767041194,16.595933915749274,546.3601198097265
26.344692946400425,73.92807673184171,1031.032226881957,11.037678715875021,517.5463984669184
1.9631946097583401,75.14256523813548,1030.7925124431033,96.00960610175385,543.1609472435954
32.600106090174194,58.43338041304551,996.8168274575434,37.018246181819364,500.4315651767109
21.92654941111619,67.13970197084512,1007.3058275882362,51.35544481067722,515.7778104629654
11.850470295684064,65.69621883087245,991.9441288958478,45.507126124159704,536.5417179148894
3.4027114264063005,61.40018788940088,1011.1172330863318,75.74112418535734,550.4918776976677
7.337438203503216,70.50023251795665,1023.8887556852942,37.89683937574688,545.1833642284442
35.90632049528404,62.69736426721766,1025.5487720114525,58.19075943526464,494.6417533119755
27.754944733499748,54.37012681611246,1012.4545259968457,99.60240384599207,502.42230369074105
10.746167143838704,38.032599942348625,994.3141353618698,49.96571962098126,553.7267161302298
3.558429832856152,65.91384792652406,1007.1613788831705,59.614438662978,549.7803290483703
27.933997183078816,51.0390827311051,1031.9445881988463,55.2275256079754,515.0128408375657
23.32390131274284,41.21354262041301,1000.3325650433871,82.2867542322429,518.673509120397
16.776261453871165,69.10704516579764,1004.3889502460727,34.015568863021755,526.3512133145381
15.180846518412489,63.319248019416555,1023.6072228958382,25.339421452851727,541.9307996946675
9.455756761235223,76.5536759718585,1023.0111354998672,77.86838424383758,531.0832128566764
27.114839004963187,34.09929020103827,1031.049102961122,47.40563677317888,526.968385451667
38.85605308396095,60.70541065500712,1007.4653410824169,92.23534080790185,481.5793774389647
7.852894587636208,38.433170744849676,1013.1569425743431,67.9743357214058,553.1086119107094
24.28754818060463,74.6970641915903,1011.0326607549215,60.79088005405683,507.6649502576401
17.543217174093073,30.472467784113864,1031.7488476960104,16.341134934328945,553.1624897845207
18.420860148041932,61.088899354468246,1024.6198764971086,75.73707146240181,523.6425824778054
10.911743924984762,68.50971468404165,1027.4148800925232,71.74363289616625,531.9715694256728
33.18026015079534,44.5204812200589,995.9894220973235,67.60647320384393,505.8778006475989
19.924968561742403,77.47759436610951,1025.6331011790671,34.11185712136215,520.031279233162
22.1928282357323,71.79018765223205,1009.4840444725874,95.20653895070001,504.7475853122629
12.885675599095704,41.20400648266968,991.0502407273791,38.94896143295381,546.1113604333749
8.09053016101104,25.414760099379926,992.7039758734478,23.700786107854086,565.1549626400019
4.350505139909999,41.316144686493345,1020.505857288068,98.84810394415125,554.3275786754665
28.85064649607172,40.47207587589084,1006.7405598515686,77.16216512113913,514.8643852747346
8.653136985826368,73.94805341255,1029.0652007950566,47.33081940935632,539.4447044796043
27.912938813363112,78.19166480401111,1023.042291024414,94.23247877998361,490.43235950962196
16.2246813958312,28.87419922836432,990.9756005250133,18.200563692957754,549.7616919920146
17.215217238596406,50.92121556933242,1020.9099740326201,17.8895094783902,541.1685247948561
19.297922347618098,55.15825991913877,998.655861272956,71.42059167657268,520.8032069838366
15.340631816974184,30.110141373133683,1009.0162155916761,26.017484354095917,551.8324533532239
4.924179111681013,45.762374002563746,1018.1130840955333,92.54255636739558,550.4550340852049
13.075640590110986,42.43953295661228,1029.2723028583061,85.63232568689838,541.0138655637112
26.885640067063598,54.483099487989804,1010.5244049776372,37.57305016910678,514.9922196667285
26.96559165728597,61.36549948525659,1026.382070438601,89.99556240424332,506.57850658325304
12.16274798235978,63.69168107731116,1025.2334548260285,13.859891830659553,549.3344578469673
18.94400243574983,32.52152629873631,1008.6542330783067,59.37740674637445,541.4882088357981
8.544441892465562,69.71212360695418,1012.5441073544806,94.200649633795,531.0101353041775
9.204511179663594,62.31981163849174,1021.5218254522416,86.98446810421284,538.364573304058
1.898836447857689,73.89912042106957,991.4016795591123,42.04659914208955,551.4638899226187
35.97311544640204,49.71348326894888,1030.0865136209661,26.45833917111714,508.0215837640167
9.217559937921342,74.16393694972054,1024.6417271746961,28.94865295633701,543.3548770454338
9.87382120052207,72.61757672958416,1001.2237146631048,56.30570902705647,536.1456507288856
11.90445587316014,49.112513279759824,1034.1530978935039,63.709564945282665,546.4558711974726
5.968914796121731,45.962882341113826,998.0725658665328,12.953288496127279,561.8677665570484
25.93125244407315,76.30466082336412,1031.1339003166981,47.21964033113993,510.3362599343934
3.930575173925876,64.33406039961407,1004.60130562454,84.73484040795141,547.6040220149611
6.23389462672766,76.05349405409416,1024.341601957386,49.98960552122174,544.9528450203725
26.14551233701362,68.83361283926972,1010.5369466961575,25.225785185446945,517.6027348368467
14.246764198776267,58.51135916102779,1023.14103243525,95.93742637171871,523.0597241171799
28.609965241346373,31.371902735207048,997.0102371572715,33.964798593382,526.9155933202799
22.73956504213554,41.03143699185041,1002.1277906273917,81.85854390706545,522.9226372493732
10.98482574939901,78.28633239041153,994.4936021012412,27.44147497050414,537.0993820663465
26.382290069083794,42.568215429281246,1028.9314791647012,48.08554562994309,522.2525566363333
5.534673531422346,30.129017838195395,1003.3331844496274,54.13802857973307,563.4665092698148
21.920004940121185,63.915434575562585,1021.2514303237499,55.057176635342,521.5010549912685
18.048776096756352,65.37023399990264,1026.9099538983687,56.482648129063435,524.1022146749957
11.447069729880191,40.700174615793294,1030.5638206370706,30.245278662078526,556.5371420245131
24.556194911840503,41.371958864046704,994.7833701890273,56.43239697647517,523.2708501844603
34.982010101271015,50.789114202983114,1030.1856720080675,53.35414784899788,503.5937010134957
39.95728329075999,26.198392236924054,998.8763749978824,28.78475474136369,510.25377779387935
24.702747980993557,68.412765569864,1023.1605905215932,98.93724035533397,501.62628025561327
16.783529098837636,42.43988330007691,1022.7982058714075,87.90070535078951,531.7091519257765
9.783076908431863,71.95697061010877,990.3826413783429,89.88187159202347,527.1953684883039
11.026747486409358,69.14467318800186,999.9280758739615,71.70139453446055,528.8296818806245
19.698744147840863,61.37711182153307,1012.135883159919,24.39073276225809,532.6509899913264
15.323830349947661,42.86811769046088,1008.9015617998477,61.1282857509774,538.050011279793
36.63876638237282,53.39741089136435,1031.3358065948075,83.92956684646475,495.27184155631636
15.363523238572672,49.46560916788775,1006.1883391276135,13.486283981979629,543.7834240890961
15.564339054671985,43.63850374367708,1032.1642671676184,54.625879295885774,543.8645830996221
15.957845984925102,71.64749591167481,1010.6743193276639,45.65105919954263,524.1716520152615
33.62818820433866,51.59288910177159,1033.3958803488074,29.091225669337327,514.0113903844069
26.38074451302917,70.79977037884305,1023.1809664511187,44.04250033887859,512.8946372746753
24.952585162436815,30.787016077800335,1027.320056623447,98.51477597825075,521.615722119163
14.031577872970624,32.756363373018466,994.719459975705,75.09189937255998,541.167263001048
32.89826289646514,78.75261678121372,1016.3763644959065,36.958337201344726,496.56839243007784
2.4961905928723445,57.32726544333493,996.4215161923208,64.48195463327465,550.536772460132
34.96108972118641,53.037332042447694,1003.3929450922939,32.19906162571118,504.52035883831627
20.997246091963255,53.77358347292614,1018.060443277527,64.97595181218465,522.5138423934833
16.5317591596731,36.83978257180729,1022.6801567112251,90.65500205364386,535.4513372565225
20.38952394798974,64.52871722260852,991.7632701905063,60.11891199482971,516.8993453602515
27.029205690819413,29.66293430513649,1013.8924678982564,76.00059779074144,521.1083525698467
1.497851634197997,56.53280422066628,1015.4391293830449,50.80050988446671,563.8308642247707
34.99052240187166,56.392283812224576,993.547259869959,57.17115258975969,498.3025002062366
18.42284148714432,75.28036332734311,1012.5309615390344,72.55675708793908,512.98072243144
14.37569426830305,53.94005455576732,1022.1229026022422,83.11645045462575,530.991096398935
6.391577059728227,32.53844827857987,992.3952278193989,69.35062478729047,559.310233036351
18.139149599979245,56.50142925864894,1024.2120499345783,97.97427945010837,523.862538881758
20.356588080090773,30.02302044009328,1015.9391927206862,83.78403290184545,530.4135785361838
16.74222108524563,36.208660941495694,1027.4952243722305,79.94441841470876,539.917520027474
27.467743659248985,26.710972130307887,999.8128157784331,86.05914210829229,520.5020867366487
17.414964621609816,53.23114703527241,1027.4973157895904,35.30898418819142,533.8420849746556
38.49528553601636,29.64929384114648,994.255243887036,48.88424385535426,504.7261192954435
24.371823195120083,50.8166908192231,1008.1723363400102,60.80166265551316,519.1069473093696
32.49163949042445,76.31197694282793,998.9768156186092,51.61476865984171,493.03077188644926
5.264880221269675,64.58687771606327,1029.4209374530894,86.27120364016717,541.2764641863184
16.494360424890324,29.25764208239112,1021.7213917335798,12.436166591130881,553.8402050407642
14.137060356438955,37.331539671486375,991.1412799722327,28.825787550953876,547.9906045324024
23.20981313732708,62.05143309413888,990.4285510026281,89.35358869016694,507.29740573465176
34.5834272823956,74.2086023563301,1003.1062164516751,15.319012390927048,496.8543539859993
4.0551904927182605,26.810522272017458,996.4477401426254,30.428947324791828,572.5891147045736
3.830417123743721,69.68481224463267,1018.3637014902088,41.61252973388376,552.3959804874099
34.162390618146354,55.89976341860698,1019.8708620247152,77.56665047305218,500.5800227349234
9.30115335549594,55.035022891301594,1032.3877906647615,60.416262655016354,548.6377165570225
27.081376923542734,77.67972505143469,1032.841796604563,95.91442325022979,499.14868080133556
22.1722471620714,66.12045369282251,1019.6503517435106,30.50875135656761,521.9315017948504
33.48285020060195,71.75653774308616,990.2553800783719,88.49083644898565,483.1721251849276
5.878467483619738,44.46975632495667,1006.1549062456327,35.46221407743239,562.3097787271777
6.061535663181839,55.49002224556254,1013.091368096127,32.094843321390414,556.2019709490565
22.715916050853995,58.84731225852739,1012.4630890428809,54.853767828941564,521.4238859179579
37.908767480976465,42.687116719935574,1017.1503283276002,16.408405473084432,507.0894114632476
17.184912576459418,56.36364687210697,1033.2248167262142,44.587631169395486,536.5874435625972
13.750741909933103,38.016045871384264,1029.833671137982,42.01083712987693,550.4713423414314
24.660883604717547,32.88566190875318,994.900861505272,24.409140013159618,532.8540347360906
37.28749542125621,45.56836426025329,1001.9691176127027,87.47153607474195,492.0674191266341
33.640185480940325,65.66092958105403,1027.4899237838836,44.730067933844495,501.4010469698956
39.82386081859558,75.39029314406382,1027.0938108968644,98.37281615623142,475.20500444562504
1.8801747448927064,50.17427283240279,1002.3916825854752,90.97371541339969,552.8401459034177
5.401467643797727,60.35530285514874,1022.8764613808754,27.532962961293293,557.5693800162652
24.76924277129826,30.667042203630526,1020.2416820423035,55.460995510414456,531.6954438006617
33.00248113402014,74.74550672037807,1011.3085784236482,64.16237245298976,492.99783767040486
12.124529349963895,56.2732317463464,999.0654728705563,83.7064452649259,535.1783199175286
10.329232433334532,67.91860361938365,1029.988943140234,89.70784746862553,536.1278474051499
31.692056175866835,68.69426605067666,1020.5033032938076,66.16162190399409,496.4948310336373
3.1988923002760314,39.10642895024583,997.6046816195269,13.162078282799385,574.7368516890936
15.405923255720818,54.10459492500172,1021.7161055178387,53.31488045663164,536.9598238877819
20.72655968110086,77.82638633585375,1023.3645173809641,89.6323182567699,505.99938508201063
22.853598299662615,29.929899965145527,1029.9096128304468,74.26806422898339,530.734952543188
29.4159911149183,62.567744391625986,1000.0277664858871,88.3127747268512,499.03948574098496
14.838983213795672,77.92452429193446,1034.4939347436034,70.66718107504366,525.0910467524031
24.89468944230968,41.53174094297122,996.9027040137114,13.96315088334754,529.2887930436029
23.829641488847297,72.37963567723915,1017.0310001336812,97.12059905859496,501.66803916986794
22.357027925496137,76.35116499745493,1019.5729427373066,92.62166865127108,503.948494465138
25.978848432546275,66.08974151671538,1008.8528802869637,21.392158592136095,515.0733223295321
11.118517671654976,37.723057176882705,1011.3766968946674,20.142205015937392,554.4741983083641
4.30130138980053,43.370039535462666,1030.0909543524963,58.51706504293181,557.4396927313644
5.651595209549994,26.96951119297519,1019.0373403349458,78.1345751101195,561.8555778067963
9.758712923502141,70.72992788349454,1012.3650431205609,44.39558907444283,539.9308978723691
20.507719485388623,71.72861525810939,995.7757303095086,22.274394718891784,523.6556625979357
33.77726727129478,59.7990670481406,990.3301931350411,55.95004889032191,494.41972677508994
28.35044034144698,44.38903181951183,995.6235878168325,40.38095225970753,515.5701815705958
31.772583563879838,29.22460652019563,1033.0283055364428,41.65947599961922,522.1121244724303
14.688049333117563,66.41816854532001,1024.38390523461,68.0486983156344,529.1877626938397
16.78149592429346,64.95894064854576,1033.5202347379611,89.70472893065535,524.7424779004575
16.3535935536339,75.19313869563956,991.6068919368678,60.27325577700799,521.5084444323047
8.483054191775558,65.17926115529491,1020.6099181736388,71.8842259746672,539.0893621572928
3.387449667599309,70.57822182342011,991.9932086881538,69.39522923691173,544.6540653172797
24.045727620261843,66.02750398471997,1025.192541099097,59.6031573301237,512.6154824567934
39.57945065340286,59.6877953571774,1007.1427577730838,37.968233102481705,492.1824118133979
7.506358493060251,48.48315168050551,994.3094412047923,44.001476641921485,552.7527810782666
2.8207079760716764,74.61645197532528,1015.5620988804382,38.41334186413746,554.2966457502806
31.401735591133384,60.80327145491084,1002.6054088470624,92.57482868338494,495.80792552418467
10.850854260704244,46.909542708125,1019.6808273842319,84.39568034593988,540.5610675538996
33.35610840876421,29.59081123500765,1019.6178641781206,62.141263556609864,513.1760233015854
28.4535300143461,40.98876707474102,1021.7253363354339,92.10191238767806,511.37523052702466
37.88126794498138,54.904970415659065,1034.6609285449993,89.77678238331802,486.7430368601542
16.94816219451021,40.1599453508907,1007.4013969476332,93.49249597766516,530.9949351173731
26.816823738574733,37.16794413548462,1010.9391963518295,29.959647188997963,527.9604169809097
19.129336451717556,54.006643274831596,1026.2075265461403,74.57527339875053,527.2026244822893
25.592959195033195,34.340119024265405,1016.0266510359849,64.83020499311516,526.6234887460806
18.534357334301756,69.02255348288068,991.676574480951,76.04475740511464,516.2834188426648
8.356657610538917,51.640248323846194,1027.9385334116935,33.70414275264585,551.9309315564678
20.807999224131855,56.562452567945755,992.3174406872118,72.5328164294468,516.5474628331261
21.61478385606025,33.10607971785417,997.6869061421303,46.88456637289483,533.7219166925996
32.61355008214628,42.85169845961521,994.5935985138384,85.06826166756703,503.6200510374693
29.685307525949668,47.55493257936341,993.5067209796504,81.58291526455957,507.0601171508113
26.88787333371632,69.45170567840766,991.155819388712,29.02218497730254,509.68824355732795
5.422096726550329,67.35877376973839,992.4762471287565,26.54697487629727,555.2185295644902
29.104035335884888,37.263761113322474,1009.9097635130464,74.59585491563794,518.1757963770543
20.511901097826076,58.88984948838542,1001.3783521492177,59.54274052553444,524.3427791852391
35.86988190814021,38.390099677459865,995.6941597538469,60.14853196138441,505.1801886189108
36.87496643109117,79.3535935629635,1019.6417494226937,77.72637911134191,481.28424627023855
3.151107033469633,77.3668132971979,1000.1750359785416,86.9473713719611,539.0437820868398
33.005020853824675,55.97955962863413,990.8527119905165,31.50675105478451,501.77504538016836
2.470198226484154,63.43964145417786,1008.8288902695298,59.99855921114951,550.6144309363733
15.319615402105883,69.07867102147549,1003.9694846390237,84.60592385428694,520.9168468850195
22.149699049222086,64.65491310246972,1004.3371994105921,88.55147540755023,510.7822550105365
6.77593114645797,63.490578009533145,1010.0371512681703,35.86684495046649,549.6394680226476
30.106238690193994,77.72047043722404,1020.1011267255425,19.373847093776128,505.62843195525977
1.3258334627134043,57.80508584690058,1017.7415604017098,30.95409284900019,560.0876932145512
7.575362888927437,59.99664695004806,1032.1767724404995,95.09495626130746,541.5760379223337
23.65107636428555,71.70978127409997,1013.2972499836135,51.623174119169285,512.7025371933875
28.8611149194544,61.84399773221237,1011.2656459376283,47.671641150042234,508.3453307251136
36.74908100506273,65.31129421096374,999.6036495847603,11.177591386078914,500.7754778357193
28.51436942545033,37.87927774081533,1023.992157998167,14.591321462921602,527.124380904275
27.19939153993977,45.4196808263289,996.3349099296428,70.18263365272513,513.4544293721073
16.379304707675907,33.10157401415412,1012.1009800419217,63.08443618524968,543.1285121090455
1.0500925955452551,52.8170993284143,1008.959498927435,61.79754686458634,558.5317015664183
5.686211090689255,50.06500703741355,1019.6235395281982,19.929058842202437,558.7021707462675
21.847627245485526,79.84395478537013,1031.2929661480496,41.68550526088181,513.2384089073788
27.330065547932367,58.61647590485484,1032.59680161742,83.11223247761332,508.0054365530259
17.28048307196204,68.25446527569329,997.5509670223421,25.742010152497354,528.8765530170307
29.496481449607217,43.37080689167098,1001.7817748220231,89.44185258841928,507.4742048110565
21.352629517954973,70.7349932238538,1026.5235893984118,20.933047031401287,523.3449661010682
3.892871628178176,58.82967315682259,1013.3225893102136,25.22343971115893,557.2410378145513
8.488633787750004,63.334578237914116,1010.3865555760079,52.99749650383556,543.7663428363425
33.75993070651377,41.19369278721999,1021.9781453571318,95.07699140036837,501.48464860133186
29.27159711835314,55.17511154325675,1017.0866228673137,39.659291033088124,514.7760432609729
35.895717493487304,59.87203353774848,1033.6821324489601,69.2396194202244,493.4766115378442
5.584732715716526,57.40020716991196,1016.2788593529721,62.98041303901686,546.2374768725575
39.61867884998788,75.33565412835117,1010.9688221856264,23.466037285050177,482.21330581049864
9.16686184404741,74.40499654709043,1014.4267812935179,32.3350211254747,540.469885882464
1.4594151751790383,78.40412318322788,1026.384291751364,93.71374953794398,542.3224886848471
39.899494623088614,61.708540330384416,1017.570377555335,26.634666128778957,493.29211899910234
11.961881532359412,78.45527715691264,1019.1171641124023,72.55089007796019,525.5122121543025
27.052758647989837,70.78629000175499,1033.7147496016466,96.8225034340274,496.7360988797838
7.890610252875903,39.89576771869776,1017.8277967991456,20.75553929820503,559.7019650963337
23.628912755766528,48.508961825321336,1007.1128361750543,45.92637911685831,525.4740334830826
36.25736447172781,38.11158432039554,1021.1096712155759,30.153892999846352,511.30593785270156
13.487065529709106,25.230843845681086,1019.675672863979,29.94053656640886,558.360283467279
27.13990506573001,35.34268142307997,990.6231435977871,20.708725959971275,525.3138974280962
8.328239963138245,25.223332245778163,1011.0298183553625,68.45960655923193,557.876049267332
25.367020550030286,64.59111537427695,1023.430662129708,77.17091589196406,509.04289705640446
14.121563720882897,48.404386374665975,1012.4568655974508,70.91145190207506,538.011620201338
9.237122084930116,42.191609989282206,1025.0829511170925,93.21908118572375,545.8133738628989
13.214099977441771,66.89464901023533,1010.2897663392426,23.111092784624873,541.9325524648112
7.974801671804174,70.78677260408048,1034.2494718936755,38.78608360465056,544.768713365437
36.174728205677425,78.6414746257434,1003.180121514175,41.011552873221035,490.25419733670185
16.490288566368022,60.310747157138266,994.1455173665734,30.88738934622142,533.8329143919655
10.565892894000326,50.38409271970285,1009.3505310519344,22.798444974126994,552.3809774258909
18.487905799621384,41.78953658840898,1014.3769061193263,53.803312833363734,538.3690747446958
13.500910505453326,37.227501506782446,1005.7092179257107,85.09956652426855,539.3873641295417
30.032350898719713,36.71092727654307,1000.9026522053082,95.90857530429864,507.83644798535414
38.877576563534284,47.50541560958894,1020.242641112347,21.64065689966479,501.51670398006183
18.083312611208225,79.54824954083614,1006.9706294935313,84.08415052654624,513.4265704164618
34.58030259891738,25.04695335905718,1018.4115838095287,84.21230106687474,510.90168769246833
23.06865986882516,35.84632434770504,1025.0582151869448,45.00803093973103,536.2530520968197
7.132190938675105,35.36161403219656,1024.2451182492011,19.90266617309087,568.3349546908819
27.93428694117232,64.44157170427607,1006.8889189786061,99.10072060812082,500.57232986037087
21.023945387906984,44.386660017893405,1015.5554203027579,69.00337274759369,526.2238575250183
26.373654406832035,50.14934425255014,1010.2346200999234,98.39761255374223,510.7711687546121
35.69780909029493,33.17432717584477,1029.1862363719347,53.52899641161926,510.57397454950905
18.176948255585796,47.27483713823212,1029.544131591,45.56736999430559,537.4900776037689
36.14592730547687,30.67598965482098,1005.4683712299617,32.246692837340845,515.1535456049131
30.27609155698454,54.31738083387207,994.1281851545428,98.52148015948175,502.7085497499454
20.055592109241406,30.386610096057076,997.5412117495808,32.79315425160463,543.5422252273962
24.52566329066058,68.47796096452359,1006.5150783958898,12.138648059624533,521.6672960921184
13.697664168241445,56.163094464726925,1015.3912479643345,56.122157222963004,536.4865947075729
39.36029468981219,64.81823305754344,1019.5554154933993,43.93454437458239,490.2249816859089
27.026695358965444,48.01840126589761,1004.91169708287,33.52442530863381,520.9372978328039
2.710027247368566,45.9820211283225,1020.0374603830794,67.1147304833056,563.5270726013293
13.738254324172342,30.4014888976875,1032.198299265319,42.784175340804005,554.441524235608
25.30926291660324,53.81205838735524,1019.3406357226028,46.202579948518554,522.8879288436918
3.196997834170352,53.29761906714006,997.1354353249958,12.074104350463987,562.2920236138913
1.931483461446568,50.745612444728295,1016.0851010839932,63.01638356977518,562.953311591576
18.5509453415843,65.7285100575347,1014.3852982545143,20.98639268623385,529.2624929515492
13.974917008014131,70.78774200177949,1029.181504990429,29.24243730058796,538.2287097384518
18.09364571329347,66.29343212216796,1005.7636374845838,74.54060385513743,518.2243037074803
11.245039085320201,32.91261585437641,1009.0325524525506,38.191845356551994,557.8042024078414
7.423992130776256,59.21327301051594,1016.9396574968922,24.688917769454285,551.8611855341086
27.87659092223317,29.417770812924335,1013.5991390283912,61.96817323562327,526.1524920720792
21.06827353444422,63.20422580922621,1022.3557466582329,29.341404544414655,528.5327794222019
8.806014238725307,46.001150310861966,991.8175045910623,34.38803925628345,552.251366974182
13.463987624139934,32.28744259464576,1015.3582208643132,65.92053789800863,549.1289845040338
24.08050839886971,72.41279713368704,995.4752351851744,76.58756032275234,506.57356306580294
3.816944582626636,58.77045864714155,1004.1844046633875,76.56937166760194,547.0021984532723
6.750667361381002,44.509873237114014,1019.7732087689576,53.40190706837474,554.8227959056611
3.8565785601882148,26.689994880777476,997.083639026648,50.886721990849196,567.1015711938297
32.68037597585064,54.55206424519858,1003.8978825977083,80.88806658081316,495.68546066372653
30.34396009526836,75.77742331674278,1021.635291727589,27.373125260126535,502.028878598852
30.379204343291025,57.800890798630114,1019.2862359137075,23.698220277561333,515.4555427369263
28.936688395565096,78.44078325407213,994.0967851144383,69.82255594265588,495.25443622638744
27.106031523124898,32.50481150487522,1015.9770822071546,46.85562409503298,523.7913165332633
19.602684699748824,56.256780752716026,996.6264507863388,73.89986145131628,520.4491159816522
26.048848376777485,68.89687764035362,1001.3522120421521,33.094020111691236,509.8643781060541
2.4961006367310112,53.90474021191439,1010.66450753861,39.23846929600902,563.4964660356038
25.2371124836146,30.00864957931099,994.9206070484186,90.70098842668516,520.0214442869709
31.33723051593821,57.058730085096975,1034.7141135563354,47.949087413942934,505.85635905596655
20.51397605499122,58.645584821335945,997.44163024743,63.185812274834596,521.1993813956651
14.94301980866224,65.07900866614439,1025.159068279287,19.601397470647854,540.3716715613976
11.819642657238186,66.86663333410107,1027.3427480260452,26.094625497348286,540.8992793865788
26.069279956321218,67.39249785158339,1034.75087864532,13.22989559403798,519.6783240651916
28.01924674656644,61.48944165014313,1009.289394803352,48.193373058549994,508.3061089304536
34.96773639463916,36.8696152530262,1029.3342534062704,99.00280040455215,504.24422690709065
14.351029215978638,47.23296657117136,1033.0892747557582,88.64858373863194,535.2681585797584
31.021119988037835,67.68714849379192,997.78023652026,66.96180234464563,495.260396563208
22.89287714338418,77.43848408704473,1011.574624007679,87.49868427617194,503.62865365622133
35.430623136445085,29.34208306601421,992.700486848524,63.47524207171808,507.7137384319668
21.58467222352921,54.454517278845714,1017.9325805410891,43.18919923007239,528.452736354051
21.187563307520723,42.188724922836855,1016.1632770585455,25.61917609910038,539.6926105229365
23.537206176195454,37.396664187425635,999.1856828098439,68.77438675842018,527.5456342204807
30.223298850554944,52.81958759358433,1025.9056241502358,27.374614875167083,515.5400929910141
38.622928674309975,58.33491373060952,991.6770925243593,47.568557548005415,491.5754965300674
3.8689708144148605,25.537472728071467,1026.28022958574,84.32216579397368,569.0077057903776
3.083949493249669,67.9113614710655,991.1990381023741,21.630637230555564,558.3409841574943
37.5644631588862,70.09351721926961,1019.5572965461357,21.61192771511156,493.21873950657425
21.665149395210037,78.10309535123632,993.5446281261706,30.19621740324376,516.4508931782588
24.98121756811051,34.935405327358225,1001.3051483690546,59.67255764100691,526.6085201679698
19.814520462194427,57.70039092985214,1022.4861007190326,32.65511304339218,533.0540302552382
4.652640651691505,48.4643955412017,1002.6182159831424,55.287814352950065,559.0845429197542
30.955485758327995,43.415531835544286,1013.002823192298,37.178434995371845,514.3550030188045
30.141761158454887,56.10983982906276,1031.1861721284051,55.5617984417565,508.31481091466986
13.156429538219667,68.03107012729527,992.2335459316461,34.98683041015572,536.3440977913056
12.943330563907615,26.267903089486556,1026.4985907181053,98.20111380477087,546.8737512607793
33.67581385531522,78.31700619114028,992.937239935582,54.3446111027771,484.19535132275365
3.821933051911738,69.5434872138141,995.7057679951505,76.9279090697416,539.201207000927
35.36310078590607,66.31345370050681,995.3693596750145,73.04919030083846,489.4419359250474
11.009805905940663,66.82130601992769,1034.7346027444826,54.15034373329251,541.093309732276
24.126405162464263,46.39833902902589,998.108384369919,31.49758555011327,524.1856471114602
37.50377298106933,66.33913029646476,1030.354283081532,55.96464501215784,493.3644779158201
27.44677755992921,46.27236147316267,1034.5919473325948,71.28744613483912,516.2670304996547
17.16276268621443,74.42887562661362,1007.2703146685534,51.39273435068906,520.2961256886488
27.89183414731119,34.74723108185583,1018.3971844587909,17.373259662646745,529.6655577271647
14.415205816338437,41.07910833183333,1025.0591064193625,11.618490660227556,551.2498014224673
11.813078237618258,55.32356484844918,1007.6690286826293,39.50891276210547,542.7079750971423
39.87064783945251,42.55660697379999,997.2816363224014,23.520153348398075,498.2408674228688
30.28081901601172,48.333048491240035,1009.5193234706652,91.5571221333396,503.82084354796126
26.144079117890886,52.08324791692271,1024.7349440251326,25.82494030764324,525.3817773461757
14.856296085553431,72.09943418474298,1025.1343243236781,45.48544426104095,527.9304435988745
2.917272337046878,53.775573948478105,1000.374245647691,74.08697608643332,553.1151927078049
2.211218165371069,44.935291673800826,997.8734537950836,83.38794940144548,555.0526129082981
22.613068962503153,38.62548902193137,1031.4252315945157,52.99418378603178,533.8650194295025
30.71927612052299,47.47717883357085,991.979956375124,26.30215086475529,510.27546484823677
21.957788427310348,53.36548574279034,1023.0632314094289,34.38057012182678,530.6472247721217
33.790617805625466,66.03631714617799,992.0889623451039,47.707160287703246,492.1906803588489
2.303634790635644,31.657682689478627,1027.7055022887444,42.81351303930247,573.8125829606837
15.303330980611664,37.188505353153296,1030.7436666001247,41.38054814526909,547.2401723563155
10.245745255792944,45.88097087277703,1003.3838605903095,21.866842158099786,553.8607848769775
18.443645758127758,44.821912281573304,993.3271039582514,92.19792269538547,522.2248258377765
3.822679334570777,46.54614481828665,1011.6308041356343,12.678094577594354,571.7938415677014
38.21113402127183,68.64366955521785,1003.4308366535464,49.60019150881761,484.7480431924722
9.706960641705075,42.82849216291952,1008.771126426467,98.22893432527779,539.9292433291108
36.97000324385981,52.604399922146555,1019.9243454069906,69.37515449416918,498.8588390120154
17.60983304643059,59.31488680718431,999.4421716176922,41.98695973597749,530.8370855995579
39.435441196953505,37.769820260098285,1006.0628206281339,23.14878260078529,503.5993082111696
22.60827695494822,64.52824629311465,1025.2153120631704,96.74853450811848,509.95522728742156
37.30248170285649,55.091122585605454,1018.9692877478769,11.258772568583474,504.483686964555
1.208610559074691,49.572963966725794,1004.6823971018057,71.32488135518291,555.8659807742973
30.181313441055103,69.53812147060725,1019.8935720116967,89.21237243007945,493.5349325979145
36.2189754709981,38.39223925518501,1024.4390815301385,12.264444089761799,515.5479824359219
6.449102112179209,73.57467838378778,1016.6618511428754,75.2657377681451,540.7501503785172
4.748908217553908,55.85768044516871,1000.7773574625454,99.89539851292614,543.2441213430359
17.558331680252266,58.5046183658812,990.0110380730397,67.56782217160145,524.4029427503609
37.41347733918447,73.12824302929185,1026.1282098144727,47.32110530590589,487.6098858531677
22.15307584742711,69.96704783171347,1027.0185099892274,88.69606474206537,512.2953591717006
21.570802085147555,58.08591378520452,1021.3922025627463,59.87613217803654,524.0982366778014
6.5039186136735525,66.42532371164958,993.4461419115427,77.4496762110946,540.5136331344612
1.0307909326355327,48.832571962809325,1016.3350029378621,62.90010926366544,563.0054465110436
32.59546353907299,55.10577644248605,1026.9459302072223,13.446198323915434,510.58348364055746
4.415407956463291,28.41385751896811,1007.5350744048675,29.183048938481278,574.9355743693585
25.720142930677635,29.942185490002576,998.9100330399115,17.088721658807465,535.3205684478842
36.670041726092464,70.61839723024826,1016.4432283758662,19.601898614490068,495.7914863496254
9.13742461317881,28.281941062537317,1027.1837982285394,11.386494422926477,570.7496642270634
26.945640613239522,34.3169519097934,992.199148141818,47.904848111273765,524.4266955408552
4.069244491592869,68.77079624227429,1016.8628047722331,26.07864685787486,552.6221169125203
24.546450609666906,25.063027284554096,1018.9428207902704,87.01268684445745,527.1350242474861
7.393337117174907,40.53223808652254,1017.1065167706726,77.50337837865943,548.8276645623279
29.702188860091944,57.1221261804642,1019.2515157906672,61.58592953339464,507.7550159031881
12.74802049696242,57.74974623081131,1018.411888842187,54.01192108153559,541.8777501925758
19.072249343381202,67.74340995262105,995.8681748241157,33.02817765183782,521.1881978827105
24.377791139077246,52.82594399706937,1000.5721549627012,52.74563192874869,519.4723492012696
7.679663015983343,53.01710282420337,1017.8547302380055,67.71063482779698,549.2483582849585
29.923874926087215,64.89208165473852,990.7961922511547,80.4005974173498,498.3231980147682
12.802973284835767,52.424345479645595,1018.563503342546,17.351385963363406,547.636168967413
26.832502536597385,58.46700976099893,1019.9423980703265,73.7618219870995,507.5054045039079
7.1730389772755725,74.37757375402781,1000.7628641937746,76.84568890851568,533.4327876713193
27.83658870904766,47.07980541868046,1016.9159773388913,60.30749808323708,518.3660777915346
5.999334839608008,46.18187890055722,1014.0340527325694,29.28872761328811,558.2368062983784
17.58890335452936,25.195194552562423,1001.7311196668901,58.526612875105755,541.7782320871302
10.641036875816196,58.738444383667755,1010.833830534364,55.24343936337793,540.5940676434062
30.18663472769912,26.63745490739226,1030.9331038235482,52.81390867481166,522.9245162480138
11.219365175768107,52.728166935057395,1009.1971251206947,51.457592392046564,543.9859077789208
35.386974949420456,69.23285839677246,1018.3429879595776,19.974300966236775,502.35550637422483
35.7809882448579,55.245658878581466,991.5907869468313,26.46032363716283,499.4307687935991
8.661211293688648,39.82998908691718,993.5010050994945,18.75988796062081,559.8002156927315
24.939991855301248,68.23926317971542,993.6588632986493,31.8230044901186,513.9731665636403
4.420988027078609,39.83443522453963,1025.02083436319,33.71291044576057,567.2153327890195
16.269946884463536,65.31674795202443,1005.7615602661554,32.05682753437409,529.0636621995317
28.819547450549617,58.564215035462716,1000.2425259764616,28.983616136704306,511.79458539723083
26.717506627146733,34.34979632114007,1023.6296055803275,76.187984093631,520.5892809467729
25.36332610685771,74.78236311643022,997.6482028150278,83.67088596383061,501.2524824494527
12.0190936828353,36.035402562645764,1001.0921636281627,39.439829491531285,553.4083391494805
15.742973027941678,79.42728907773684,1009.3919149471509,37.4616002516004,522.2920839561699
5.014899643311161,25.40207687602174,1004.9147131056576,85.96291147772571,560.7967585030161
29.041889996910438,39.49158574285967,1016.342649496649,66.1531511499212,515.3819294374445
20.651663074859666,35.99231635008094,1005.2028278583681,36.409449231015174,541.9786317972804
28.64185966148053,25.769637559375443,1007.6828236136502,74.2251063327924,522.0677212850571
10.708797467078037,65.28023450810235,1028.829897371227,41.01335292098506,540.609489620073
13.653090916767582,63.138419115477795,1029.80391478326,62.79000529079558,532.7240213670431
14.03439815314447,68.57930303952118,1027.2470035866033,99.33706269890213,522.5486288250686
2.0039539801414317,39.118420055551084,1028.9173919717084,37.143493769443,573.0214484020352
14.300867040394317,49.438434189563345,1015.6377901202603,93.74734006374999,533.323375124109
32.32887836720331,61.25124368918511,1019.0804946638123,38.85871728562283,505.719668389081
35.9946413342398,49.1872677138479,1015.0727924949723,58.6258033937341,499.9785998209223
21.21051430980117,63.35291736748537,1025.3514637823814,51.3985410639136,522.12805307569
18.764566113549588,59.86853746422432,1014.795021859265,80.48436061095425,521.414203874406
2.20216012927544,31.305629166219706,994.9984634047851,15.498342953379533,573.2176551394251
35.288969165829926,67.95737165923325,1026.4311054205587,66.44100736617975,491.73349549742204
1.507398323609036,64.63719975008851,1024.2263326804891,78.46002499139406,550.5442033006409
37.84525312819826,61.070891318957294,1026.9135267877182,52.49303662439073,490.2301836220887
20.079433698835537,33.53014834490513,998.5693258525392,19.476334588402484,547.8893759932898
14.335445249414338,39.739804683745,1002.2227673721735,32.03245121363318,548.7646899156467
37.04451895886374,46.624736737318024,1003.3088263768589,71.17051330907773,496.1304839978132
1.9512487312937727,40.396129191104386,1012.8636241283554,90.58936469502837,558.7159211807574
23.675570899894396,37.529565987187226,996.0244687873557,47.94477463004398,530.0931262566207
22.408368455474168,69.29467185889766,1007.3421788973691,60.437083157043325,511.3398015906119
9.553495647243901,60.10277354981113,998.1971172485563,30.554653305417585,545.8356935399419
17.72660982265821,56.10096723526377,1001.9143220864731,47.09919826331843,528.9088694922189
26.438296231807037,37.427399096928966,1021.7874435551292,40.31108269934424,529.2570207572696
29.358116678395174,75.49421092477527,1028.4665020342777,68.99729931743713,496.80199256473605
1.0279574895566115,35.515067150352394,991.0307639968732,98.62290565075999,561.9732938364247
37.537283773549596,68.72230130535723,1015.465363350975,83.19731067871176,482.78026197907974
7.416489523319683,78.16699666879111,991.622689292802,27.294812643356664,542.8191071178919
10.10963693467201,64.99010010733298,993.8362160255198,61.991073397609014,537.0927281556958
11.27546438206008,79.60723263515465,1021.7287815576349,15.977054345356143,540.9965047493978
2.474985325529377,60.807811433787066,1023.1023647925953,32.222393815837194,559.1365252211887
5.7990328200226715,36.960318898214226,1026.629130292776,25.499590845435137,570.4558227049359
39.46764699482232,36.210072154408124,1011.3408680296637,40.199098387551665,500.22228915111333
13.293452757714157,42.8510356340512,1028.6913366907286,71.09325721397923,543.3830029695933
5.496742523222924,25.392151112155332,997.5077231238731,54.94539852251441,565.0796366453994
5.17265918581031,62.4934158545559,1001.2372386135751,93.96183338462959,537.9647799547051
29.058938739128905,39.77672815453052,996.0525966420887,29.147395586365782,519.7942824892517
34.328177897272994,69.8350777761014,1025.8891767261844,42.778823162854614,496.0435824843468
11.021139680830325,44.754495780761516,1000.2903803273979,39.686731911322255,549.4832889703923
1.8154709810741638,51.397607140482194,996.9980059241233,31.236726336393694,563.4361046852606
9.700510719368877,78.11289041082031,1018.0399809414625,99.38536922136201,525.569611696679
3.204111941073536,38.31946676760024,993.4686911862303,44.8502990898749,563.7893577917384
5.032402528571619,64.66897535863568,992.0205124749077,94.64580824496386,537.9263619657485
17.828816674058054,66.53147841179793,994.8022941848607,45.14261264676905,524.515965539847
9.96681646360367,37.15489866379993,990.0108397794226,28.368251086659484,557.1739072388854
21.121889262491514,52.55482601367076,1021.3645569399806,20.728569761444003,535.3916226260643
10.886256377030424,44.26110589221326,1015.3005894771516,87.00068738579546,544.1114330599255
37.68095474301496,67.4548433870049,999.4443799066976,12.888787643657041,496.2885082146133
36.33181474912432,59.236582546597056,1000.4852226589918,96.79551295053533,486.534367887281
23.105438095408175,51.17906801733009,1026.4935869311519,47.637209060699355,526.5663281322666
14.822535687508061,67.8649795776245,1012.5819052137135,32.26369159759214,533.5631138237992
15.864728399354687,37.933556350462936,1021.4337760686783,65.57015189938262,543.3072239381571
17.06223904263538,66.44920343213974,1010.3739953073712,21.96216926525677,530.8793714999048
29.375593563262818,72.59558716510534,1000.6973111709357,16.49310162097202,503.50095785986565
18.61392082523468,73.32418782441648,1033.6681260307307,84.50050167186103,514.2165820975616
34.41246791373,68.10204761607821,1015.4541403518929,48.22036971627941,498.7141156693889
37.81969665128422,47.440779184904784,995.894185669556,56.64294208940788,495.8741203073146
14.10189998177842,78.99944124948048,1008.2740518982758,25.90264079875584,531.3119944505027
22.867084773651523,45.877650410234196,1004.8201835376105,15.528182007424807,532.7289041214458
4.707204936470013,60.12439695063341,999.6339360864835,43.099851938666205,553.9315865176051
8.818292862888,33.859079793820776,1032.0047995158118,55.55316271420804,559.4288056906436
17.125164901696245,78.9246894250016,1029.6413997956888,78.88875596902251,516.7615632317459
9.041905920169375,63.71922570255648,998.9616202434053,55.09468002119171,541.96973918262
35.18585914075999,66.43576498855026,1005.8466550074983,80.42563159173126,487.0157543575229
7.173163986304825,28.617718687612953,1024.304192625187,20.388950170688247,571.87623027462
18.770772040570588,66.98797978213695,999.3827721663097,15.756649483955645,529.1561244335887
24.622270377935152,67.60978860713308,1016.620418817191,24.297486772910645,518.4627110368614
27.982692418272933,61.947499949922644,1021.4907273956168,79.48109141998557,503.2730631290655
15.939705419333762,41.0550287584689,1019.4287546569844,78.33972077548313,536.6240358777941
34.894863680264415,51.93295231884848,1021.7883888123976,22.723102405957732,507.7745025156536
23.164446892039095,31.073890421979407,1021.8014815062943,12.788979242561178,544.6492430429794
18.14080343745452,50.9372886552534,1033.4162663932018,71.67537425909487,527.5163179447388
3.622384728029428,38.41031189302227,1005.5924500284144,86.97536049186797,559.2172442303927
19.122889269361437,44.20033425717452,1029.5365690969127,77.8696925959164,527.3698352156922
33.00869779181348,33.94302246220342,990.9813178131798,28.251908255357037,518.1350141491006
24.967099710631302,37.65299022607934,1002.9691333495477,62.53911075028021,522.3463561242978
33.45433569543562,29.211275300106394,992.189510189961,78.16291485629871,509.8955706742357
20.26645515337292,75.59457515403068,1019.3041781980128,33.02458340923356,520.8058762688356
5.620006498684791,54.17258783864719,994.5355666829229,57.49487212325077,547.8875699149085
1.5319539875993617,46.820808419450685,1028.056808864342,38.301436357639325,571.6947093071898
12.825562322025057,54.42660670228311,1019.0966257705617,30.3017875594319,547.1032821540944
28.221628388413908,59.556127566485394,991.2966930474123,97.26303940937673,500.10641745447583
31.820136253726055,75.70333363531421,1022.1649814445581,92.13237643482337,487.3813712943515
12.534360550192847,34.82811237574723,1028.7915726265633,50.11009578563383,554.5034021542137
20.330502914446637,41.25538742493697,1019.7504453447967,22.310025495757877,537.7239372336592
17.423637272929184,78.6684134989263,991.3735897170765,75.51165729885838,508.88298142618567
17.010388589705688,45.41561426566884,1028.6063796807182,33.013101711539825,539.8068592930748
10.022599814805869,26.24089079165302,1022.9608760820315,25.166602525428505,564.2576659679875
6.318473096148876,33.120392095043734,1007.0303090617792,44.337611596436616,562.3923871981196
8.670853771017311,26.448628596170362,1004.7883616241976,57.686482825006514,559.24000137381
3.1579630993704977,79.44577283314007,1011.5919081633348,18.769629683837316,551.2171784148898
8.727098931119505,40.33789669451727,1029.0195787922041,61.45718257436739,553.433118376491
1.3588350073897988,75.79485163149243,1001.3426708341301,11.381353728635936,553.2820379643057
25.46307762480315,79.77374516678437,994.543371505854,90.2682154533778,496.0645284870933
13.338640888119633,57.99126716287128,1028.9086367832472,92.86675203509799,530.7829765843514
38.95264374564944,26.825797328605898,991.1830431996325,75.97636961606663,499.00268582118326
8.554964980275617,29.487539671280985,1030.994866000983,51.989446771675986,565.3549330283719
14.487314242074163,51.48739803093328,1003.758533743563,32.94066435069801,541.4825251239058
14.955805187019795,47.33946071013173,1012.870021575972,76.97008816402568,535.419868298003
1.3296083464359612,58.33975181799722,995.9532986138503,93.86174817568572,550.8515095972308
33.729110168538895,49.13662953412502,1030.6014736219508,24.26803344076956,509.9461059191536
2.2477839456286643,76.37422670993163,1023.7426300522982,51.92397903679282,549.711122633438
37.667013554440416,54.41068434774311,1031.5870013973615,38.37354724323353,502.0631198272584
35.79089969265121,63.15493338043432,1020.7453073003173,42.10676101413189,497.4694345848182
21.885354727352578,74.30668999533731,998.3112199534047,46.51820031906392,511.37381325125324
22.20022742154039,33.077953170826405,1003.8720151343812,95.66167099342046,523.7905304806775
26.497338995290097,37.63540597651907,1011.9081858796563,33.27734510812843,528.4004096780455
16.09495046546059,30.902526326070827,1017.3266192412093,54.3408255184156,542.228567039275
26.241669052516365,32.680111957645174,1031.6906746801324,95.63387244956114,517.7619107145465
2.7459671588509877,53.192118181382824,1007.2778159605112,52.845120119648556,562.5670313873685
3.107857466639336,42.66485924321052,1021.6382409858215,87.72395697293081,558.6616400978097
18.83198636516223,48.27450617397152,1033.245398200987,15.288829689275284,545.1988864593984
22.43526974313536,79.0369407486734,996.8568328536954,95.77273766169124,502.3618152440667
35.62488797309694,33.61873912877714,1028.8219314950798,26.87780323234458,517.3604318734242
5.0817647224079545,54.744663893894156,1008.9317731676939,98.19415312581557,544.1166797664379
33.083269160561684,30.437913527950805,1022.9589799168201,25.80191787326936,523.1291009128113
9.191846154390714,42.517297229513325,1003.2092252431688,49.992935301547675,555.4182921530721
16.369262291891243,54.013925802102925,1005.0292898219701,37.77530424152901,538.1273109537702
13.347494958269102,77.06474602809357,991.220995119063,48.99082789855397,527.0996906029578
16.606055641750558,46.517552170591564,1033.7131868925132,32.547226593297296,543.3675029917457
6.869324424830837,28.56986829180684,1026.6053658853853,96.87856711848777,557.6317522291837
20.639232901738644,46.34887963781743,994.2263081066799,37.51524856657825,530.5304368407328
32.26406100342332,33.01576467306877,1034.9778958048698,68.79474208578006,516.1525978414636
18.21982640477698,37.64942873102949,1017.2261068741324,22.370274063890964,544.2322429985297
20.133929460029766,58.994984274074476,1028.4177887083972,84.19487363648955,519.5563972034802
34.10193582597125,28.708312641202493,992.9997343475042,58.8257149158562,509.74177871179666
28.536266470883202,50.55980659375206,1007.5253030321365,98.15015120781842,503.5977910289956
20.127721932271605,58.52038723059204,1020.1343005036624,48.106199515009166,525.534641737007
11.050130279378006,48.20221158021233,994.7895173414865,27.590308747899435,553.3533804738004
35.512143126953696,26.05194928430517,1012.00062773943,41.14170994968852,514.2348969988806
23.503795665931776,79.20356462965759,1009.9205043544864,76.32690454841449,504.5877256034755
9.624756794317042,45.19136720372944,999.7218101013111,69.31958688962884,544.2942531618629
11.495670352882405,67.82174528132968,1003.5121426133311,80.05126668559527,529.8316737217132
32.32219046851359,42.91055707030993,1033.520325952274,16.612326298378818,520.9741767609811
2.721676921410763,51.12592163463803,1002.9891818704472,62.23318978103078,553.6880936071327
39.691595294123985,46.36550034360481,999.6041760285785,93.89518093326743,483.7583567383344
6.083715508876879,43.83965762302842,1014.129412698075,19.711172753341963,562.6908436091704
32.04667249048056,26.20182574642783,1020.1931115331633,18.490173302168103,524.9298793887068
16.396237354095632,44.80115158199769,1022.6291899981304,74.49439280675625,535.6184078139819
20.196431148211207,73.92194947197416,1023.9411233023612,38.36642102597817,521.891437739783
35.345372521118534,62.971633622652604,991.6574621181638,69.27212893248162,488.0776891652453
17.103536393979315,32.99825725024919,1007.7192180170804,59.0846061745324,541.9179033063793
21.962256393256144,57.51352525425065,1024.8281135902391,98.74599925059151,513.5966301463765
2.922686833957628,74.07269729718794,1030.7183445810058,90.01507752593866,542.5726819360575
1.091551480830673,63.50187225306705,1017.0990055499752,71.02655034055405,552.5320151156461
10.54719504706731,33.177641579618324,992.3538084079358,33.55071634928355,557.9267791613307
27.542740623831925,72.73078732039733,1007.849061263481,33.57173459354226,511.3980909384189
5.729330841006331,41.584920730887596,993.3402202140804,89.40194205120513,551.897046163149
5.436716393377427,49.9741879371788,1023.6842038208063,62.68069587478537,557.8458794278131
17.027463713400227,53.93785178290305,992.8577461176749,81.03536038468921,522.6546923930451
26.265644505720832,71.77786324080074,998.3578980030829,50.48777858831471,505.21972414740117
28.77080769766929,76.23841223312135,1008.7631290784149,19.276627298637393,508.24479914134463
7.959576289836616,76.13090827848058,1010.8191765201692,39.941781241566346,543.7174582925243
4.103937747509656,25.437479970319735,1008.2916765141756,24.503427485952685,577.1235350773629
37.675484323876226,75.70386670720015,1010.85284909727,80.3649534782952,477.292040906743
11.165988919921967,27.99128313008648,1022.095761840909,73.04607906913812,552.6366240797227
34.280513406740226,39.61755112495894,1006.6170970329994,17.95716301492366,516.2233862788796
34.676166568049915,53.324332010030815,1014.6487706617779,65.92468588856893,498.8713550176972
31.128381078739235,51.39591289524167,1003.651616588793,88.67219562953159,499.3041352281848
7.584510659450233,58.25903866380656,1005.9132372790717,72.76278658599699,542.6766190051051
33.05025691091382,51.369542580535324,1017.6209531568936,56.000072168597924,505.3579751145382
31.00077181042188,76.39066238022315,1012.0722593236659,38.06769564449985,497.42712374364055
24.272196614142466,38.230186651802285,1022.5366332686676,89.8387074627306,523.4498927480366
14.150879371589157,40.07135817211672,1015.2242364623287,48.05243939269179,545.5254441676575
11.23783556639522,75.6405864631181,1026.1608338422743,86.9854222210407,527.0254492363272
5.753679271134,29.22067325598909,1009.9533695847623,80.46998543963774,562.004485961961
20.880525609133986,58.52584520476454,1012.0965128940061,83.46042687527738,517.4196998833097
23.825174144884013,62.49547736360859,1020.1487107005423,99.08177681454816,510.0261812214322
15.014220630115702,52.804794788635675,999.9559774985422,77.38826642856681,529.0315482137813
19.539003639553872,63.182753335272544,1007.3668291619067,13.063684214678357,532.2282746836544
15.1770638374014,34.501505530658186,1018.1178559805269,28.48905414826704,553.2231518071754
25.99923623550735,71.89477280243469,991.2994321169581,13.167563529264807,512.0906828837542
36.14910910406597,32.70141292084371,1009.6637145135273,27.092221294752157,513.7720851599289
7.39289021983085,47.04468443736623,1016.9482471337752,15.529555961750198,561.4440177373878
15.874943586221814,29.139168071951318,1033.531898939019,55.14553370676276,549.5988790956739
6.4938755540835915,54.98660933495701,1029.4657452727952,12.538559181977003,562.2061852607347
25.372807045905446,61.83601940841015,1002.6333878824196,52.53211896537335,511.34544021108775
29.425949870055234,76.76718993024099,1012.8244546813016,90.89568164080107,491.6328946921474
37.34459657130078,65.66349077428005,992.5386467697041,77.37184113173285,486.91011358229156
11.876005124177631,54.76066040497831,1000.8339486668013,94.95603312865805,534.4428023981893
38.058237028751776,76.29393594436836,1024.8685140630641,30.39820963808684,491.3431025452393
3.4672442010063174,51.31402609224821,995.5491305523905,57.797723476476435,555.711756556139
24.51754067121894,55.86631092043781,1001.5960736175281,38.67215078492549,524.6181101858089
3.228176054389869,57.78541902185527,1032.4819125781114,54.44378161228306,559.7156369035375
35.85719332271585,47.54888492376118,1027.0735110221606,60.136824662585965,502.43743346278865
21.66255322573211,71.11654798112033,1025.1822470692011,13.256751742827865,525.7568259926579
27.104585679749047,35.18467663647825,1028.905087063597,30.99305216934848,529.3936064212246
33.431383110507646,55.516320470438444,1023.732255896206,73.42955013195976,500.5394091114122
6.862114276874782,64.72282909029568,995.4263797253205,79.56352220862696,540.102863354738
2.50507091558722,74.71868945321174,1013.2452596918354,61.25062307387529,548.6111451488398
35.276364690601234,73.61551180388531,1009.9909764361045,34.3746125153809,493.45759501112855
13.282395870898366,52.98071591865781,1004.0018210221671,46.457570505046604,537.7625987990061
6.030177409159445,60.37387981398379,1027.5318184373823,18.643313069324613,558.4668366787541
19.269988246396373,46.68307548711155,1010.8862641068405,95.78616551133325,525.3174637332094
24.333936952144732,50.74977695841102,992.7133920610897,88.18097240892594,510.5020630505474
2.207853533477895,74.84461859151773,1002.3734512674121,15.904211221671702,555.478392070397
11.720930672026421,76.18871962558606,1000.2879476113251,24.984159909249744,538.5228594073228
2.2791950967989445,74.24777319368607,1029.9365498165077,62.29849970698782,546.900567153032
17.39308017862446,32.6103973997501,1019.134714528755,30.91870667162943,547.5495183975737
35.90890113358353,71.754621173185,1015.2169319646933,94.09606282127154,485.16342630104884
39.3234440482492,77.16000520618141,1012.7992158755417,78.00315227839671,476.6325199501631
25.844854586641475,44.86873320154825,1019.2550862393659,34.59623616199745,524.9991328783278
7.303870057599081,53.52554591819181,1023.9693996049706,10.549127007142852,560.3633123100734
36.32812620997292,67.85023906971477,1014.9473117624179,81.95026520826772,487.44076568633614
21.133665104802358,55.914297566110676,1032.2228436818675,48.16807386409591,527.1839125533004
6.9962231720138055,79.64159369384372,1033.9575376792673,67.81399406719993,538.6141206278182
36.947340108614796,50.06423508362556,1034.790404247397,35.82773428791677,505.24614414718843
30.541292978201017,64.26684911640578,1020.122599953989,22.858593342235388,510.96694622868444
29.53650563620291,68.59251271080993,1031.9679210040144,70.77804326071711,502.902299969704
28.658047447981783,52.17552286671417,1008.2015862888579,50.52921293319932,512.4524130365751
8.813253022761252,72.13410931412567,1028.6816576061324,31.165273096298282,542.8151795375759
9.229260976593517,55.03850251639581,1030.9128434432857,22.38651996095829,555.4308505469648
27.843426938662944,47.64079382408973,1030.6863212549524,62.24316349974701,516.4166257983541
9.56918725430548,30.930302061857084,1027.3880827308772,75.29949461868169,554.0929988088461
18.108196175318906,46.63774669927333,1008.2969622738563,35.549826591080375,538.858875022575
31.498071198163714,65.36650501033063,997.150836689133,76.16282818124115,497.6574315331925
31.574148205815796,75.6707526424059,1005.0280360355,26.48099788594947,500.2286041686512
18.677209128508526,38.842367212317065,1024.5279856184143,40.45741219855984,541.3380551617719
31.895407592734557,44.53795345317764,1000.4798480098489,77.03940581199599,502.59585880682187
33.70625005172421,33.46785467574344,1011.5222429171688,69.41291676823714,509.4190742902705
26.53625430008615,62.98975918259328,1015.4429783093102,34.34712642135213,515.8573161089106
9.908608240028386,77.8103636505459,1017.1736353097044,20.99215013922398,540.7373686484261
11.686459435036353,60.252372091649654,1032.1076496770459,13.822608245251775,548.5601186240557
13.278805060940678,58.93920915034245,1019.7671859186443,85.4123661927357,532.97447500872
5.555360201624128,55.44194617752387,1025.3834467234785,16.762775461107402,561.5811834855976
11.65322519442786,29.86506573770451,1016.1845256551235,20.336063698574904,566.8205078437383
9.171249748188753,65.1227104536161,1027.5111143487884,31.393956724780033,547.8181538460872
18.757821242535485,58.11272489521429,1001.8648625881393,50.11027338158631,521.8509851929447
36.429064367018334,61.38122228709579,999.4444952250955,81.08083722128464,485.24129185660144
5.074732353404365,74.4346101165082,1031.6844021941085,32.27322933469954,551.4262096166284
29.090449033948428,68.11784328835599,1021.206639436082,58.91574235237767,502.62916596796526
27.804037172111983,67.95033886849893,1020.21865096762,18.133526984503877,513.2102628201511
4.734413747870949,75.99510728836412,1011.0282857382803,51.80599046228723,541.7436724031153
36.9803237913262,79.44642233046497,1006.951376668208,25.987509403957745,488.25637685510895
23.170415884115965,56.97055025785828,1015.0061037515387,29.007240300150855,525.8949941065345
15.185295324291685,30.988488881714115,995.425485723975,43.014559069803646,548.8835321626304
30.50500475631696,50.252144927649,1010.4620652487398,78.52129288307717,503.26707562006794
11.037252877663729,68.31806305539044,1010.4915467009466,76.95877869102112,533.2421244510335
28.046883644806496,26.524892861901705,1014.225143082492,47.347567883678806,525.8234255603011
2.548737095317642,28.128809109588197,1018.5608526465242,20.680403877316774,579.9437853808057
33.73691346676161,28.69367803105517,1033.0793264693414,35.262245802155164,521.8562937800781
18.47866303383142,65.2069667080571,1019.3476107191291,55.48201988771244,523.1045639093762
25.831023659959726,52.56416457097446,1029.7676318379035,88.24706008256108,510.44279524169553
9.628274972460662,45.289386893632646,1015.0336737661123,97.14291533319974,542.8637767939356
27.40587479367947,30.80893748939548,1018.211754718237,67.37238415215222,522.491890230867
31.117370759837787,65.2732137613239,993.1426628899306,41.56178414476612,501.9730365210501
19.45531428849155,42.65608958029948,995.9968675297987,72.41081083249409,530.144585712876
25.091350038409978,39.592823853556695,1016.0851695838893,40.26071222385387,529.5538068401638
18.796711029073546,60.8775560854453,1007.8070791481114,66.29261080749458,521.417438828068
35.86956340105598,55.745599092826296,1025.9464733939476,31.938991452610896,503.661676999965
20.41689804005845,44.932585299731585,1014.4430043693379,34.028983110824015,533.5523642890122
33.83053965212394,60.28181089430735,1029.70309675281,16.770303013701078,510.3202501514768
32.252730272539694,39.9171836211265,1033.7549255308031,47.81270369918575,518.8724792406719
17.009688032585906,68.71566438823797,996.6435833304669,65.6357068086101,519.8717556881642
9.973295182441527,37.61254226692097,1007.7672488245032,80.9915449429559,547.7578792240712
16.83720316983107,33.73607324601086,1019.9241461357113,82.93136903539244,540.0660605004535
33.22247765523358,68.03416752243811,1003.7469939930157,99.32000045564475,486.7415777841897
9.877668896956301,63.93406168838632,1002.0164551974673,17.89801532532657,547.9982181707278
21.453017488452225,35.045143663598914,1026.6182352282976,54.38230916012459,535.7505710428132
32.43777317046916,31.393516397946588,1034.1170311076435,56.923711786217204,515.8286034319289
14.785621530006773,71.11194986676807,1024.8211499061367,82.40800837401031,524.0682696627711
26.0461758431052,67.71291652081784,1013.5654480261851,33.97226640299623,516.077084022487
10.579631387903767,42.99915555348153,1009.9130054375391,16.24350879455203,557.8282686494912
5.261898369358237,61.20085745173517,1014.2841474238664,38.238292924157776,556.956258934421
31.980984778621398,31.828810260129593,1010.8277865984481,98.55350461578348,504.3488922870619
4.859776312939566,52.88762124762229,1012.6299625553551,90.94970780421276,548.6397416068711
11.5838744081038,26.030166063323094,999.1553872738152,45.57222648519864,555.639020493727
34.34926745790016,46.538103450685554,1030.6683877189198,88.86447988705545,498.4449473226663
14.51230219606802,29.11635518092728,1023.954075068547,12.947903570499284,561.7943424665123
38.94876863105228,51.133094908628536,1020.6439840211949,38.27836697177805,498.22438406217674
39.20963905618053,48.19249057690919,1032.7466236938512,75.413066318879,492.8153629933631
11.462764797688711,49.44117646509308,1002.7977449360777,29.930702591515505,549.6272208771562
2.5981506677457276,27.493221612639672,993.6521734902126,27.8551856338576,571.0658613078949
28.497468084009785,44.88889877050078,1027.1762397159898,87.5626791367936,514.1749280875397
18.588473603285404,66.6066117004954,1034.9287633642164,65.43585649690695,527.4520073291071
4.929360914423475,45.290290534449106,1016.029459710909,99.01204464808322,552.112769018332
28.59338994014367,64.33445739352695,992.6464224560707,22.120270865123366,512.029236964703
2.2158214553649276,45.32132979985533,1025.1210618069724,42.0515566509832,567.0195004766331
34.937670929197445,48.27816928196025,993.3187071980628,38.0092034623316,502.55271307624
6.407448635418845,56.01406620560964,1014.3006293816677,89.21190139470187,546.4353696441332
5.965163271122275,77.28750652438953,1002.4889613394737,32.976686803870955,546.105194869496
7.851219620774796,30.987324565566034,1031.1762051266578,41.8114897906753,566.0296974641878
38.450387981190595,26.810257276364553,1010.3099045966768,22.855048810788475,514.5114114720812
28.033605049899993,58.437645109552484,1030.4308506815348,79.78608843842684,508.0077405636025
32.253489883081826,77.20033989106345,1003.4586488364555,31.39329555629676,496.3588805977285
16.50776444357737,79.43477229050933,1007.4313162719608,16.148824500899753,533.0843422391857
14.116196372693267,51.6290336065601,1032.6203634711187,49.1597859421807,541.6351618035033
10.144876264543628,50.74448915968041,999.0591502919236,45.23123115653812,546.3732385549092
19.745273104183948,60.47300739098579,1016.0325518243015,25.984828387483795,532.8695068459997
22.52132060783257,55.559911646273335,1007.482964785205,22.0237803906414,527.9667959383082
25.63921890245746,59.87484316877649,1024.8375098280928,90.69014920449347,508.2197165025933
11.027621655949087,73.06996840458419,995.8183367027111,16.10600378961075,542.8050684735082
37.99750915521663,66.04683932181851,1009.67467360521,18.937986102668795,497.11816449078884
7.620581430078298,52.32825654277376,1021.4519682080369,32.05425530245654,557.3120080083332
38.66047381589008,50.40254524500933,1008.3157305752771,95.75552706908519,484.0549211642184
1.5793887777926479,60.17809616822138,992.633928267392,17.684582456786963,563.5956088084624
19.76390198085698,50.063845643116366,1021.7300517600904,83.4413344068594,522.8665760363467
14.00134568654595,50.177864319610194,1012.6439247458243,90.28469379869445,532.0061113057659
18.515813143279782,25.896824598257766,990.5088909006046,44.00809673057969,544.3236763260377
23.25591858025077,34.57352755740196,1017.5695152852768,36.45049598486582,535.247015504251
17.987977162495653,51.86825019976642,1031.3946460137954,70.96399554316673,531.9426181124284
17.179027161762203,70.2459402477703,994.996167669526,73.23711405492006,520.3483742445947
29.576213201118954,40.32998536999183,1016.5802055754126,80.197944654174,513.9075228582617
27.74917472837212,53.7453888222132,1022.7900996793184,84.75101031960331,505.8191970955545
33.49757999939807,43.97291466175777,993.1848151563138,34.155591041110604,514.9305785016876
10.748400268340326,30.764219424677396,991.0176956173884,71.82654416979841,549.9580727948761
24.77161188040848,77.70641656892153,1010.8888139990227,22.141515185620797,515.6443354009165
23.8225966303213,72.00706286376659,1025.6034009255463,55.96581983897383,507.45434506273295
15.419774624034861,29.31708334567985,997.2323734544698,65.15982248613349,543.7464792525901
19.956244134204557,64.58829943575566,1027.6486772496714,24.555874300889315,526.7169395100013
13.23750358892342,44.11689473966251,1019.5459764940618,16.88558857475867,550.968795364643
6.531931507062422,79.7167393883986,1004.9477979504818,27.527165764857365,543.4746117383328
9.33824721584658,41.63191859059377,1013.2121609321603,47.85298730671304,553.4563154710111
5.115032209646842,38.130614494942996,1033.4508740877031,89.90568800338373,559.7196185975199
27.63971343241484,56.23398015679729,999.7396636784553,57.87229820812544,514.0690164634218
26.76836833125691,70.93193898387622,1012.4790928984818,77.36436025605916,500.19233632497173
38.07364849161504,35.58853795008889,1018.101895024843,25.67300754623019,509.37322140255105
29.45745813224241,64.01715233456322,996.2106572464049,19.538037824970292,508.61928087786436
3.0297877114891265,28.37736207276169,991.958493988049,31.56556218690158,575.5522384031982
35.485561783229215,75.54141087107735,990.6056978819162,38.24923715113232,490.08409292206136
34.644331354883306,29.459120388101432,1004.6111785470007,59.32918169399795,511.57058722298456
18.289492510135247,75.28272569892894,993.327628251819,89.31189883279967,511.53286651236874
23.84865897058894,51.994398719898655,1026.16964786435,48.34833550996289,523.4001703953344
39.06705496642824,49.645011203775596,1034.8793787222785,56.691836906047314,495.29342589788666
21.759870190078484,78.53188937252071,992.7586719780509,10.415218238642858,518.8612220292566
36.3075513066675,79.47112977340205,1009.4726824170048,12.998085660215796,492.72447714087997
4.238511554597271,60.75979692785566,991.1579455342159,17.539227993479287,558.2927778470721
8.451022879638632,31.99156105213767,996.0295900840769,72.90946769311257,550.5494866233265
18.189442794211395,52.83935471103614,1004.5315152409803,53.75722318947256,530.9137496665315
23.805515525154885,54.103970552561435,1007.7164195875943,27.36650786786723,524.0179351520197
32.83288622264921,53.294553547442035,1032.2902325892887,63.333949482083725,505.1183712628497
39.54222249058429,56.322051118600534,1007.8126563940604,59.01509366371325,491.45140008305293
16.16520836249054,26.029859258691488,1012.3324946575831,17.991937162899617,554.4100618491193
2.849209809463312,64.11750048087762,1001.051251572324,67.63714954454316,551.7838083823913
32.24568862851767,64.18168660741435,990.0056312440458,79.04393853674591,489.5771674119972
24.570848044229518,31.350837634783836,1030.470050552991,35.78989669381872,539.0737380805731
8.743171495859865,56.36316933451904,993.6771640666337,71.87399757948768,543.5506116356544
20.298309808235388,56.2598650339676,1033.3911978466303,27.974756530790557,531.3040990348765
29.95009957581525,62.53477311047201,995.8879846845117,78.10559323405704,497.03366320570626
31.04605969567711,29.696873067429458,1017.2195316337699,92.05967522104483,509.5887622270562
20.485118067951717,59.457681899635304,1034.9734764535488,49.768041142148235,528.7844435290358
12.903366675025506,40.44135729104877,996.2309068231355,32.01598703904561,549.1123329885697
38.97596069950124,52.88516447728946,1009.077438822292,45.925903197792984,494.315711944806
26.87114182730322,67.53279539872422,1025.1190651037164,32.50697253901452,511.6304290885835
16.92126325450565,63.81052649996573,991.4485567432486,10.111543818973791,538.382957591308
11.938065743981443,31.539665972289637,1021.040223801302,68.54109506240006,549.1919301830391
29.51301633713892,57.51516329138403,993.616800205086,13.82739777659772,514.7635216900975
10.445154378156941,78.30140920174063,1000.6434064022952,28.93516661955079,536.757264254218
7.696689569973838,33.62231905342512,997.2034273122013,75.0204600516839,553.2537076025333
21.66352166952074,71.90988982489782,1030.830139424112,69.91525125242052,512.9488983430906
12.309508313121533,63.64014443045773,998.1205522551757,16.59960208415491,541.776424741092
25.527300652020987,67.57018221003679,991.819534298182,69.40492669711693,506.6974024772446
5.599608320095106,40.507707992845496,1016.4431555301493,93.75174006182043,551.8667042580332
26.54270307812554,40.83389111589133,1005.5781416434365,16.70522221163648,532.2740499980438
12.048564591910386,74.83107006770685,1008.2567799288615,47.411940490897265,530.6862612238075
1.0094744429459965,44.79076176509072,995.3578235188146,75.64905011027273,561.7017509553194
5.950506249292879,28.465846488104575,1023.6705521144937,70.0950702860122,559.8914092377984
37.410999735568666,58.032818696869754,1017.0699142339583,30.385948822254846,497.71974271681444
34.82683092549895,31.864971797301347,1006.3897670136726,24.676054974703572,515.4503998097193
10.110752249413236,68.81279327743495,997.7208724693411,80.58223036368388,528.8420634202088
31.35650427727416,60.296054337558154,1016.7053282626753,96.0620189714917,496.43533917860776
24.734292133784997,73.10995778716645,1025.036877577832,79.08251207885462,505.39010622043185
38.86528374654491,68.16604873804494,1004.0578777740237,96.68840339779752,472.46991654933373
15.570620721828305,31.166250658600788,991.1637172592368,64.44958817233385,546.6072823413707
27.57696388816968,45.95888720389323,999.6454793138843,93.61889746227253,508.9748222269694
3.4778931745328245,67.6008137453023,1020.7079018501773,72.13921250903982,547.584687805431
16.45364652583983,47.953781029647914,1034.5093369855615,91.7996275180978,534.1177916307948
38.58888878633904,78.4801016628988,990.601930773395,24.54300711726317,487.42926278581024
22.020254103554702,65.4657247441397,1003.7769102959445,83.4008694169554,510.7318507999381
12.227300630058938,25.852495417967656,992.7909391701977,27.707122085810727,554.8972545373654
5.6905675620156675,73.399213035846,1004.2357179493365,12.468619175136155,552.1159911209262
28.437605267079686,30.544263167770666,1008.2661454407339,56.582752063866664,521.124550717174
26.149385693759346,32.728804829904725,1031.4387941375815,38.64266025056599,534.4605796171047
15.58360983054721,65.3970820336078,993.625235973224,13.917822560921607,534.2775930481538
38.08671272276754,72.57327076867642,1024.9710323879597,98.22739408553434,477.1051723459894
1.8659097065261623,54.499229534475575,1007.7990478228334,69.98194859409935,553.4889006351999
12.845230213641207,40.89773531201786,1026.5068282350117,91.16309558940388,538.3231909430517
36.921709965683675,44.32235498892466,1013.103098339653,99.91743272847533,492.4884170941795
13.516482094458175,43.85891312778308,991.7676917479534,45.277006300398284,543.4577245238136
10.837860520351645,42.96729570952317,1032.5792648121678,32.926332586070366,554.7290979455664
21.834595987318647,38.36003195019074,993.7230328545535,26.549595341814587,539.6861187128412
33.12826824690098,58.487690204607816,1016.895757614019,56.36683970122083,502.7487726066719
5.022723674256081,74.5222925210787,1029.4950493320082,64.54726997519418,543.7584887098143
37.77780767618371,41.88953271958376,993.5896408987587,52.518046242927234,494.3958831638284
32.0078423660654,35.26818636037767,1014.9252024787206,44.85268133611142,518.9253109989319
8.068759966510527,71.12177165042837,1027.0930443986003,25.14453071132155,553.5848171288908
28.768310486728346,65.79808319893368,1034.3846118890608,49.767366142956156,508.4270869736929
16.01339018286473,76.19603673579508,1022.5947330366309,17.671882337115846,530.1819510929215
16.68949244497643,34.10358545827003,1002.5250468958482,87.85429829988327,535.9154152089977
31.548313605115787,32.933822276412535,1021.4806648430434,14.221238688816346,523.187125653822
38.548607511248555,54.77861668677482,1021.7595046188437,44.258145555839924,497.4716405756148
5.939579041040563,58.79385101593024,1021.4984705447077,19.012408213867168,561.2596355577338
17.404579238273957,51.40953930227742,1028.4417196691898,79.74824495203704,528.5196484954112
19.756722715287836,57.94316499781315,993.9321028133771,38.146328094513414,525.9529797104785
15.676160861244906,34.920887288128924,994.8788930436945,20.179505138729933,549.6150634248575
15.164375824932776,51.37875647902459,1018.8277705901501,57.83421689780624,536.328240491267
3.038478034902265,61.195090851681734,1032.9246493244184,92.4649306506586,545.7080384978935
27.736006201942306,48.798854708678704,1010.962738751366,91.7780384007283,507.6459522919863
18.01236226768177,62.36960346991288,1033.2253215731553,32.46859370195109,532.0477411615256
8.596958303113144,49.81552043046118,1032.213836678227,74.76937083642102,550.6183340663728
32.825306589780666,43.34797694632525,1030.6309382205443,12.725577355689214,522.0691874537221
32.29986917791349,41.69827758979008,1030.9432938688838,21.866661685308216,522.5267196851811
19.969273495466858,47.599613244372335,1030.4243456997594,54.95251332824016,533.9108829936948
12.63957578476266,26.269929247521045,1026.8950222592632,30.588079103951692,561.0972511917648
25.885616306061642,61.76888261453625,1021.2740531372399,81.84356685641242,506.53132522937375
12.237933295318719,71.4808102539144,991.0983680366674,93.79649548473951,525.2340839034923
10.20430928262477,44.50449019437152,995.9514116470224,10.389998483450402,557.5927185355903
29.49007150702674,27.53182248779452,996.0404424539161,30.962424664088182,524.0674586605586
2.572684349117077,79.27265785620567,991.0593127925815,49.55980114686046,543.0990739089966
4.695970370349165,39.50340404980868,995.2515795790637,60.677135951714966,556.6577917119035
1.2647387869200013,31.964161692992516,1031.3885895105198,92.43124998328909,562.2899403702087
6.96478427254162,45.33638793851654,1019.8711929109853,90.26951414637641,549.5054551718882
3.690610339707919,65.62063723484562,1004.043285823294,67.34530895211694,545.0060988193437
39.83629234341682,41.16541282898112,1025.7012005506506,33.164921267549616,502.1372126072528
12.263588828209494,56.60867621557183,1011.9766269129683,80.49590288905252,534.7973633722189
6.821452494100644,47.85579969404282,996.3957166612145,28.23865941585086,557.4095395987741
10.398854061840801,31.477019575214015,1029.8025936551921,96.8655091687135,547.7238267501997
37.50889729006525,43.16578568706606,1005.2397875806413,10.52559241605982,512.3578103353252
21.286248697951432,64.86787781427367,1021.4486653738452,61.279345351711136,516.0865019200882
15.227905756006418,58.66021435322951,1003.0767372224823,17.955752222946497,537.0094534435318
35.06226685845955,31.587810893595854,1012.503206280321,46.68395771638192,513.9232311079077
16.404620551412265,33.98273253428697,1026.7313720188688,67.14401862793754,541.4723842879125
14.065334228350135,60.2403347619095,997.0549805890965,72.06386460327246,528.5244605933332
9.084018379439687,69.73784778764778,1033.9763127857675,80.70125227065417,533.8791517853386
15.734076132467049,44.221097277699315,993.1597165287327,63.39949324882931,536.880589698771
13.350689884660115,57.74209135138976,1014.0304009383227,32.6187416157395,542.4282680518277
27.4148544126275,34.38539738136579,1031.2211483708377,90.03279186413843,518.8143660481905
12.293725482158358,42.125698529792814,1032.5562248197136,82.99966717123189,542.2982200723015
23.510790110479896,26.114861312017894,1000.4449033295899,24.4047085936165,538.2846365525403
3.5697944362469354,67.25517712897374,996.4793241546664,84.3860065787064,542.3913248728502
8.46027711116406,47.05554008751317,1022.5981350143051,97.53800643194336,545.929022989663
16.8888055928426,69.88690655096747,991.8888105724307,67.3497205127126,523.5119524083733
37.54102090243912,63.96051478124995,1011.8357536063642,35.36247008025044,496.77969695563064
15.71282744291212,70.58093461506624,1025.835985205693,64.59344481460728,527.1028275366648
26.89889072679353,40.71122682705855,1015.2114626032575,40.82815622334691,526.5462506395758
10.948401674434528,35.18098017353149,998.4605969598302,70.83518235780757,546.0175383838993
5.954309462956037,78.45481254584189,1011.9169934761484,59.03199635102861,538.0125962219958
3.282927403121955,64.45302828724783,1031.4573622402002,93.65415508807762,547.3279187485628
12.911126443167303,70.87232473596687,1017.7745840119925,65.61176888807225,529.7425929238033
7.148780045079411,25.722335554046357,1022.4670782406059,29.258351535445218,571.341078417778
7.786407472628843,44.495389116273756,1005.1318745848132,75.25988860076963,551.1569121115065
30.669613027091053,65.85491798175325,998.4817698825428,37.07904860747937,505.94766139597954
1.6176847668500944,29.289055814449082,1001.5039003454822,34.51518576539239,573.5090653737826
22.75459490368194,56.20369612629146,1013.9929917192133,45.25989630170531,523.3108896340042
15.798993843145126,48.599002210025176,1002.6099069124816,11.079701115640809,543.4657152817233
20.75544999643334,25.9689078927609,1014.3884154341746,97.22265941451523,530.0954096432737
22.95037925136951,37.97865674156983,1021.8506367319279,57.909800022282845,526.8813546353128
13.22134008383385,40.66355939866928,1023.0478144276635,79.61445044856643,542.5189003875265
12.509245547187126,31.152297049047736,997.4108222847492,33.206700014009044,551.4374025779483
29.60267212406132,59.73453003584632,1023.7693881975239,77.1956318470263,504.5740040868179
34.97980253672513,38.3318831938539,1020.2709662816561,61.045345205032184,510.40533664609256
8.510683665882588,40.26907247906636,990.5402310015918,48.172975640155215,555.0263333719673
4.807131660870809,74.4031229010081,992.6492478790387,97.36023035768159,534.0422569919676
36.01403644928901,50.691770098122674,1019.0812275837171,54.445934273176526,503.91668149676104
14.645923082248547,46.56704808330998,1007.266675480367,69.17127237007091,537.9011188790593
22.501378235849753,64.81290710730946,996.574679980905,11.380797234089172,522.7468875345146
15.022182636280135,75.02875882856017,991.9978451626336,37.130968584878346,527.4694955431656
5.906291117496001,26.37699849305941,997.1729253302594,89.98224095440598,561.8204040853105
23.983934152961393,49.653136560546805,1033.0881283944727,78.3063155004417,517.4646223144703
21.480493219015557,58.5929745842871,1022.7404538706936,58.30786325580848,519.8908498900666
8.916748808456692,42.52097039692943,1013.7467439420432,91.01437364019569,547.0909839071616
18.622892741438836,67.4824247167783,1032.3693225024567,53.75984618868002,524.7744373836044
32.08095265661019,78.43123886486507,1017.8599696956721,60.985635776899805,491.56353184885666
24.026618021207764,76.88850514376557,1022.65403347263,44.3937562477791,509.17612824724677
4.7797757556128,39.629039665896805,1002.7193318327643,65.80360330505958,554.7928718532396
22.372838391936266,37.44860531406173,1016.5041829615138,38.71013778287865,532.0001188993967
28.406793672293887,77.66197920616716,996.4564759934028,44.69429597881215,503.97342124102
31.915432825449304,50.22456680873063,1008.2017415338998,96.96936368865418,498.8484904391961
25.535585566736405,36.45637476965805,991.4958146243974,20.017781181963112,527.0290548569858
6.953668417090566,63.884832999673,999.7482639412207,19.47298107214369,553.9893824057314
28.696757397016267,40.64311781470854,993.3690883240204,13.898441750951417,527.0511661942561
27.41633199717914,39.698583628907876,1007.4500468778255,38.80400677842408,526.243981834087
1.9526484346846957,73.35869736927816,1027.936582408732,45.84063182211318,552.5863533904111
17.058159036019482,33.936353435729686,1007.0070347855274,18.506407966259165,548.7889376791159
13.98505963153256,28.541612055643,1027.423783169759,59.421789583014665,551.689362763209
27.107070505892093,39.8052542094428,1019.54242406605,62.49713761493822,523.5615538842796
9.429296680125908,58.38199770610121,1012.9288250983873,77.59240242519952,538.5008671093443
24.044004995996083,31.76983193717988,1000.6601261967598,97.83713049542213,519.8256350700473
36.61503251075272,50.937706975223655,1031.4970241779868,65.74170225631596,500.01680369628303
32.114292516135706,59.50354107339259,992.4390363978915,20.048572601285088,510.0952015214909
36.936851712444685,71.68053459262457,1021.0010857964467,17.96718189212045,496.07449043407473
39.161732710374906,37.64282751612399,1017.9557951764216,79.9792177285334,497.82808315080257
1.416134953240348,69.95404778605342,1009.8468685015437,68.53007156823341,549.9774992557964
25.286909778721625,37.91984436221812,1000.8144429881672,24.57229552359056,530.1881361990814
17.10073651259735,62.22215976818023,1009.3813171580371,32.80239754151806,530.8266902037632
34.53432512306975,48.68704643153503,1029.274772649904,77.52163485632664,498.61012205353825
10.820773378356137,31.307468330826858,1027.654474961473,60.95402036250819,554.21398505365
39.26015007548797,64.28449045520168,1032.3621562489664,62.65000562522851,485.9435807646347
24.934610812206145,36.97694402019598,1003.8506942981362,28.90078041591186,531.801106940681
31.94795868692441,34.71428843135253,1007.4196871265992,66.61521834919404,514.9905467255144
4.338382560087965,44.707761072416076,990.8426768696938,79.35657358665297,553.4580025280143
8.154857505595736,60.93096346177159,1032.4327497624004,89.67270029174622,538.3231029975593
30.577743248333924,37.86980633348453,1004.8225541317771,76.30455923362443,512.9572567147613
1.8574743595336207,35.10138463300372,1008.1873719689847,61.87380859081145,568.1435923072733
32.85824144985753,25.54744941423504,1030.8512075151327,70.59333765220993,518.0375459456338
1.5440117289845467,50.9403703405948,1013.6969293575066,53.660031626248994,561.3495449058665
26.62763472338966,48.57550631233505,1015.4778543789965,30.42084188058603,525.5128745481505
15.238662889040429,37.86272590005569,997.9304777167913,89.39862754947418,537.8088975078416
24.848299256048765,27.95086902053299,1012.4397009368395,57.93603698506828,530.5862552361991
28.145224872575433,48.609073102771035,1031.3193870408948,63.48864800325115,516.9051714746239
14.356533548265864,68.35128110893973,1015.1423139648566,99.10980223778644,523.8778483117233
5.210535476322587,64.34051722299473,1001.4802364087891,98.65141104453764,537.9377745109164
3.71618884218236,72.34371894230937,991.4031388860643,62.76798864999436,543.563239476255
23.968504879939367,25.52704782422356,1005.1335798054331,13.056153581571957,542.1548772826311
21.30555879563035,78.15306242425291,1015.7665911329007,45.6532784240359,512.8238260677304
29.945839355724168,43.77767389450966,991.9175979766874,94.35639520458002,505.41245799230313
20.87968489015355,79.47187878505807,1017.4406659781021,35.94759331384083,519.2802213714356
17.475385811204287,38.8940703330976,1013.5536222203151,99.93418166766844,530.1780242293456
16.525399951213004,50.93450131680346,1025.2545961124956,17.588577417089724,544.474473665951
2.031429201309031,44.4660222116417,991.2999677522383,61.130276290466846,563.8115194407897
14.08673086616963,44.56683932468664,1025.1381305168431,56.39044241572248,542.7858855974853
39.06478614345527,71.32551543115187,1013.4394670591148,32.981762203093005,489.4887514867515
35.06866747285646,66.05304168555364,1006.673819975087,95.374641758059,484.3027069486391
13.845744614334489,79.56832893765264,1033.442233936147,65.72540889975792,524.2984242408959
23.924020797588515,58.74330754946319,997.2053796256224,30.720545510020855,521.8253241731126
34.044573075884266,50.47911324169765,1014.3596303590998,44.56433780545026,506.48604645200606
18.209699133252677,29.954062462079012,1004.4441663116615,74.91064841938564,538.81793695545
1.7003566862558874,79.81087807326213,1013.7368870457901,36.79270414266823,551.2013843034026
3.9059080109269626,55.334185911275554,1014.8523953661186,89.1645581855063,549.8848861588027
20.90531613259956,63.526260832957796,994.025171179118,24.91065081618617,528.3587254436592
38.80813565135926,47.37083129552212,1019.7510816113257,33.80545808783638,503.79377753396875
28.035172146535842,55.12436394985797,1018.5516673163555,23.040875202949,519.8982632498413
3.765731466104212,76.8417752541088,1024.6260273585508,19.376095488354846,554.3979933688154
8.385074155882648,34.15306908623815,994.0796322146628,37.028388111753415,559.2348135483993
31.08160258545715,41.080492138164004,1003.376634610666,99.92608717018965,503.546937121848
33.81615063829354,33.363285027791775,1019.2549769877645,18.48964719355013,521.6617764585851
25.090088861355042,68.5718747092626,996.1528871662024,29.170197266255947,514.5084524077304
26.132503615562847,28.412489323200624,1020.4919194854799,34.445511917020184,535.5013757479935
2.1051605649520013,29.489740741823606,992.6562019869191,65.72167160249835,570.1212724972589
33.31268012367883,41.417176203305274,1005.0719198831832,77.08111267670672,504.21602520671496
31.742733118662354,53.28034995065562,1028.1020005049634,77.67403073686411,499.47986623596944
11.10237062003054,47.34511403077726,1024.8431080671521,10.777238374494807,560.7404168519539
28.63839207865477,27.4648970868944,1019.0142321852189,68.66654129195187,521.5815718089632
9.379329650574926,77.66203568290234,1029.1706287481295,66.76631914303927,534.2403112399164
2.5728762810090067,77.4078236196946,1021.917129487749,56.58892137008895,548.9938241325476
8.844325161024713,40.364597778241794,1013.3718797344861,44.12877052633832,559.2272967669018
7.966526193417681,65.23390883977198,1034.0872875173604,81.76997777151068,543.7101000465362
14.172171872659042,56.82164762607731,1021.2685235905194,40.949271589001704,539.2885185818917
17.319530389842864,38.061218225309325,1017.0615229565851,30.701104489594112,547.7395471172538
20.83301676841061,39.41943534578885,1008.3991752429104,37.90856571108516,536.4450163527902
19.5934011448248,52.01342458707478,1030.6085624360574,49.56831254108493,537.3587667215915
11.556309632646284,48.0580317823548,1003.3069093022247,29.26516492024656,551.8481741647527
2.137656074388904,41.01761305271953,990.4148817394906,64.68141215849379,561.3936701051659
24.598963267248877,69.41313779678319,998.8533235094562,89.57882822607061,501.39871829190207
16.43404836404682,51.48046047005617,994.9282871374062,63.59141117458675,526.199849739483
12.648214138114438,61.01664343140203,1004.3547198377883,50.20014767296431,538.4696871446392
34.81070067038998,35.41004250923315,1027.1645404856304,81.71818896024136,508.0254313111778
30.122989004128232,54.34292143840677,1019.3188358414253,77.32347605870758,506.5652683345668
34.45285638652525,42.48868271956418,997.604126515517,43.035230937762655,503.1870547137332
20.30432899378598,53.9527485717183,1025.4969774491553,64.37381235988256,523.6347468188861
6.106318832944321,67.94542083760105,1012.6898939744731,75.6858574286192,542.1293805494167
28.152636008729623,67.29022655501939,1013.0721580853234,32.09169322174969,514.1400665419209
9.036877417549835,44.48213729188518,1006.2950481441393,42.96464911757709,553.4180193879208
18.207957094576955,63.18524143938015,1028.9077364169912,19.519846349497346,536.8028973950543
3.5350307690066516,76.77094727168523,1004.3247286735107,98.89122504761501,533.8368851908964
33.187027694496315,59.41181314586985,994.236289230136,17.72898853808222,506.8495308576735
5.911685000852523,33.162556786045045,1003.6228047287375,25.17455126112197,567.5557385641793
36.22080277492308,62.383974610350236,1022.1909095820548,53.18487546977258,497.5678625118761
34.70499348820073,30.769741249212125,1019.5911849061498,87.87446501900854,505.4506939215732
19.118727813130597,72.9660724836165,998.460771909911,42.02938206531635,523.8974798402143
30.030359967855635,53.416327269106716,995.0302934597224,79.17365327782113,502.29006214647455
25.158357878907978,46.18274049713688,1019.7389591280786,70.84306659846125,517.2891421702085
32.31995005117205,28.13536270573308,1020.4369576044711,67.47976694437111,514.2315362911208
17.84039893065057,45.94310540256603,1006.4767336744757,86.0515525870156,527.1082378088946
31.64653088552965,74.67636673536842,1027.9260622588085,11.275326066576309,506.9767367067734
19.03581586554077,26.154064795746674,1034.0192341709962,93.62377347043525,536.1157078170836
37.69766572586896,51.10564867799927,999.2540350552227,84.63035623026639,487.94975486260336
19.968511932180757,76.21369501108423,1015.9680922067713,94.40804976866444,510.44464638654557
19.04215160541545,46.716254987076155,990.2405848051773,81.42290954710184,518.6830389669345
31.617802600976997,48.54966281041827,1022.0874478211829,89.07322667088452,502.34746008810237
33.04152997867268,56.8208030359516,1008.6426951103493,28.277024337953126,504.6552328683874
22.62507545852566,50.46155334674509,998.6971152106424,38.73061601893455,524.4305669418709
8.01211472630794,34.27309301806538,1023.8499864793969,38.369891212365786,563.6401672362576
19.2425710073456,26.02055464884232,1026.4791958900237,19.825007129025106,550.6255477354841
38.75482761347746,58.53964118882859,995.0024925529171,75.66213297561318,484.7481804325545
30.36646152852822,75.64436228542966,991.8448092827115,22.255380341836556,504.6306107237668
32.63534155128616,30.85002731649411,1005.0335298751103,14.725824947115457,523.3623232280329
2.280194453950365,36.60239955890144,1018.1695709592466,79.79021830495574,567.065477385586
19.246519042732235,45.36262172037354,1025.7038787234885,91.41968527587363,528.3857892360708
26.21822421264466,69.48082259616157,1014.5728123483706,78.77110131686199,501.8364266475588
33.371274661494915,39.80931740590377,1016.1336949338141,84.28169915487787,508.65226050933273
2.9216724897280875,73.51299223533226,1025.9936199788801,63.60595100476941,548.4188758867394
34.24511654003305,28.022683105753654,1013.7979518398441,89.89717041232778,511.49130549506225
22.387636532934557,76.75261416924141,1017.5019520601835,54.70331341220696,511.60328859360857
8.695244852466338,55.84108928305707,1013.2297802989451,98.94903566387184,538.5056490159681
13.3729534415383,61.23277231682375,1029.6206205015467,19.3073538492504,545.277117257774
11.99525251831087,45.22292373949942,1000.598247836329,82.82626360312454,538.9554281118633
21.703502337250555,68.00968570310832,1001.8797113043229,67.72504744101478,516.1156545747979
3.015741516534141,34.16114375464233,995.7582657720822,62.25814613990756,568.4804547591527
7.182910181497018,27.690150390316788,1026.876003817249,75.32294777750093,556.2618447471386
32.695028691655516,46.75343187091564,1008.5299780753061,85.62623777189638,503.12961942269663
6.171555639125631,71.95326426895717,1005.655227339656,87.6595660156459,534.1591696262293
10.102454508866952,66.52097601507322,1034.160692268922,25.78428666495865,541.6286888626638
18.681453618562134,53.44357837689269,1031.7061514897903,27.73323367776723,538.309599224496
21.167714636419888,56.46757609409444,1033.7394456956142,11.45498585622374,535.7858200007134
30.780808704952186,32.144105446431546,996.4034548541412,21.86582120130455,525.1499272031473
18.445964639981323,71.23748297396702,1030.1063315916674,33.749424356493215,528.1813262047253
31.804720220386013,68.28278256303082,1004.7919319724353,74.89322402952546,495.86071115969554
25.11550597477284,61.10587166378185,990.5695546595338,52.819075810225904,511.5261961147377
5.4108898375290755,50.64050699809161,1007.6084251192381,78.21131820256156,550.5853924431233
7.096926097320705,78.0452597553732,1012.9138358912127,53.78822630379016,540.1329740123565
18.04431529254106,73.34675845320591,994.8699190605332,60.00377076189715,521.0390032456157
16.47868633047254,60.44367714330402,1014.1954927593415,19.995992793422424,537.6245676962513
29.99822651585449,45.44905487445084,1026.8758612879528,79.89024562084292,509.5606107082681
23.648748452096722,58.99122532748318,1006.9942927877637,78.23138789795993,512.8793140326333
16.137190159087723,56.649250959186595,1005.8690162940436,37.68054325125576,533.2920390023098
7.65965105456504,46.6833093309204,1005.2464689103805,39.57202700203617,557.0204634983962
9.84664699069431,41.867068442844186,1031.539250064766,29.771330551582192,555.6275262778915
23.4445397202933,47.38559357305273,992.194114445559,83.24557084325374,517.4592571989257
17.514113391091907,56.565127331836884,1010.028426389683,77.23061217656023,525.9179008782912
21.08217284556621,48.547416459110195,1001.9069754367373,64.82329643658275,521.9024737739485
7.656419976787113,39.49659685107611,1030.2213161424372,31.493989281672768,560.2055871706907
26.853343841438065,66.85298247684449,994.3223518612712,25.466799935236985,510.86898210010935
34.24901089338272,54.230712277657716,1008.5149245006185,14.52419660571518,508.4951934270105
11.059640764689123,28.722133977408,1008.3067268413988,14.105033360066752,566.7022042102849
20.169054807441235,45.2574078094369,1029.977748789616,26.84225258274943,538.4748514716415
39.04556583181517,73.67024014665964,999.6972050268437,19.047927909089992,490.13597022161304
13.996427881478377,66.53800921599736,1019.0202934635724,60.04969056301987,533.9627271936497
24.206807452026688,42.778573116920384,996.0482757099505,42.22811150150293,528.3439998808915
4.51763230780953,76.600073362448,1032.9289071336243,50.04512039513317,546.8379723733133
24.634585096698284,29.213159959701557,1016.6856731672528,63.46604652284708,528.6154743071547
4.495639158880099,77.86790871407038,1018.1815528644302,69.31915708181623,541.9259281464491
38.41018197762906,38.513780086657164,1009.5198030747213,68.33815478943202,497.51798810945115
28.910843430820144,25.50017991663306,1005.4027220699845,33.47709281387492,532.6848548154755
31.73823173729255,48.85944200850797,999.5704393272695,82.86643182664925,503.560816434887
28.46007007009384,44.74337363278548,1017.1794489224517,92.59387029273068,510.01675049930475
23.999432406982166,54.64989528637366,1032.9552785406706,38.43445125008758,526.1100551604186
18.54659846233471,68.8225073313415,1006.1905929341582,11.535887490946116,530.8733238763805
34.47656181068143,71.3336941182746,1029.7420599897923,90.92387679836546,486.328113061115
38.31659103417946,47.06764997864305,996.6949340781263,93.11938596581284,489.53914722028463
20.46241074325917,48.64151590384926,1032.125670939681,14.585179637173018,538.6566500761079
37.32986691705522,33.14977516812105,1005.7718827754135,10.446093267329104,518.5926984541907
23.749983489552182,27.61511848846399,1007.0877245217006,83.4764304693468,526.0705500323377
21.996983288960894,60.26682446292636,1010.8279015665448,37.131701903479595,524.9460624748922
18.72482658525891,28.544069405398076,1022.3209921476442,92.31239505663896,534.2274446612031
9.162222699674674,65.36065656818008,1022.3844045160066,29.506921594259197,545.5783987221777
1.1450667719043084,54.64995797622361,1011.581486312385,87.50391545139283,550.6990866350554
10.41874284738639,35.922063802434586,1013.5418804691271,16.1779842752533,562.2267723748955
20.879203692539043,54.67376189319573,991.3504719498363,33.45731625825763,526.4592045280734
15.818438138130348,35.06487441311543,1003.6933515701246,97.5815991231077,537.0141685148312
18.490923892102717,49.130546413072665,1005.5707683403774,30.80769888981541,537.3731916289872
39.245280562997934,68.97581739332259,1015.1427270926591,21.971168566753704,492.28707460191623
14.660622456103777,50.40556113758505,1015.1234895317087,87.13491872256958,529.6724666709091
18.635134635044206,33.17846250636515,1021.9454908977543,20.602071258533115,549.1114718515427
6.207106502759963,64.81057750026199,1022.2662283298137,18.771049772155315,553.5700401196125
2.870351565042518,35.272262894850485,1000.5844825895438,39.10826207705822,566.5683541867382
31.24097106910729,65.62024309035601,1024.6584217997172,67.17956559372635,500.847086550713
23.256643827807167,51.36437590687083,990.8821605620827,73.9671736400826,514.2340492436551
30.667487435711905,49.955796750186586,1022.2272848073025,89.31149054446561,499.99880521172435
6.844649156575514,71.82892708216112,994.592749658374,58.682037336319546,542.0823043852633
23.301322076124947,63.97319383873678,1022.8341693789548,45.407600808487786,518.1514561140926
10.892056499313647,26.81009383252166,1013.7203140755782,42.29503856510186,556.4132989625866
9.894410859100777,41.289587303088126,1009.6764525307392,86.22124556297265,543.343479321201
1.4495145480664249,72.90063634674442,1021.0799875392643,75.14337785343989,546.5777756292034
6.083288219193804,26.007939269985926,991.6366875186254,91.48861123526254,559.2005126558562
13.061456348488118,54.98893954440837,1000.0561646554011,96.76319101584527,526.3219515427229
5.5582716630466225,65.03041180456691,1017.7398064110445,37.004575247542675,549.17515813233
39.44847917602656,59.20208470165167,1028.1246932983868,57.67067068307555,492.6308363153214
13.036673292434076,66.829271115744,1007.1498436625303,66.86387266283496,529.5620967582757
6.082633921390799,64.91305169031102,1001.64426626851,24.746405209881182,552.2657841572385
8.764210200290352,63.061688233421236,1013.3431396105047,14.801233053248627,550.0857942130318
23.920425905317583,70.18469235091086,1018.0041863574079,88.09875227037821,510.072695690282
3.4976974307267517,60.51298676472461,1008.9046364132586,58.197115967983585,550.1193013782179
34.63493107550512,47.13301718413401,1029.451980719689,61.36967947240353,505.3261089840684
38.49848749024874,50.95500104530232,1013.5547418987006,59.94229108851593,497.59815114158283
10.623149406027855,64.41986304747978,991.6120614406764,77.94646343494213,531.4903409819426
18.553715475043514,73.19683163167366,1000.0374279617786,23.095175021383895,523.8820560101677
1.8632435901503857,39.97203404618766,1010.2791163913016,65.26435966943794,566.1693902815124
25.98769876436164,43.81422377840889,1021.397648355762,52.25315604198671,525.0122935826762
17.143116264050967,76.1906667999327,999.8888509706665,90.72623435569518,511.2908881806869
11.532280177960672,56.8181485825195,1033.931584787284,56.76588441066928,545.7971961728165
9.066647314047731,34.842899942425056,1004.3351216184637,94.86414766667491,547.8217096763087
26.506900028691657,61.503232640181054,1013.9616093087265,41.792769476191594,515.5910932561554
17.232464210260265,79.49191855466589,990.8534873128968,97.02052357509915,511.89341154154744
8.006712272166569,70.289946045872,1029.8200824643861,88.7642153282591,537.2096705195279
27.875254177986136,66.01576251032715,1025.4975594086332,62.58369607618192,506.849179599252
23.037819038431053,36.44256598464481,998.7956101933016,41.83389399871221,530.4802407450543
34.48821014225035,73.1876881576204,1031.9956511057928,43.83310217073039,501.17733364293707
5.581560056183223,53.918386394455055,1004.2127893708832,79.54768778124625,545.9277077263753
31.64099747583379,73.91095121395756,1021.1483829771053,62.25682160521401,496.3904611011487
27.267154685873102,43.14053061836836,1026.853934310747,46.142882692238885,523.8256519236065
5.485426536295815,28.412807894948802,1023.3411507556732,67.24494652709478,565.919572994578
28.098008464997108,51.178678276286035,1031.2912252813428,75.99100581108499,516.0212008545924
18.220344266313386,39.84106826498327,1028.8923642153318,12.061046130261932,547.8550141738029
37.85440663667788,64.3376109376964,1034.7575181341224,18.08765210057591,499.36135210670136
6.522842674098073,77.64086040708179,998.2175135659265,18.503689636637127,548.664022527563
26.07050224181378,63.003578313336014,1003.7142810552015,30.874042473700126,515.496158126714
15.897221773054891,73.78136613400619,1018.6301640344234,48.42913953045826,528.423554914887
38.315772153044236,49.916320748066354,1022.9871233651213,82.3284909363299,492.2952435769267
13.869020916320782,67.4402405457416,1014.0572274550069,41.59891314996017,536.2435320255747
38.525250470180204,71.36738901694369,993.3267764198977,11.573000954254429,493.4398286505161
36.15794819292921,64.09815951709483,1027.8717852060172,53.50256676565561,494.1470544628471
11.544946177115596,52.92775073382606,1033.2393460209573,99.69657358821597,532.4518161554147
32.338129296230676,59.42263602884524,1008.2482579721877,41.411889608942715,501.274679698704
39.82856387033673,63.52788476233842,1000.1165616764481,96.51290668905834,473.5729602998662
10.853857084680012,38.91964217717848,990.8691189732939,19.121061802278035,556.083542401338
18.03430960360947,69.52685935032417,1000.6784566242113,25.578969211477432,523.0216137183579
21.287048726103627,77.26784964320004,1021.496344867729,75.17098631311374,509.8448440548148
12.502314296350708,50.58816233489648,1031.021522445273,55.10912040736356,544.5496159563171
1.5953287461951606,63.55869507104325,994.2080879894295,78.86096231192975,550.7101299470786
9.58504052370354,65.53642481846947,1014.8966634222868,87.72025105260009,534.9330901251279
11.99553848932858,61.423615113681414,1021.2989061830325,32.59763884549311,545.1103561479881
18.3003883514093,55.091330958074956,1002.4371369497821,71.45462533957678,526.2942343639594
7.672996658122673,73.49063750161459,1015.6453667626636,64.68411129703804,537.4239186013139
35.05691991097523,49.69096900978919,1022.1861791702597,87.5381526272918,496.5510811590894
28.49153417652211,28.360662606763196,1027.697365941092,48.70935105488944,525.8594856374814
4.322818624826818,71.4506006641688,1010.3624932868992,14.668338763959401,555.0523807758033
26.353605594457324,62.06896997741029,1023.6535748513533,61.67675145452608,508.3906410347487
26.492602579819195,71.70922445748056,1003.5802337282933,96.2990487206612,499.68898766429487
38.29262577210148,32.620109334458185,999.5871036047471,11.316806155470108,510.54538029910526
1.1178139828902887,26.6914117280344,998.42911857408,31.623218958020914,578.46818767594
10.669365542426481,76.39059972103757,1006.1492729321577,38.4461010967708,536.1685059075903
37.1838676956373,33.125056821781584,991.6145856804982,78.9254999101878,502.2083141622831
37.35322270053304,69.53087826387485,1002.7346326949362,39.094923022134566,487.0909119559631
29.102870355454858,70.27654681993496,1019.3500270999452,31.51754768766825,507.4571347168693
30.864769520854058,63.97878603019517,1019.1563571222061,68.3702213020337,501.79530897053905
4.567835359256238,32.2194216101079,993.3099212921171,14.176476006489963,575.6662495022227
21.041157556351113,61.70692435084442,1002.9337027686279,25.353717396287227,526.4174255662823
10.031736660270976,73.89976208297762,1015.6300949105065,46.722720580249934,536.0227669290051
8.067503700931073,48.40424046404858,1004.3348461876396,42.0039966106028,557.3630359153434
32.60182866580997,47.74342699082294,1008.8094610884993,41.24492372650269,511.6820776133896
6.2664873305413495,49.35720702686805,1022.0764840702094,19.76995118076956,565.0426440061489
19.277413842859023,29.524953987191353,990.4170073255483,42.475601750481694,538.6656770163173
37.60455134385529,74.06140629664854,1002.4377094839793,81.81934947922625,480.2032636935281
8.24745016704836,72.80505751892807,996.4067509703258,47.24597816176557,536.7768898827022
39.14174352579115,79.88501269846574,995.7424132244021,62.755406633411646,474.01542729381515
39.777231444681306,57.18507278241274,1033.1568097401262,24.722146838558576,499.3434587413475
22.669069032613713,66.31554000482622,1006.9452149203088,16.27402271217185,524.7813174863154
7.6355668669091585,36.14695484690176,1013.7189863209338,89.19604377384046,550.751168257186
13.32809062969493,61.71408500232933,1023.0219849181335,39.823533653136295,542.3539605836855
17.55522047438487,60.73530668165649,992.1351363687022,41.53035097613194,528.2023536822439
13.063644749970694,74.56648047128868,1000.8460187350964,88.99190645309726,520.9484577694903
11.944787615184115,70.69359975614907,1027.4466504304671,73.69942140178696,531.0852856272946
38.916958659437945,76.61565544397698,1028.7895775930047,78.06364398888516,478.421990099242
6.98122826921408,72.78584099858841,1006.782791428836,71.38031357508964,539.9976092986874
29.599788439957628,72.77816421943686,1006.8687719843296,19.52130203123827,505.03050881957506
1.01600128812782,28.504782967879507,1024.0603594698996,96.2196238950605,565.5722309838811
24.251124106692696,71.52790739827756,1003.2781602037442,91.82226584151348,500.1645706671318
36.72177715420804,58.4113116976715,995.2692336512999,31.2598114148309,501.7371405017442
12.229429669635541,45.924444847127866,1001.5890952608263,82.35947720294571,538.0627796159067
8.23551303505105,28.108304341343427,1007.4305129236099,46.8456788347588,560.958806757686
26.41551200025865,62.27205761224257,992.3492119317795,71.53902710780346,505.6685499892978
28.791454884637332,43.05109627956896,1011.5406114390079,24.90426998319106,524.5211524176158
27.83319023912727,50.72769457423191,1023.300338074775,58.469882559077874,516.4999985220827
13.453358320833587,62.49506403803239,1013.1185315016207,21.395466960391545,540.4188248515719
10.835893684213904,75.14760008632786,993.2352903231529,58.255044882230436,529.7949390343382
38.28083319851972,70.39903035827491,1009.8067334105681,31.923456045149152,487.5800262933697
37.008680822527246,49.78284210069799,1021.9007073619275,50.72198758919332,500.8160733297739
18.83534778581999,46.32807365955084,992.6143494295585,70.11724304569877,530.7349583614748
34.00156078002056,38.18788563642261,992.69312353771,88.93671234945569,500.0216633376145
18.640615627737546,45.483471314678255,1006.6770631431442,24.876010277675025,540.6692865323257
17.551171704827905,31.107551301054407,998.773378385567,90.39422038759284,533.4883830528582
7.1137549563724916,78.41080296006149,1032.065135608879,45.10338831345611,539.9843773988467
17.62983620318694,56.565459417776836,1016.1604621682884,85.94169117452928,525.7718327128871
21.959260605392473,32.02932135373671,1002.9296429732653,56.129312657598675,538.2210707744083
1.8776687697187722,44.40433050962481,1021.7149528101728,87.59877145866459,560.1566191675533
18.32040720184085,55.08715289913608,1006.8718073111698,69.65416607681797,525.408325729152
31.472892517412813,54.308710015247826,995.9452039970555,55.78445265550915,503.9333364098705
27.521796198596522,26.95268527952478,1000.6754503429611,38.128476970029595,533.2446446219174
25.771122565693467,77.29625688260113,1018.9236278006719,97.20181788567898,498.0298101830549
36.4726617090509,40.14566248112195,992.3344247698647,82.0807891899776,495.5618302808985
1.7032483831839704,25.890156791254014,1002.2710068021629,44.30684666550352,575.2303557350112
22.724855861497133,29.204420492265534,999.3740164938979,25.005123375314145,539.8597071032225
31.706605087978577,56.91071967863873,999.0510799804439,80.15818767339644,499.28464886888287
22.112079925349423,32.57820363713033,1020.7243085389186,99.0949859029828,529.1866656172892
13.631926550634788,27.29486360694268,1027.1617612539465,35.10774584132248,560.0615243507076
6.313772038587136,45.87945565269912,1022.2139973628916,92.42767651014962,549.8278244914129
35.614959800831464,59.25186557871037,1019.057751711023,21.283363502912817,503.83325161481616
19.359733303116517,31.151189266288682,1031.240329731804,95.69856288266688,534.3531773034304
35.24649268244235,42.23303076832235,992.6276571190933,77.0805021198757,498.0699960907601
23.848232774893564,47.97683693934982,997.5367388689308,41.193660633733316,526.5597229829522
27.293492547985032,33.7703053782722,1008.648308505174,37.416864006661044,526.9610751764816
32.36618502075955,52.83406441566906,1006.760323957674,67.90918185454161,503.39983339789154
26.70706623940524,29.6867747795974,1008.812322133336,63.415642623283,528.708504208661
16.52413878647857,27.558517298978778,999.2904707269217,92.70430313443178,538.9710909217088
21.031701973217388,53.59094519353241,996.7276492011102,78.96188207882928,519.6892586878391
32.31877546235931,38.63433350129816,1012.9136961356068,58.63283853165342,511.03906441002454
15.572361558546383,30.245559434391513,1031.7623635830957,93.48092576556891,541.1708725675855
16.136736813971385,48.31519231181977,1007.6386258057463,63.34575681998969,532.618887599719
4.731914526262045,75.33274067345671,991.9508946353787,86.47163520946096,536.7833462311587
36.66879297364816,64.83058456597851,1021.7775304300286,85.68483868880708,482.3529428127222
4.550416282872227,69.85887534408653,1003.0997207487229,92.72753730545826,540.5810907636087
26.28015792049368,72.955269381725,1001.0292753287201,16.084182815119412,514.5675391407295
17.11458467330911,78.49452577680304,1004.5916100314083,62.543770115209995,518.0932555307674
16.819156219962252,66.97856154327951,1022.5716985758544,52.15533320539442,526.9963074605072
27.502521626334673,58.462435706671386,1026.8468724091638,54.148814511820525,513.0866477131136
3.61665557256527,45.098423416623596,1016.4625230302534,51.391954325818254,558.7606096454516
24.15452553510595,34.990378010674384,1004.5115439173799,85.37200204801069,524.0510202201368
31.109239652921836,62.766293069081186,1003.9715204902775,38.65896076752449,504.9579329072021
33.300297557577174,79.7222492367068,995.5938757457459,51.64759734668006,492.45867023317635
7.6506851863572365,50.704727654040546,1031.9985471705838,28.06142886109771,559.2479523526247
35.999342953048775,64.80236524510443,1018.7162729535969,32.654495433226124,498.60359581133366
26.589697582050245,52.230084749623586,991.2138578935139,69.43780750094875,512.0592225428755
35.39233723200663,48.756338284991216,1019.8065192834006,20.524234442559575,507.84040770711954
19.92594796729773,47.56680874579533,1010.1219040887079,26.90396298952096,535.0792993628396
22.139300458790878,52.75435756124337,1033.7651083371113,57.52311036141827,525.9098670222037
36.84249280411817,45.17926140259563,1026.8580971162883,13.939572516671216,510.3866489261442
36.0964721908322,66.18253270019943,997.7092089224759,21.42342994783524,496.2682936651701
18.47827406139108,73.08496146253341,1022.405000349369,87.7017645070074,514.3319804511689
11.702092633791588,73.55869186548513,1011.8504701725868,86.15320892154962,526.1995523901671
16.3336469480063,37.52342923842043,998.4170323651467,41.299849454228394,548.0569387541913
16.12280881266024,74.275002630232,1021.4432958298477,41.319218378006596,527.0711460194593
12.187808124328964,43.78531775203078,1014.632441041241,94.28639043376033,537.4203935600577
11.474604568985697,42.01192160169137,991.3668245447207,12.32570251648209,554.7058349423085
34.58145452270906,64.97158315690297,1019.0964577737972,62.226596177674374,497.73510661951525
3.7246149067018055,41.75829870474592,1018.5744190438098,63.76515211366546,564.667138737492
27.42683610188417,27.913152308534055,996.4838322473158,80.90983604634951,524.0397310291792
7.73998200680164,45.54897747706694,1005.7044477148512,95.65754642403407,544.854430142355
14.435729842368467,64.68060801970918,1016.3654536837968,42.024482833900954,536.1902156146766
3.4001783312586378,42.982713114859706,996.2452356348028,49.40501261104011,560.031794538183
11.52897183736302,59.62574807973306,1028.3725520025641,70.41686324681596,537.4819776575947
30.96842177357244,61.30656943447217,991.2368720829467,97.0544460109759,491.0861845417722
35.515597657343086,65.35548064494958,994.6276836736209,90.17131183630367,485.76920740864966
9.639558924192315,74.3421756471015,995.2248113934697,70.03477029430401,531.070058719127
19.078365731097954,48.79104745976373,1013.7648206688775,87.10512145039199,525.6712550508424
19.342637869551048,34.153764216435135,1017.9051305475881,17.668398780229264,544.6707813883949
35.069436924629635,42.540914348753915,1008.1683358425669,43.94142485666674,509.3344796235925
30.74916306215641,48.769199034569226,1002.9900072450674,11.178324612896247,513.5161855811973
21.010011516353945,64.26403081304622,1026.41928190315,25.972501443485534,526.9933354013222
27.159140818399162,25.721716905889842,993.0728692676889,66.74433140821617,523.9978195406384
34.04684710246531,42.36819608919334,1002.6131337509756,89.70054613603001,495.80957631194076
1.372019206996253,67.89134195606243,991.7602010461787,66.95022789926159,550.1389257708762
16.712711210951895,61.89717368318825,990.625056073482,69.772429630771,523.7300244116778
36.382483523806066,65.24569854720829,1005.902094911949,19.34394447305817,499.7323347717523
29.872208202914106,69.64959231915572,998.7670648100219,69.8374441822042,501.3141039108073
22.17081359902891,68.07796453828792,1002.076463467721,50.891204563227184,516.7322064352312
21.656136554370203,62.52007413840279,1026.9426220854737,68.6296208423641,520.6725777819861
14.563033806573074,49.18138428038248,997.3341043312149,39.35557985768446,543.8200476493978
21.300300812019067,79.09790808829847,1025.110501521831,62.33373474968531,513.1388618890189
26.559944779074677,56.29902575745406,1020.3772780415864,48.166236714789044,514.7153158155169
17.31615849872293,36.152306515286156,1004.6900486313375,60.27733498915547,535.887964647475
28.851972709294785,41.10470703076314,1014.5950265329329,23.238056649682,525.074743130253
34.588056863155046,63.14593507837585,1009.9996024398542,45.624236825555656,497.2431273410021
7.032709079209585,75.8606760859705,995.7777891973949,43.68507915311687,542.8187508387283
18.610333889879552,34.82960710632436,1030.823339478038,76.27550685875275,535.9635816991503
16.912783560118164,29.52905726601825,1015.6328085413592,73.5768562571259,541.6117564392864
27.811127357939394,73.48420764231034,1029.6108020607955,91.79728162581998,495.4814694221165
10.744831145059244,75.34028884020589,1027.072193031598,66.88500330548777,531.631712817569
25.969785683138774,40.20086399237447,993.589916638924,38.3092416814126,522.9654271015709
35.222080427528034,45.7507148404182,999.3271799708303,80.49021969117982,495.85651777623605
17.307132391951285,61.310339862382214,996.5367501468673,54.729787918026375,526.7940806987441
36.52961229918958,43.14615114633611,1027.3850789754113,27.414388956617067,508.71541645950833
39.73338581840566,73.24372895485291,1028.810098190484,77.26703214944138,484.5441208428603
5.137589947970131,30.91682864926245,1013.7587179413765,21.927825614730608,573.9560187424947
10.089074331409487,27.089022152810735,994.6880132628603,26.033799812151628,564.7264763164716
38.064810307801636,36.46674137085343,996.1027478344357,78.28803355916325,496.9808528376633
38.37477977277408,40.7348278012733,1026.6096965597221,79.31302246641593,497.56785202842394
4.810583740083581,31.210962520888128,1031.8135561438198,81.17031419237938,561.8235748919986
1.5849415147083306,28.61297361373557,998.9764058299795,36.39926119754041,580.7071686110778
7.282900907000468,66.5584242425989,990.5011909412478,87.9928711634367,534.8453834703355
39.844498551907684,34.035211124624155,1004.892880731785,75.04013223658656,495.53605667164555
8.019985047816789,75.26572094864673,991.3724725341547,85.05706685962065,528.5489918798004
20.599356662158904,45.239981379645286,1027.2588712235117,73.7744936272201,528.9428557690927
34.08829133078993,61.883319534674,1012.1180515751813,62.163681287170654,499.32052882280755
1.7956628168400472,37.39711631228401,1018.8837350443359,19.84552944166174,578.1624354001115
24.57507030807992,38.217752267052674,1008.5168194261444,73.98425907567542,521.198176664277
11.803992505915348,56.60900615771664,1005.5478396155617,72.14146979123657,535.0129137179086
34.63106174114953,55.83536088302924,999.9990185884238,38.12420199581744,504.61400690199156
12.054984821299088,67.28010754066447,1024.6739646167166,76.22377921417835,536.0863769173675
27.78347309099445,66.67973181318463,1021.2996412986988,59.54090980881948,506.5816596824082
27.29456566544848,61.88782705650136,1006.2328043023239,60.346561468907346,510.89308322712293
9.63824840552596,49.702181124142,1004.4502260434632,43.08442109071413,546.6960244829271
2.357168794865655,73.98522124543393,990.0559295391905,20.51065372061229,551.9808987543759
16.960733377630493,59.241816962171434,992.8598458520463,29.52356120793901,531.211847297613
12.278532926668918,79.46091697542965,1018.0464986201686,79.19484880024524,524.9582899365447
32.55013223493464,70.06533998638972,1013.1573289605958,34.42973954472045,500.448924926961
32.21420334975846,27.437039618107942,1009.566144201826,10.202774890205037,527.6881588928784
18.823934135512395,42.63266488941748,1027.2376008360745,99.73156790183951,530.0162645923091
24.653976787605536,56.45316440590234,1012.6754191981281,28.96140104653338,521.5651889222414
24.56612112349008,64.68082458293179,1007.3022111633294,68.98448339833544,510.5618803361435
33.25916778867731,55.26850737690678,997.2565356386243,93.42298041174944,490.86443733529086
17.575094150804702,68.23717323541999,1026.930960369658,63.97414611705433,526.4720821558802
11.742420511829854,40.54606090165395,1015.9311712554535,81.91275535760117,545.9940061092308
11.336361807481351,35.11516281780538,994.1606984665241,97.87345409339335,542.6021226604703
21.911498892005962,27.965417608437356,1019.2004279098684,87.43270833368072,531.2499665187787
18.51677990655629,56.53225595143371,1009.1281835469784,60.211367981052554,526.2559170818428
18.16471006841251,62.872973637152235,1026.51238006146,42.73326374338685,527.1805219263497
4.554356224498582,42.93823444156489,1031.3511568648198,53.42180042475636,563.3948810591731
29.02554588691763,58.747130167073216,1017.020961592931,85.764355137149,504.4420790731972
9.335730831294518,27.86864769693311,1022.9225768691015,86.80191491355762,558.2319785815085
8.681191578140133,30.4611340463242,992.5465881420974,86.12694301225274,550.3854593164501
17.097574490818346,63.59651247421741,1015.2114954750521,63.75019624750099,526.7375832138442
9.883355323094255,45.24383378695143,1023.9902990259964,52.92603259818517,553.6306753407198
23.7704724250126,61.92337171066531,1012.3542967265147,38.02042504860956,522.171874200296
15.487070234044388,70.7446616153955,1016.7097540276952,10.302476966373638,535.1164808669593
18.507557181118813,71.89423406118644,1030.452668351147,78.80367437748603,517.465493216493
21.949603542557124,34.4692205005448,998.914480741404,34.929845201264925,535.111281101493
8.937885376790389,51.745706479324056,994.4210928398361,39.67101058468037,547.7431711120922
7.0743132917556615,65.36596979978675,1021.0789625912776,85.91331023623395,542.4518242128738
35.336454212070585,67.56893279468008,1027.02820074851,14.702604141035856,502.4976428855425
17.91522441042542,68.15717894008827,1028.2720584862154,93.48582983116947,517.655555548114
17.071650775669028,37.54920339093215,1018.8740023691049,10.122573019465577,550.8547288663325
2.3888738606408175,35.58941497480753,1027.494603817686,94.52522033428654,561.8572598087051
20.421075800908337,57.45068575505328,1021.529889257548,50.928264197507474,526.0421020192724
22.612619142829004,65.75971887560209,993.9319612158056,19.19103626366376,520.4493003010209
22.794793967231993,42.55267335438063,1024.2919578548244,70.67452305170687,529.117886273127
28.57421560359249,30.758783627433186,998.0711860297648,90.62707831490997,513.7281785140223
7.921791564649459,64.42105106005427,1000.6474204165938,49.4265535162858,541.848656858991
10.836702234994133,41.48338072590025,1007.75927821494,72.22221136275996,545.9226198611624
32.6184881439861,34.1499498371447,1004.1555179846852,98.14264481703646,509.3137996921865
37.939654056892365,33.12479406184224,1004.474328223631,31.663074134170454,507.6178970535115
6.301377147325505,42.32002511396939,997.616678589182,83.84045112304193,551.9103166495964
20.40833262570351,57.597293625256,1003.2241971199295,36.571339841245894,526.9818429950157
9.352873856843887,44.71212312815992,990.8848165489147,48.370383999114395,550.7127848449236
3.3428535658443153,26.136401837638736,1011.2809926009746,35.35892816475347,576.8153380597308
13.69463018691928,30.32996390727961,1024.5865931446413,50.14105735907101,549.1757539361695
6.603817382184297,40.97767859592405,1028.8011316151178,10.458012918545426,566.620117774325
28.687389863935604,61.283746518090055,1026.9192851531748,37.30949625972443,514.7668798390976
21.81529113318633,30.41832904076936,1008.7405973547801,50.07646575439262,536.5769801926422
6.6095443686221245,55.836126942537504,1022.8691916523735,66.90161653354863,549.5151018046479
1.3604219478150603,31.593722895320234,1002.9550848342845,67.36252520583179,570.0001497226258
32.5181249119443,36.638843004215985,992.5003112722928,62.54070566234435,508.1106406693474
7.8715818404056535,34.47036901556695,1020.418718642607,36.37286466330672,565.4734121867402
24.642449046609872,28.697574956394575,1019.1958274131383,95.26638843421709,525.8006767416564
14.139954609993078,61.92313995626247,1026.0733227958294,45.27728413669894,537.6150215906412
23.83395159428639,50.487195106231894,1017.7247793016296,29.520454711515203,528.6599400307636
13.310491452310636,70.7079392493536,997.0601231238262,59.90616457011886,530.7418727148371
4.390642866997913,30.438996199027432,1028.3923076422589,77.40358028928222,563.0481813287912
9.695050333752391,32.96031133359397,1018.2263754608415,11.10102155400396,566.9939010046545
8.334284092683948,41.85517522427479,1026.3424364565751,34.87096066559927,563.2194670049987
17.69275474514611,67.12262928163445,1024.8348204169217,84.24800673400269,521.5068600117887
26.673067553620136,41.81673527356344,1003.4039019251289,55.63189840470384,519.8493348229568
11.288436922907945,47.46302891242809,993.3548838683423,46.763947412192266,550.5684093676922
1.4707274767241,41.588196146344046,997.9426984090313,93.78111516240807,558.0582682819671
21.23855720632552,29.41233604905665,994.1788050440963,18.058158741055482,545.6678609596437
24.62462008499991,76.66884925929031,1000.9535594436061,65.40131807000643,503.513288720353
38.55194926607058,55.169644563915384,1010.6789522861696,40.79698446193993,498.0657723711557
23.989361320636625,68.33082535020232,1030.8064772241578,16.374105846363314,521.366713405814
19.375729815747533,61.209640070191284,1029.2408440164286,29.237005774973817,532.2423180197161
23.362663410010448,53.28398534840863,1022.3369916793077,66.5139891715556,519.022634303184
37.18812456461905,29.932304116265907,991.0850561796522,12.544924046910168,518.4970564865301
33.306747678464205,60.35034498986674,1005.3625140594249,63.30239338504158,497.30619174838785
13.596170601188511,33.545369576525765,1020.7056791918034,96.1165379095574,539.3856042129554
10.252920182628353,47.791074314595214,995.8063003577581,81.55864561332423,541.1083444708869
11.24271088227687,59.60122289142367,1026.0489532507158,41.10373714004611,545.4208464471349
20.672420548893307,68.02259502596678,1031.1558155994417,22.43868817254475,527.3529874696992
30.017928597914533,62.67748466397408,1005.9347000987021,51.855799052168074,503.2246559341498
20.62554908013552,61.93434409800459,1021.7629377838725,45.365539256056486,527.0846591485098
3.644059437296391,33.19732150463641,996.6691859700921,97.45596640214669,559.5361176356918
29.219647317159254,44.037069703937334,1021.0867402100862,99.08812490575798,504.38123431930876
32.4328350181672,27.36017499631068,990.965493552917,46.95261906914121,515.8927811028858
12.290416739669066,64.57122912470555,996.7847178064995,23.390558517694316,540.2731400900889
26.900903832050666,77.39222897245804,1021.9446650973902,91.95485946786147,495.62390183792826
17.637084141121342,39.52607145984917,1022.0332600294338,81.4188048100294,535.4616870232904
35.67565487337027,29.82331900392701,1018.8523217630329,56.01467859901278,515.233412596713
33.96379676826886,51.15635422145095,1011.4813810972892,42.88191787136272,505.0969162228347
21.49184793407605,72.11840227201628,1020.3708641027375,50.33492448397547,520.3790184983417
27.968716286730185,55.35858073994788,1024.8210359229954,91.16930577745993,503.2885970381047
35.45063833986205,27.57274326045623,1033.4916746566535,26.617910298718463,521.3396943889784
20.332963393052744,78.58497322903703,1029.9888464196872,82.61051690111239,509.39553756622405
13.216778879064057,70.57574504794303,1025.7540391154755,11.637156954443984,542.1246778756805
30.39297937847367,32.23767423783306,1021.2640882521467,92.85147938278766,509.2162932575739
9.58258393660298,75.698876607693,1015.8369995444565,55.026755168158516,532.909478572276
16.15271477223564,49.78785587328537,995.4273970508362,30.407304370705496,540.4430893332959
34.763362247164956,45.45438948162177,997.4500578944277,10.257085253546418,511.13234014169944
29.25247127050329,50.35793317899535,1026.9125802301905,60.35918218702968,512.1397714973172
16.74862920465247,70.90145762790209,1026.1490810493249,32.00390835038543,534.2884354021846
9.375035593925938,61.271382305773216,1017.6506516688013,66.81379024097589,541.1666948350694
14.882767242457225,28.258664881985013,1009.747805972227,35.305235330684255,554.7984530822336
12.080061819869886,77.6682404113894,991.1714692420622,17.92216262712042,533.4359386181127
7.867482229810303,33.128127341307476,1004.7229624137844,55.45464668592034,555.9734278340775
29.98998362906061,66.0062373454443,1008.9287845904392,60.80371626593299,501.5855753587423
10.830725587156689,59.9875091735472,1011.8617328778039,50.733102298559565,538.5695533777435
18.71253133654279,35.31404263706085,1031.8196069352543,51.22319988968032,540.2005637847985
16.048518426608254,34.39026418621773,994.8919229910065,63.06851151100138,541.2685331728928
39.3010177667896,72.86801765375806,1013.3490113900897,57.37181584691381,482.4621753684024
16.2525975217806,48.083220792477846,1006.5565033631226,21.931078497639234,543.6421874723306
4.119316829073437,61.00170827957762,1034.5544153647222,27.737708183652913,561.1929122596248
4.503204350311277,52.72390521211703,1028.7838807327307,22.761193728614508,561.4669794593192
24.039395132769528,65.00444343917778,1009.7453634407515,72.39660239977712,508.8382143626849
24.37517851779236,51.358330627163184,1034.9863024209642,57.57385709502694,518.0722037867588
17.331600628823544,40.80589533905626,1013.1328460912173,48.68696111778354,539.2350169688686
17.84190400016916,44.986085404807305,997.520300846613,81.85050957455644,530.2469701822763
3.1033707307939773,72.24927319476885,1015.0143611322021,39.32151937847246,554.908982051925
21.14531390518123,50.74190811074999,1000.1792594611641,61.129599678186494,524.7404506639442
20.684839539833717,36.73971327345351,1018.6340778034313,16.69668413411786,545.6679608721774
6.8324234237208366,76.40329634424893,1032.1848078697767,76.99636754426007,538.0868509908556
5.049736058326175,68.81302510741074,1025.3789359575762,72.56732003340309,544.7432909713866
5.8193271333801295,28.06163803309095,1002.2923660688575,82.21416663671938,558.0582136697417
4.940101613159083,79.94186290892847,1003.3586381234703,89.60283622148982,528.7818621238667
24.778619625933633,63.22096830420563,993.117969139064,78.22254405658768,509.90166759824467
8.662823443713826,33.81466294723228,1002.8640526040825,86.00409011145645,550.4787236157327
10.805775935311075,38.044222471422806,994.1681159855018,41.108913906555216,555.4991139475688
7.76931362190615,63.08450146828508,1012.4751923696539,40.900362581344574,545.6411652294116
38.35557687349162,67.88685804035171,1021.8756185774216,94.98707379098347,485.06432012722945
34.33008106292158,38.14697687323934,1023.8031522674621,92.31170826935843,502.5527647136635
9.989298656709314,39.1332869644599,992.678815451168,59.364760699470025,548.4631703534304
13.775085462962913,41.89163821796335,1005.2980154207191,42.99029067453812,545.7617263720914
9.18582084989489,57.89101006601502,1002.9677294946346,87.94013772329203,537.5696756869512
20.183162418972127,34.44988980657023,994.69351453443,39.107001918462956,537.9535098001635
1.76481076649589,30.733375938662764,1006.3112089919402,23.827157460499997,576.2916812398174
27.18335234697503,62.33752489970325,1003.4694049112657,67.5543407504932,503.13039055435604
21.403167842888024,67.85038668862435,1018.5524653202674,13.835962875967024,525.0285033370752
36.046918203743026,52.5511172429078,1029.7486198680172,44.11917155498392,505.13988762656527
7.411314688808152,45.010799064761194,1010.4678774392947,82.68974341251598,546.9036276882454
32.36026059638414,48.7623492439562,1023.5999327745068,36.56945761235512,508.9825607853151
31.886479564201913,46.36243086295735,996.5704665199803,93.818393116618,498.20548988609573
5.96006637945859,77.79916995307214,1030.2734870389738,96.02421999549736,534.0175076695581
16.543809741620976,67.2449447870527,996.8667632196791,83.4234670688607,518.0822106452882
7.635953004636159,36.44479681675607,998.6445531269725,98.88789870928564,547.5600875966986
10.934099517844407,46.130403362968906,994.7908711614455,57.76877003602939,543.5818458860427
11.266600818391229,54.920676024971044,1003.9355775684242,61.22795969250744,542.4272341255423
22.69321936700514,58.71422241350287,1014.8584701021987,85.25501337434306,515.2116372895877
17.045026338658154,50.750114281582185,1034.4597350132847,54.35247302092814,540.9552934798241
37.961579356245906,69.55696492565775,1025.7015615595894,46.604800614976256,489.37642813568584
5.9284355359332,67.21833107020274,1007.1196111301392,65.32782320570851,542.7962886216126
38.97399325915775,52.78368552454917,1015.9130726056607,69.18935597639938,493.57540948361157
9.994906968356293,71.99361627299518,1018.0488613922644,77.58062395265497,533.0831374395491
31.14208351889227,66.30992417433123,1027.0227249561306,70.13806275340768,497.58093416335504
14.219827120740035,67.82200167963538,1023.140330343891,77.11496157369956,528.4971937001467
6.580174421275243,77.60204286883791,1015.6181007137013,70.71037037998771,537.5674583972842
34.457678224603356,39.65568176650615,1020.1132362167846,53.240071465016094,505.9240558648846
13.045575070222064,39.72064893017671,1023.5662924933305,22.14411259028233,553.2828257399628
26.695360764846846,73.8923740629852,995.9914826610031,80.68989060417326,498.843974117168
23.091303718378438,67.47245053621236,999.0204957587421,12.770123624891475,524.9400123041967
19.3984960662441,75.9600047789595,1020.9862930008383,99.32500825852057,510.7323292282478
20.336959433293025,28.472158817844917,1028.2691502894434,84.56126409457119,533.9439665929162
29.557278649599215,59.52663924938781,1008.4168027214896,70.38195471831744,502.3824643254947
4.423143650814183,32.95455859678961,1034.0950645112043,96.9946094669008,561.1671131756993
27.0590458163583,52.71434590609204,999.7232279703018,65.12232533105885,507.03174951599567
35.93667195454457,33.56608125193944,1008.7514676919548,15.078959266991324,514.7751421245811
3.253739683774702,32.04431799416836,1007.0335369558464,60.344395661306805,569.5742001401949
6.485480230113003,25.669258996011823,1031.8633173326893,34.94837670912486,572.2817974377007
28.948645531379224,59.66313468105974,1002.8420332907642,43.25297751859931,508.1771562238883
18.053984281540085,44.74624391795473,1011.1855850118997,51.3626640265026,533.5715651791392
16.738396211733846,30.785355668343442,998.4255227826899,79.71406717499052,540.0574171639565
6.341698747225198,42.75607777522204,1013.45698073531,55.26362929338605,557.6554982754234
20.764031587993735,34.291925029837174,1028.5831876258617,52.72122617425709,537.355433234977
5.935267136658712,76.79321573259128,1003.6817757850754,37.17749239676614,544.6005515015173
19.588197796111075,42.60026871687415,1026.4856432473273,58.58850176674327,534.7011696792409
30.780996659504613,43.367443780916446,1031.0090211979032,32.3551768991784,519.7161624771456
11.072309957599376,71.1921901869772,993.2831050371553,33.48944338674052,534.4557947713541
19.750660559009365,60.62656687073023,1024.0391041343662,78.15328976300684,518.8559297125987
39.688622806476594,64.05943840716508,1001.4904546267721,40.8292538058181,490.010515318462
27.779366510807453,59.980099219392834,997.8897448141483,14.625970564520067,517.9891739067174
33.81291408090274,77.04079561717109,1017.0505076411266,40.93095573054828,494.8994563153499
17.179056655861284,36.385045735692486,1021.7521177302915,67.4714987079957,538.3930618573444
30.946576001908358,79.39715829656876,1007.7642443580846,83.25870280095901,490.25264778142656
2.5798577447115516,70.70258976560822,991.7628168186985,96.57430132531252,539.124892970348
5.7935361191475545,57.39349238819882,1030.8917035888558,77.15983793274783,551.1351584859354
8.919753123882423,61.430439341793694,1022.8836112581373,48.59664484751532,544.304610883616
16.676125059993563,60.68542320753377,1002.2250063007357,36.92073512844618,531.428041619922
33.98405025470476,28.211792323253466,1012.3588735085133,21.666699115380045,521.3224633100556
14.50437598072929,36.99090741925662,991.2506755485185,66.4917791001503,542.9179822210292
26.53022654710305,77.8808986488612,1005.2677251812673,55.889498269810574,502.5838596135085
28.663257497335852,54.390043587265865,1013.5140856013303,70.99313647997272,508.4392606726669
23.861111809445315,45.809448179405166,1013.2750626802313,31.341984080956266,528.4212016710335
14.932436758635312,66.91211548639913,999.3683195103844,39.127975129895106,532.3129769895984
23.505080326828228,53.84854184606952,1024.9536314782752,36.288581454877516,525.8627703573384
14.348358118800103,25.723952428754366,1003.4487971336989,81.78866579569694,543.7295209581837
4.271075803528471,65.49306781933149,1016.1184510430088,25.410683337701208,556.3498210458405
39.71935514925456,65.27196580290737,1002.2185001492089,64.7624905322046,483.4401472756181
5.960115691667926,34.083179166048595,1009.1325542844047,14.621951418319606,574.9186686143378
3.8215869696062366,77.61630486333173,999.3381581362604,59.457481831154766,541.1332583123974
35.26269921907908,37.31494723476129,1018.4853506639417,15.752257817775032,514.8889998059785
12.77155177482291,50.176215206020956,1009.1512962063608,25.82889317091886,548.2305187099478
26.361581988866796,31.310477869350308,990.7252787019494,20.1722771848206,529.9463130842532
13.83122345682708,58.18052756978236,991.2674247307544,41.20528184950838,534.7531198002462
16.266716560984374,45.64981160314669,1011.201044331214,40.93582759369562,537.9541459232855
11.222405908655064,44.424540421533806,998.245164010741,84.37773526554307,538.9872213712346
14.378716225927398,70.4837282471521,1016.3268921665134,30.311870624247582,532.9469862696727
17.01731562287518,25.525894206776304,1008.368630179741,17.774806759657928,551.3212620941309
29.096226694601373,68.88707239908324,1019.4488925992875,64.31606117327168,501.76436530275913
20.94991157515688,56.42967111614433,1032.8577828328778,71.87056296400061,518.2550270016692
37.799043469122104,79.23541824141094,1013.7931260657864,36.53412544193084,487.40003171569066
2.6333353597122446,57.419377133233695,1025.4320371615545,64.25327047252395,555.1292694505171
20.619664582649097,28.045852378137685,1023.8868448342172,79.84509112059796,534.4617764664803
23.784766764437006,27.785492954404948,1031.480599694574,41.27976451685011,539.3605304336189
36.887682456896684,73.57341425045075,999.6308040257103,57.28184559398006,486.06566355490367
2.917182421235676,71.26677800310793,1027.2297136853224,23.196994630508804,555.9394429972448
23.366483812473426,44.023954157011275,1030.748417032711,12.128212096316233,537.4811328543664
34.29156721259032,58.99178662996255,1007.674334142641,98.32311773297467,492.97988478656947
10.435181396650226,51.92752463805802,1004.1217287569535,36.975776548273295,546.2455615707881
35.17540159243356,78.19402303248287,1032.841615935523,35.101184564963944,495.3587397206506
1.7426929616973812,77.24784954822903,1018.243476996249,97.5920619855779,538.3189517219505
29.565730536215458,79.11114546974261,1007.1304418358661,75.5410171386805,495.18180518048507
37.391415625577466,72.65468293488453,1025.6322474419233,62.67680991464349,484.97211905355357
26.630708803962428,75.02533749263057,1003.7013255727072,72.93910555840212,498.83412245123384
18.12214051523747,36.9503328321925,997.9383413731438,73.89339100258624,536.2185568756614
2.750359642436003,70.7053733944376,1014.4786336108967,78.70022922636842,546.8476333537238
36.88443871958252,63.98714122623511,1015.4795420209772,16.047030827792796,498.59480259334657
19.34155268497142,77.95325798554386,1027.1585917020302,47.15482778045992,519.7482072659371
2.1308730291019726,56.419400564344066,1010.5662309759193,36.56172860497148,560.2791018410691
27.903021781821714,29.684194169080598,1026.6563942777404,16.351267466530494,531.1423741257005
19.79165288947407,57.85693901529341,1004.0095205706752,47.133909716178586,526.7992956413868
5.849467380254018,62.761951041170825,1015.8915690980007,65.45561368718322,545.8751730317072
9.356600563100123,37.11765657918356,999.3812750505322,26.06479119769769,557.432792849832
3.5151365377780044,46.67623609320006,1007.3450677912468,37.452406949906845,566.1880917337677
23.39744804863437,57.9176877728424,1028.5892864024784,67.52537397254386,516.4555631141067
25.25914969082836,45.5758155524078,999.719468704609,62.139219180149205,519.5776830644971
20.72394963586233,45.62212444812651,1026.4607758304671,88.19069168559015,527.0535908182712
32.86698318710198,32.319765154503855,1002.7292246031333,81.2107872685345,508.1982019954971
34.57934403101253,76.74106976927163,991.5520373855754,96.90499470574265,477.6924997553892
25.00935147064194,66.27719114723031,994.9470556525581,63.747397910203944,509.18529437138403
1.4975027085897912,25.06838913763561,1023.5645795394355,72.86206297704638,573.4657453614195
28.11395657416169,67.10873062121908,1001.7931916925967,87.44556329329626,500.2838407598825
17.301969459893712,65.68872459618223,1019.4365516508573,85.59932003427413,524.5783027353181
23.056741845829094,25.535202808553766,1021.4639506240754,74.68494778236109,532.0250867492512
26.31414347873649,45.32823636875705,1005.5303308995608,55.02305884365776,519.910552886156
14.659227958755993,58.371122967904185,1011.3713544245013,34.5886199407656,536.1087590119575
36.766841701699974,49.901285852191975,1008.1695190705115,88.94941785418654,493.22886434615253
6.225019803241467,67.7892365296279,1032.630704835954,79.89898980135744,542.5510518980667
27.18896048396046,48.40020829489387,1004.3976988058214,85.41162567626313,509.8598329291697
1.1700236183066366,33.46246331996104,998.2495369001232,22.67103863324838,575.2173507652562
37.06139311080205,78.70285933506057,1006.4516779294011,38.33315903703472,486.21974454786346
5.387661196285569,38.31219960268256,1020.1282068420905,48.2396534109686,563.9836660669854
4.70048497575541,64.47307707977328,1021.381321066266,85.45167750705046,542.4180443333909
13.987297689037526,32.87359714152396,1031.5825791912002,90.359800544319,542.8581242428761
15.569085155524144,43.0956937581163,1029.6789518194114,35.64034428297576,546.3009822532749
9.357702820592266,49.31151846367331,1002.9744234187774,71.77862505391883,541.3628527697665
23.81974477615786,35.572760248988516,1010.4823462035419,17.003278553730706,534.883063497683
18.27364982363658,49.74777670027352,1023.6271044682545,46.861594477188504,533.9039244466662
2.3328479726024094,33.64395526454625,1031.2441776270912,53.80021969766966,574.4797333056924
13.466430427956725,55.74535964422395,1005.1724255785601,78.90695334092042,530.9621470117877
32.606883629353646,61.50422888861067,1009.9998645379649,90.27750131534084,493.3883979734983
27.898359859612874,28.433885621540593,1030.4765221704124,40.35549122420106,528.4614359204066
29.269963289615337,72.91226665951925,1006.131774292129,57.49650009477112,498.41900377489634
28.226560039257418,35.182748677311956,1011.6230843786282,68.27034001307717,516.2270412828327
13.127947833938299,37.39493339261781,1030.7026863548135,39.58185060521332,554.1667304263882
4.88689296099426,61.37424120456846,1026.100944809543,98.698439185664,540.7357861968775
11.626220177290744,50.78130832389277,1000.9543916254411,88.81969416130221,537.8276718755033
33.439626707221215,52.466757954408614,1004.615777943537,36.676254597995495,507.6374142166621
39.238361113539774,32.0485241509723,1005.8831427356703,55.71516078991435,502.6411663415932
20.260033574920893,69.31547020320245,1031.0732313043977,30.775655192251993,527.7064483463168
1.3783138419986467,58.93798353573155,1034.9520181697042,56.30535270130013,566.4905771454753
6.461747673234933,32.44601238202008,1024.8301935969948,71.49991103409565,561.2839364323003
13.561142437334365,45.569965186407785,1011.7946836122078,17.6968983513689,548.2049284665463
23.56482859512504,69.57254630042667,990.4578218130365,88.31054843265446,507.1587431927595
3.928652186407245,56.25952752926413,1021.3869625469081,63.437128160192515,554.6221558355385
37.79093464968538,30.975682852311177,1007.5212524024004,99.06426087193014,501.64999607254623
15.238263258091628,45.50273751841077,1018.4843911602873,12.303235652455289,548.1954489178805
36.5907844990681,38.3481919150654,1017.3012283558093,84.83485159884088,502.2895325053386
31.44035030752385,53.46060545095495,1011.6374425458474,81.27667434290927,501.58516256568805
30.462053628107665,71.38486208795942,1032.4974328976846,21.95672608360291,513.6477271974027
24.662063611507048,48.99469241424309,991.0415855409904,40.177507157506604,521.6163949037731
25.44456886502194,48.833811670257774,1022.0459618012665,89.63165827397555,520.0644720087437
25.882126173433676,74.79429962798703,1008.4427940734796,56.66088655650288,506.40677727557073
25.5201340939977,56.69019768789998,1022.1205702721224,46.11533387205151,520.4015795558864
22.595401024536088,56.14050980685738,1020.3848841392835,91.49467890257576,518.3982407736917
39.470146720832666,39.40504405314641,990.4607101159198,18.401007202935528,503.04157486665537
29.559332129602147,58.424751131041944,1002.8402322828603,52.58105046120308,509.28683342929406
31.300909147308325,56.6750757079568,998.5091184226701,68.71366881778171,500.8434970778357
35.02604978826329,46.82683086880252,997.5143858824122,64.76872951135113,500.63962539133774
9.409950746308118,79.48825612445492,1022.7814507854509,33.78488089680023,539.0052520084241
4.268362204707371,73.50400307214477,1000.7798107091907,60.69816140809028,544.6481167576189
19.832883027345346,66.22724595422486,1011.3631926744285,73.77055878573836,518.6297637384652
21.049147129151653,54.554007362715026,1001.1145047878556,62.639686659402855,521.2676547930436
33.33808941804679,50.413289104204665,1016.1105220545899,71.60160033795901,502.3252349752704
18.307559592011092,35.16935673727596,1022.4258195626985,33.04708654499114,540.4262073742941
23.263267996228198,41.81556107080431,1004.898363241418,84.95640552446044,522.6972396202057
21.555766602024875,67.56784399027656,1017.1359381729205,50.472058328647286,522.4227636801418
2.489908566538251,49.95619246656533,1027.1184648486183,98.85014596941119,553.8631417352923
24.993380967279645,73.52482341132257,994.2400928324021,12.09567886002438,512.0423316375251
33.29368814519584,33.13511249900408,1021.9801769568572,44.228383412287904,518.3420413748279
7.142521374956349,52.959090280750004,1004.5415224995921,26.242754707459977,554.3419786599703
24.178937623137234,60.58311262117198,995.5192480436225,60.004857429464806,514.1019419756922
24.15081123341016,53.42666509693593,1014.5544393426457,31.888458493625144,526.2639777217261
7.403213598197991,73.90747903717428,1000.1818043670479,76.37301519107336,535.556954162184
5.815079375498705,79.42598050060269,1026.961280670112,89.36792761037668,536.804119918457
39.22202577608291,31.370906208775338,991.9303159288984,28.97959182238998,507.40477500653407
16.355047616468465,32.147519724230655,994.4393803321904,24.460985647161856,549.3856185519422
9.869447420217641,32.16782624580666,1013.4448256693618,88.78214671556307,551.2127154934159
7.681657233720623,62.46474028387902,1016.502380283463,42.51447235796551,547.9452052549993
27.036466829746168,45.49718525227108,1022.8448999035236,49.112527146312694,519.6719468035216
24.768366595763872,65.33230636962483,1001.6667327713487,29.887255219918206,517.8440460256097
26.098532796509282,47.300931008783834,1027.8792183695982,48.278338124603245,520.2467037185069
4.4322350729466375,59.5183696732635,1032.8914052898203,30.817006577019725,559.2267509512661
35.84784875643904,67.34219031233914,1012.4567686617688,69.93346965707629,486.30620643220715
16.181389475552884,55.15187508602063,1024.223911423641,54.898877123207846,533.6305518531083
13.221406850783959,54.672697474750336,1013.6181759544706,80.9254401366618,533.0151667458522
19.032096442661828,29.852887890709894,993.1260163235495,38.1455304460565,540.5308458486458
16.2125765641575,47.59299586001892,1004.6750180779179,55.503551391313394,538.5887195589265
34.67950312242669,55.01774342737157,993.9369010332157,33.3570990679421,504.8262761552772
37.24117803271779,50.40894541165255,1034.4995603664756,94.10265372219683,495.0188576130485
12.834675441534642,74.5430100103634,1000.306166043302,56.97421010119928,527.8861653384616
34.69349649093824,74.85918476657191,1018.6155188737073,25.61162466861488,495.99412490963056
31.479402051789616,70.2054559323819,1002.7955295875222,34.54890932890261,503.211289044069
37.30149922144571,45.6413941455216,1019.3960796910167,17.461176771165412,508.74080273372533
10.584262175249625,64.45145334281439,999.4680760891717,12.503439603796007,546.4157560260331
23.501406854718184,46.74086535882854,1025.3371529659535,57.332964346360384,520.3065548081863
11.70723880487734,37.79264794366675,994.9865221276486,40.34106302730447,552.9741149929943
33.1396851288906,43.859645395298486,1030.2817680040625,96.73961097342757,503.34694864099356
1.2076434322715062,28.903054830704452,1027.8189761643357,25.419825672533577,581.0618140422667
23.02794735256945,43.2477629952556,1020.5463304637274,81.45213874632508,524.321714113783
14.228933819604801,50.34082194936444,993.0336582214281,38.43742979736125,542.0367919916407
13.584664576034989,77.55144921294564,999.3856062748018,30.11836474528347,529.2933966653949
26.151346630731762,42.23758224207937,1028.6712718060985,97.26731371011766,514.7828768803538
34.207893523245765,74.63494465630363,995.4888495436168,82.23189388711891,482.19525511693365
24.758620264339722,37.587205170292336,997.0169443338609,66.75588023007984,525.9158772995627
34.27374616722218,35.503289376758715,1014.4801495689984,72.7408933501377,509.4098094546552
11.319287363360168,53.544750103769076,1002.3379847853455,99.22433273655308,531.6140049475937
21.260572335834265,61.98812531135733,999.9934064974768,63.38866679423981,519.2962654637092
18.570925023615963,27.43827379412548,1015.9116044331681,19.17104057262641,551.1673350588941
1.4541510806207525,37.158622577596915,1006.7659504406113,15.837951403124322,574.9403156785219
22.715673582488865,50.0626016575724,996.3251953546351,69.99460997264862,519.9627382809246
26.79944864170082,43.20523847907498,1014.0684195395459,69.18410295326333,519.445163963572
24.084661772343733,64.19415936415771,1007.415558147538,77.33564136802798,511.70479572377775
29.714916052553438,53.113832782272425,1023.0532548423196,19.790085720935238,522.967510446451
23.282241609670006,33.81975080821451,994.6239949044265,95.04120472796545,521.8248265496798
3.60325993917952,74.19559586232998,1017.9275959775688,59.60425725195803,545.8126644574545
5.541375439303746,41.10981215158478,1009.6421997124462,68.45999689190938,557.8671192540793
24.262508524214145,65.2122109930433,1008.2727843773582,13.13671450403172,521.5553896186871
11.724188486971967,67.89536785079754,1000.4529459603754,96.48767930640165,524.526726652243
4.106160032355868,77.97367351408562,991.369171269122,60.63326638695538,538.7807725625049
17.754506994493322,52.417910658825576,1028.1460137464092,60.702680169516576,525.6516863646267
22.61858132526256,58.87095335054377,1004.6884538715492,94.91997846073419,512.8056054946786
13.821093545634655,43.41819614137435,1020.6490967878431,93.64151603653006,533.4735925545053
29.09691438680534,62.299861137663655,1032.641432989952,29.82687326355175,512.0146852946148
26.107053715948542,50.486091722647586,1015.424563413696,93.79889397153363,511.13182217942176
13.979916082575206,49.07088005984322,1007.871610613394,76.29591604420553,535.1856752847865
30.440028627433865,72.05071410138581,1002.0723104856917,11.701065459827571,511.34820387488634
26.299106658788382,27.759286392427875,1032.0319706691373,31.58588338645045,532.6495052614296
25.86036976999818,73.50793353075277,1020.6934568123014,47.16821309243017,513.810512903171
22.583680330695653,71.86384108057064,1019.9376626965452,62.45402099551793,515.6815861531146
1.444197055453559,52.8501439458984,1009.1771246315375,73.11967574398201,559.0873434117883
28.163780155598676,51.96115698130956,1028.0271920790344,28.91893545612094,523.2221736989019
15.665629853257103,44.89940524195196,1022.1152484154269,85.303046284632,535.3123032252096
37.76177869618757,79.67955854249539,1002.7432472301457,86.11437915002392,471.83396197419466
32.901406072011014,31.114313301461266,1016.9810397011272,67.14989373345196,514.5181410053037
23.920084311721176,57.46183795957339,1009.358727957057,92.89845194641285,507.6077608818243
10.835097290951508,62.492487456182936,990.296557327337,83.16841842074692,530.5898286387487
8.944978337828996,76.38815045193195,1026.3430544175808,29.94612933641868,542.1938791449846
14.275008669424416,67.91119232712188,995.5273657013865,81.88091796793245,521.7038161722187
19.586149799620724,60.41159615463508,1012.9479527701176,95.78818708777945,518.56837908355
12.546554891518937,31.424677424666747,1005.1301786888167,22.384580231658784,557.3124491514841
21.08225032030683,45.555343425730705,1005.3940068540305,98.08280963119262,521.0157329317557
7.449446595014251,32.63629034013919,1011.4814197536214,12.249351709308122,568.9522962676846
39.130799700194494,73.46670028560325,1034.8660396808884,56.99505202963951,485.1711622783562
5.209057643634761,66.22916355600037,1008.3770856284164,79.65038250806359,540.6430119558325
37.34582144652051,66.6645232738476,998.2048153417458,81.13942922916289,480.68977255727776
36.6295424447051,60.87410847754492,1017.6122852122216,76.12053122316411,489.85935429662993
21.489058790960424,52.887394531519035,1000.6329468617785,57.64162354778457,521.4787383332363
29.27150060160729,33.24840827049235,994.7497111520828,68.58678898633559,519.231819509717
18.005883620930923,43.13321876877785,992.2578377429668,72.99389670878024,527.8969343628922
25.571348524155088,32.53036858622898,991.0296573308858,54.508530179250606,530.5816526827329
14.282461559423629,64.87022285687888,1009.4024091739979,63.611647762117386,530.6784193846288
12.745201771632368,33.81258268121027,1009.2026600943027,86.17312481118158,543.9766403274516
23.550961660611033,63.61624525944271,998.3495430035078,38.159111903124455,516.9227458024649
20.427057293175235,63.07404642777476,1025.2808574197045,57.088569427176914,524.1184875796375
23.60191839684926,50.26174634452089,995.8171782563945,10.763174892295709,529.4062065391493
12.179762670193897,32.43757597649288,1031.1892736687687,71.86927597991138,551.203659765235
15.311355440862815,42.314045437372016,1016.4409189939472,27.584691815335756,549.093337358168
4.272020464527463,42.60512099915533,991.2427369247218,53.2901128342392,560.8126727282845
3.0387785186160228,63.52118232288114,1033.3337681584223,28.918469465241337,562.7990128297399
10.884828057247635,31.255866067754837,1003.8573566795634,12.118034312064307,563.8171874159419
3.8956275138912844,70.59877554188499,1010.2488731810034,53.48984965282149,546.112864715164
5.047213636754887,66.85540096022527,1002.7920911847549,48.23502459496363,543.9599405008901
32.70420781036354,35.24688049958507,1022.77895841152,48.26345621719426,516.5562577478481
2.5160741836508826,64.55404099783891,1011.8556099323793,28.792554393598326,559.0720223939387
26.698768963454967,61.768224980730196,995.9567831731126,95.24841307733612,505.4559587074811
11.62975220380062,66.14664400610096,994.6891778561754,10.315643662962504,543.1672318492715
34.99028154761693,35.3910705496782,1022.6418935996059,90.23909049976048,504.28731380568746
19.914699098522483,33.66746771860578,1000.6686632219072,76.32117308255339,533.6767922805681
12.917481913785204,38.00661922575148,996.2007018587312,25.486483017994434,553.2948127665601
21.187918491887945,45.12294367319366,1012.474241864903,52.497278767319905,531.7361308946658
15.896362742765485,68.65157395696906,1026.1244379391337,98.99650733574454,518.2374837950504
23.00774152212338,65.58581656133674,1002.5452235642908,67.93284132858766,510.5083784026861
5.466781864727581,75.89983757531932,1002.4394225265363,21.463905143680073,547.5999134186349
39.882629609689495,28.22462575042385,1027.524656711717,51.187801497078866,502.26572641971677
17.596679230171983,25.63559545578021,996.6525207555952,52.13827869155311,544.6666168145133
14.580994948587378,63.45263563354395,1017.7527416303947,82.20369995947975,526.0432592620979
28.69818408433433,40.36081226867911,1032.9756067342164,92.45466395435398,513.613917063665
15.192076853317968,43.37433925435997,1027.858641730979,17.40173889598611,549.7424708527419
33.49769789612155,55.07411142529817,992.7816855200878,38.26335582575491,501.76171983592064
18.716558250056586,30.63272177197392,1004.3959894452731,36.859431419660346,546.6832606505245
29.06277811735196,60.348192910142735,996.4068509516677,99.64433124271164,497.3897599887356
5.190675441233576,42.88310954271326,1032.7158286959213,60.33044050222597,562.1464418864205
33.99864823664936,59.79933183655454,1034.3673704799937,89.1848346507986,494.8695662951017
29.693001484346283,70.87038021903622,1000.5746859243017,48.34295645003415,502.43427478349605
9.256954360016662,34.411123333558635,1020.1364570172939,75.04508353680428,550.4145580302563
6.666154380085679,76.19802011029861,1027.8734279421203,35.79270780737315,548.0869203013464
13.33540160029935,54.18784775843441,1000.5156127986514,92.06074211403102,532.2991293980555
39.06675285524427,75.76102708456827,998.4456285444439,50.96316168878804,481.413581233618
11.016431408115286,36.425154521097795,990.5044960461277,82.33529475844784,545.1172410455133
18.7889611489187,58.250946553233064,1008.5383105623687,33.02351950083083,533.308735531853
2.170788802976116,47.21379145279826,1030.4746858077622,72.42439077296913,560.3042744462053
16.49187365308307,67.58222051358072,1030.6340842075358,46.46425639600322,527.1279134798841
23.28148060189101,58.324991876731296,995.7484407379058,12.829548067709235,525.2332454897127
38.17185988781064,52.19835013270752,999.1958616237778,47.17074283831571,495.9816937146112
21.152705752662513,75.21419735370549,1008.362129892054,59.50194775798784,513.1889748218158
32.94518572092983,45.74143852944241,1025.1281045323665,23.658545252185768,518.244180155062
22.337978060187123,37.098911269399984,1017.5333167589278,26.552179467335357,535.7652748615502
2.590615523985206,58.44556527686504,1013.1232384584098,51.837651849084125,555.3923216334848
13.285322732401188,59.321564044504754,1016.6369347900171,40.8456741190066,537.8041027112707
23.446430805413026,49.15020418645315,994.3289862211034,49.666648420302636,523.5783735851949
38.07316467131385,51.76355240291603,1011.4948639014708,51.474429039045056,493.3890604663674
34.5060840302981,77.77543778649449,1034.6428480292607,22.606843933248005,499.4317586645592
9.905868952975059,65.29771302682407,993.9800766122589,26.307511774310328,541.7913156349778
9.584283370747377,31.083096331541736,1013.3661004935699,86.33488541315448,549.730170014101
8.84574571744213,36.6671538978836,1003.3042167745818,24.644682037943564,564.6860165495143
36.97745695579762,78.65671489395575,1014.2960983587882,69.93228997074348,484.0205313317079
34.25397997096711,64.95560545864421,1015.8218442015186,47.66752420910129,498.1521395367825
31.220453857865003,75.32748193795592,1015.9862804153764,97.14130173726768,485.68773347986377
16.316669454744876,41.712380519379714,1028.34939533899,15.949392569941379,553.4477106549817
20.670847467651907,65.80267730476257,1007.5386336603148,84.73499794276857,513.3053565784513
19.10893804701096,64.27014896879314,1013.2359373199923,54.23043079923593,524.4415065560721
10.882526194815533,41.207949199165625,990.4917779535486,10.481713377776975,558.5841809077715
20.69609379980191,55.29489789978879,1025.5297770710895,33.72941970455983,526.9808855635792
2.189365366257424,59.50783111986624,1001.6769468319134,46.69271672943425,555.8543034544449
6.140604566400907,51.46224959551058,1026.7449760818233,38.27752781040326,558.0986295487575
35.57699425058891,70.4948288661907,1001.9537399871143,42.620451761253996,492.6467189857281
30.315510914225506,70.80779729888943,990.4854823318121,92.50047182234619,487.96942188952204
17.491867953304396,71.78303015658562,996.9674093187051,42.484062915309494,524.4757262771964
21.168864129071213,69.18829630039895,1034.3557306157475,47.69464414624595,521.266021457675
15.42995655243912,51.84459124584295,1004.3910560676595,78.50183982203015,534.3771555230999
29.890414819266226,45.9791063981954,994.8970755905736,81.44502091735376,508.40898507982115
31.583299990051103,70.72569560429038,995.3441461631588,17.568068660802513,503.2695015253675
30.768122417923205,51.96108022059468,1003.9654221325751,73.36630311103039,503.9679821545896
29.181857268543535,38.550426924539,991.6940268502543,53.43147583090982,518.7095445138414
8.975669209019038,52.903894277721896,1013.0169864654879,22.046850391388986,554.8514254304768
14.180829190378672,32.80174020555832,999.6183411970194,33.823950755219585,548.5284145018247
19.323971964363324,63.03962198293394,1013.3689788628592,14.053194757586681,536.4108800780282
13.900926665678568,43.47567048931485,996.3343898414649,42.42134699306517,542.4099289568239
30.44266780617483,39.33623391460999,1009.3435753057871,32.986579630062174,524.8300616829453
13.844787445748233,77.60798104291098,1016.906258628056,44.38930576420159,529.9440666303224
6.391051384628149,67.72845476670692,992.7899972252148,62.230649277768116,540.1938674119385
16.562577629883858,68.28882264981624,1007.9437189162976,75.91055968329579,516.921143528034
39.216662878512835,59.30470831035509,1003.6135719445359,64.48167879035768,488.7762030383782
9.80937510440946,71.15450457806634,1000.8161917419885,71.05395720339511,529.5360790853111
24.874187698785935,66.75393646398597,1017.2040581738023,87.9075208556914,506.70298467317065
17.885948943748545,57.93255372734891,1016.4843893594433,88.64419991153598,526.6258793962601
3.7699581383237386,77.86184210184445,1018.3814913004962,87.46474135232566,536.3529974292193
20.02718763392432,35.53772223264327,997.1497201694634,23.785202393157395,542.6162435050754
28.384408817284186,76.8858845447113,1002.8569160188048,32.59622202342808,502.6083698240119
21.01557905728493,47.07909890993757,999.4355450097786,55.20927744348149,529.8004063277376
35.01213648611666,54.06194408708176,1014.3226622249028,42.28653646144243,503.0537865715605
12.268543649645723,31.750662574936992,1010.7479560144327,21.85020714519669,558.7079175198661
4.3637176808546325,54.7059091406985,1004.8632181916737,35.89752111450863,560.5137478233285
37.52605885466224,58.61637135220064,1025.3706663990795,97.78858854990752,487.3748421977346
15.749657631600542,79.87358479946883,994.2288184983772,41.22340799468826,521.2826460372357
23.4798165066917,78.63558260893396,1033.870350994004,47.70226614663653,515.8393476970697
31.888121919077644,78.1518510530858,995.2444835016894,10.576127967156728,497.86302480781586
13.648232891147643,44.16134330561316,1024.7881865655766,74.74733918111788,541.4332541547569
28.930416988926837,79.51965743097739,1006.5703585122375,47.219505899084176,497.7328259940712
6.281335142895293,50.0512983377311,1028.9368003109312,19.2826056605645,559.7306570577874
12.360456141014705,71.85099423190454,993.3376476952873,97.17010644742048,519.4570632906665
6.643714809324276,36.89759829604346,1006.8624769586552,79.96898913265781,554.1864850248472
32.63799177765296,52.820824881113126,1005.0949532925106,75.35350804894541,500.97944960742717
9.68332017384463,78.1306652870183,1034.6920667201491,96.20851013575025,529.8500593508342
28.978738660803202,77.0867268307885,1034.3497047700332,46.673207606542405,506.34730896964214
37.78863749258045,62.60541828017847,998.5411781399874,74.66801862632036,486.15363175620877
21.583116153686202,68.8797877404183,1018.3476132314253,28.5587107646906,521.9471296656185
22.06113849816682,34.70346831313208,1014.0983738959923,72.7408492706908,531.877918696204
18.98030915581467,64.69122022162865,996.9468071058333,11.267118296884256,529.7018074914412
13.709715592352067,58.99279445844547,997.550086774699,21.36748423965527,538.1163974760196
19.55054620607177,30.035345466318535,1034.51632778158,48.273302674256364,545.4663393641036
24.509493758403618,31.223745362432194,1010.372849712942,11.088342532540734,541.7384787220705
39.453671314655715,30.9643989763194,995.6610581400033,51.57692699053773,501.10828926520537
37.572817813410744,64.83963141564095,999.6655517432664,57.05125741585035,492.4270622461947
34.62396537343175,32.79433645361648,1002.0756630261848,65.94459378283739,509.46444628473745
35.676090892489476,50.72527491129588,1012.9912768493379,19.034800929425472,508.7804903928495
19.246118148389677,44.633999323276676,1005.099665827784,26.29107218144911,537.2583676201469
26.64032875992113,55.277727742361975,1010.4755303650464,65.19550336454756,514.4515742610432
35.90760219451235,63.85620679706715,997.4924797995614,69.23689412163753,486.2913255526872
16.32507983466277,62.65973954717326,1004.7027910764377,12.331020538924864,536.6094806327259
38.508736655473285,53.353595375290716,993.164246672299,58.63306259035344,490.1309620097375
17.21565642069814,50.5384180485712,1030.0369623064132,80.64835587989494,527.9987689728254
24.44222395033541,46.87985773172423,998.943861472586,16.21907900068547,530.9406132812869
28.682383817622505,72.40504715674086,1024.0605060942933,47.18555787218678,505.82040153808276
38.07308850996159,43.196849267995475,1005.7298304691506,39.38601457270917,504.1751791908329
10.540034688038375,39.26512016421222,1011.3478793522906,92.2299062816815,543.5275841404706
30.09910815130705,65.88235215103992,1003.1067467757553,26.722215388580977,509.81681995593283
21.311807859619204,44.786990393319954,1021.3398571998316,38.652437183003215,533.8030324520383
11.473728484205001,71.58492298664976,1028.004588867362,90.86002704921727,527.238988044054
31.28766675205923,43.03387952504296,1002.8821583132815,39.75879754539755,513.2239388748918
22.536668926780017,63.60696535160235,1000.8997939648617,57.82126965270349,512.1904311886906
26.777979005337357,27.480995345693486,1020.6648119458754,12.973180350779144,539.8597278488115
13.59314167453814,46.2059584060676,998.7818877255474,98.64121925575326,534.6811210420713
19.769684121276597,43.87765962321534,1018.7927894524397,84.24520370840706,533.3607147700933
25.076815788534617,69.9173306601758,994.2492635862136,67.09608502720087,505.23953619441676
16.791521756523913,78.18804717755705,1017.9061721982309,15.467974578098227,528.0446723491316
8.736529054060352,50.34847021811288,1013.1033030304695,16.73829652355026,553.6598131467899
38.503979200296854,70.3659952434567,995.1257572009339,59.04762677116207,485.1328228711965
20.94723406166208,63.48320855265508,1019.209663568907,35.65579925830908,526.802833787001
29.62289444122032,78.20622932150313,1010.0950720665334,66.0510502752856,498.47853233524495
17.030840548686268,69.61096828885536,999.7701772867689,63.837323366299515,519.9152718845102
14.850138797002938,29.261293628005177,1005.9022870065979,85.4786258451368,543.5663380119548
16.879407640217874,64.23049473102299,1012.1445947537518,35.32393546413781,530.6074101119533
16.95866910764034,54.45248434823055,994.1199402268971,62.007717204189326,531.946036401879
22.22302452173619,25.903983186277994,1033.0924267407759,79.96269869548848,535.4356974457003
22.195324929273163,38.822212729899405,1019.9502970295455,54.16956876900936,528.6870366494963
20.388998819431993,75.6965384764791,994.6140741579463,84.757929844505,507.6989602543207
6.256645611780085,75.9333755032714,1027.0287982947807,21.814858141639565,545.2150299435574
20.346943661520715,68.93677531103489,1004.5149718925766,76.0507988632429,511.8218877458178
7.595052116405408,78.99787818028942,1016.8559791520933,94.86838823688807,527.3362923971699
5.919295665534841,69.35998735433127,1002.4714278710808,39.86949888942095,545.656634235567
37.37318297630554,25.561230300688486,1023.0032675211573,42.97027981707684,513.1285547129969
24.593050512760467,40.830888716583146,1022.5354038750046,17.519470947176924,534.3958771069568
26.720112266858788,26.684330023076956,1014.8419555592588,67.73435016172405,526.7280498332854
16.669953143001187,30.17593828056577,1000.841651661221,59.720565307138315,542.9984476482091
36.45025478467971,37.03624493229268,1001.4166713380465,13.6311182859131,513.9516332541484
25.879289093606953,52.695720047903734,1007.2288258512724,77.69908242741806,509.75289642451753
30.997624911419912,71.61426019041097,996.5255475328329,84.63560461705225,491.2689363231212
15.37393629208084,72.40817158864094,1005.1945070935916,91.64076437266787,521.1830447677964
38.440463351945894,58.891102220651305,1020.7959570561741,59.11606775535779,491.2863913569898
32.99799031617429,76.04967664864293,1027.3880376026739,50.73220314115816,496.1604877697335
34.303990057567205,52.503427962461444,1004.9662030722012,88.85234390788696,495.5305048641778
7.7155764296044165,73.8969824273261,1000.5115616214464,45.882713716132514,541.7626214931723
11.567565106977561,49.97358909826067,1027.468916025081,68.98988127111056,543.7147814060709
12.139437387659505,40.247375408203524,1030.0816812323665,65.38260307608337,549.6477029635298
11.565459706627976,75.40271049552352,1008.4509685490428,43.49449898366607,534.6415970968338
34.36091832206723,46.33642916233781,991.2106869232335,17.820094380944333,511.8537522726328
2.2435070131350923,52.68722598644539,1021.2732729402369,11.927398480361711,570.2441772656422
3.967899570250198,43.087334789187246,1025.281495628241,48.54139664818485,562.1204049164844
11.682679954566245,61.45606801599014,990.8110913923998,53.30814173410211,534.3210941728202
8.795046011328303,79.72671737533196,1016.7763884003681,84.04104413709028,528.4685335875533
10.042524941431086,26.40324518756233,1016.4765941209879,47.2970484920324,564.0133632816878
32.1197843808787,74.49164033039058,1007.0418558936561,35.304388726012235,498.2385697055316
22.96193716178983,25.215933134409596,1023.7395296632877,51.58868212676379,538.7358820520668
1.2250557904257517,45.03253346304161,1009.2680567151463,31.419143238161904,565.9869972245499
17.743587862463613,34.27337434592329,1020.4549178306114,18.222455000346088,549.7133392589319
16.907512147164,66.65379793699032,1013.2702787085818,20.17387303174965,533.7036484679511
5.443865508337198,27.783596241644542,1001.180907211628,38.72390139072348,563.3359164915361
27.369529755456828,55.44167244713803,1017.292538835456,11.140877580264162,523.096866468043
28.381790346800152,41.22093736149219,1023.1608822680629,29.818295801311432,521.3527766482472
29.11483554303181,32.35186368755862,1033.825755304665,80.87708268391185,517.1738248426234
29.41036687678509,67.45000166564525,1007.1049026061086,31.115547318727977,509.81266361237937
1.0020602503595752,36.95792588403912,992.9012645099858,19.96565599355643,575.329226913296
38.20291135002216,37.30213666302164,1034.458704954961,95.41725039950852,496.0492114721041
32.75414191513186,40.12922318258576,1018.0712996741491,66.02231047164574,508.5124504358612
36.255286166982124,57.27217201054151,1032.5902706172346,15.402335449209927,505.44697439877666
1.6100885169899313,61.28162624299115,994.6722188705004,15.601956984541253,563.1296359470459
37.42049303564384,25.96813880357397,1005.3915227941706,65.09099131292527,504.7787114360945
32.581752618836084,38.302829986258466,996.0271514492725,58.61159218584205,512.330661937018
33.65154657538925,48.70339633779055,1027.5979569561928,16.153729515368635,512.3094404301946
4.6382080041567715,43.258732368867825,1029.6154233643192,30.188392747600183,563.4916081293164
29.812343127825308,73.62938621809873,1012.5590264943759,93.61386230370294,494.03852571345624
38.436750896041545,68.32398019875303,998.3972797947914,61.48097294329156,483.3215490304507
27.463346315308264,59.423961854635515,995.7203536067868,49.62928583330472,510.6410930804633
23.251894780359653,43.59233287983719,1016.4673849536093,32.51398707283295,532.8036260702474
37.87955743221088,63.53697896653879,1012.7869346063385,22.03282380716839,495.4815619421621
18.274547747643005,71.4000907065187,1021.265509606545,46.236851569961296,524.5592408523523
24.37244908610867,57.715670754744266,1003.7343268178996,93.01299033981705,510.3390208446359
19.57719344628028,68.14538067913585,1008.1065597760963,14.384025610978751,531.9086820842914
37.381002633051665,66.20077287698612,990.9612483233021,99.18809343485799,477.8501971823749
3.9673043438547833,56.445552113817726,1017.4564370283988,28.703144818180704,559.7151964626386
20.543668332188577,42.1700769251831,1009.0414584605915,46.789062435910836,534.6093451369966
27.791145214032095,66.01801869006995,1031.3894085216052,14.054617734914581,517.7121325030024
31.884354998467238,36.373800149668355,1018.8803833967162,62.63039827972282,513.5091480926621
23.737727250321317,67.87185905593435,1007.9412521152362,53.51997388608924,516.6116718207775
36.447792020736706,69.25006806783932,1001.8615131393008,70.00363312613018,482.58949047883516
37.737666428470995,70.21796837637052,1030.7378224173438,58.841031456232535,485.42530129013915
3.5084497045497574,51.01037840381517,990.7319283352849,45.836000618236206,554.7438301602734
16.6924510421136,35.58644222737319,1004.7110610263577,76.39810280305036,539.7552124745346
1.914901847125023,30.48479800363378,1032.4577512704616,12.251901500826197,583.13561914268
13.847249637603275,65.88486877683583,1019.4314853141708,58.692611878713564,529.5956522518369
21.937860500853482,73.74437614913973,1013.9723582077485,20.248858344610838,520.7410603930481
36.521002289888,60.79610973602987,999.1590623064193,49.240749977724995,493.87654605860575
34.015618576150715,32.92880332136033,1027.5018648414475,81.20127851722148,504.3989764445419
5.972489340207443,76.41930466846657,999.1889578166749,22.821467163436015,546.771023458265
4.628184614894932,79.40061079966257,1001.1714089184562,94.22293138952368,530.8864247830321
23.981426211510016,48.835823546420706,998.6333014292335,89.9654223152264,515.6991038197318
21.752600925892523,57.715390910057415,997.1167257256285,47.34145637800286,519.9371216837675
11.38872801577093,67.74756860009117,1032.8990623190462,10.537735665334292,547.2471840114465
36.07867029759957,65.50143845275247,1017.0914218263589,81.07703440070374,490.3905500060194
37.167289969000585,78.2282955563397,1018.7026709404543,89.28062230710546,479.94799307227987
16.701846095266344,31.318570009333392,1032.9446459555452,25.726428311988933,553.440900724445
35.72179972742729,56.93986763785431,1000.3758774806503,92.45729879349014,488.6142835081873
15.974006876255933,63.05622808202007,990.2662892368961,92.26875495652264,517.2913430399406
29.735856441358305,73.95541333032185,1016.949764230663,52.41617659307714,499.8313011642461
19.56174648436124,73.0760295244983,1012.8530183950871,81.82313297180578,512.7195044725023
5.780743103780137,78.78998864587095,1011.4942669829232,50.045318044478954,540.7443864926904
37.18943384824384,53.16431496657235,992.7846095060789,60.76416393267561,490.53544526930847
18.709767141723926,70.69184767472746,1010.4495689958653,38.7855108828787,525.1332195201918
29.644994572573744,48.50049394700302,1002.9401804290815,24.3522410788742,515.4505012783485
15.319778762820395,48.22726328208177,1002.3554104750941,77.18829254326288,536.2008670119505
1.7363542644731518,38.93416004600725,1000.0071711080592,10.125356006722212,575.6791705810435
4.920683988981601,70.00305078605764,1004.9637761889556,62.15974206839034,546.1641978880508
20.35255970010705,79.21983081974335,1005.8909883814536,87.82174237406173,508.69741377395934
27.908609927928133,39.09879505909918,1003.8949099362899,29.91495580988055,528.7774677150423
14.054677736591884,28.08723734115898,1034.043872207378,39.960951111820215,556.433920412407
28.124049907928363,69.85483405804541,1031.972898847927,62.87372675780165,504.2917151703187
28.246787987846286,59.11265288941159,1015.8529544786188,32.21832218780261,513.9995158045825
28.453500385785404,77.78343403030524,1034.1474677284639,86.27381715977047,499.0441709140056
20.208352306799828,38.873157049232375,1034.6039104643635,42.99428504012995,536.4094505297091
36.680559854738654,28.90652119007046,1006.0172869507786,62.345234783789756,505.8981642483688
20.078664201244006,52.084324347657585,1010.0334395582885,30.350903283928787,533.223389084438
18.56034254636889,29.70063126308311,1033.15777996431,13.724770329188713,552.0062968075428
8.775851941414452,39.39845006064891,1017.3881789684409,25.633023941229457,563.0517434991378
12.998548406897124,31.928782345054255,999.5818087276773,14.15790438479229,555.0874352159084
2.6510452082138305,37.32726988130433,1021.0221300751425,52.17435096518973,568.097934483773
25.70787645103064,30.83795590517655,999.258578192074,62.79736518262445,525.2992057332018
10.692894013156621,77.4648299685007,1005.2710984652331,14.020768691690748,537.5988439589213
12.862054924933139,40.320949239735455,1000.2402073392908,18.143399938413957,554.8404875027647
31.061766344908527,49.4143672295911,1001.024109717023,53.69725241293158,508.5610288742289
13.7616261432967,74.42364941988222,990.2095011705052,81.92619389808786,520.3848103478633
10.445639788512544,62.25268733788109,1029.6318974489752,66.52082610241473,538.0811223216148
7.593252216214524,58.992061430897586,1003.3195722874107,19.42391980934825,552.5435573966657
31.21947768509628,63.80597546984604,993.8868470785258,89.87880464573453,491.27162103276817
6.058544061611048,70.585224140796,993.914433255649,92.5705211310772,536.4068804887805
18.696396649763788,73.27180973184684,1015.0208224407429,39.24611450645148,525.4290725007963
20.77027452701058,60.345181886576455,1034.6814247740272,65.4416012693226,526.1808601812354
27.80820659474287,73.95040010817317,996.5260110271586,54.309443516624064,502.62884722861014
25.698055810986823,54.44686400840123,994.4829801427347,94.782139176684,506.3335005283335
32.61810624486182,40.25099709476329,1009.723674618094,55.787367965386224,510.0388776344078
2.7453059231232877,73.40421898861143,1015.3499064228358,96.39692323408578,541.5932419270194
12.56118826639649,54.78100550771979,1003.2471161495073,27.94082954771855,545.1376311811553
11.92523063223981,74.83756731619789,1003.613494163124,41.09830819261119,532.9090726889759
6.694659318092221,27.20922976728197,1009.1014425832027,80.32107160865236,558.6667711266313
12.277951900401282,46.86336633476795,1004.1365526817773,80.5249662034031,541.1190462809358
13.080847251573234,77.12927600993575,1031.1899212605833,75.89649465610346,524.9658354494038
21.353494015171652,38.73075510170665,991.8879557080783,87.36503181987737,526.6074742823421
26.884474678123986,76.7844935321171,1000.5556571941623,73.22915556494308,498.98970580774625
15.86292003086075,77.46463536210874,1026.384875830234,67.24766300250104,521.1676196127543
29.059339021221867,73.51782728242236,1027.5281156099231,51.30325117697609,501.8558989555683
14.11044820460362,56.001742480131426,995.019978553389,52.03789689963942,535.3856910071933
12.321063415275653,60.58166969943512,1033.8193552505722,46.55453438838175,542.6090109912703
22.10633417842395,72.8289349147428,1021.2009682454599,65.81906197334382,511.99638953455474
1.9249380519258337,67.67433953140514,1002.2666875192618,46.59975363096942,555.3053308725241
4.111775821726015,59.65516172004764,1010.5217039166505,23.27448826779373,558.314577726119
17.300812199874557,79.02426743288865,1003.3712378805585,19.587665458778208,525.5164258552994
37.7735957442785,62.712214998353176,996.7510012434489,93.20250477194,479.11263052609604
29.13895941389352,78.65150958462687,1003.1030129137011,12.22650167840948,507.2080728919752
4.436936210521752,28.156366103389992,1016.1041371870328,19.492053562508723,575.1129833884281
34.00640249845407,32.64282039082168,1027.1686362675962,50.0774387181028,518.3261822051826
29.559730053719058,49.83023653002698,1006.3588083700309,33.66336402139419,517.190195705553
24.826914502403476,46.16837034863733,1005.6555693246529,46.526401036193135,523.656644994037
32.99142546375792,68.05041627463652,1011.0600315486595,20.5702643434495,506.03252835614734
16.760284061975327,33.83377145580621,1019.0050019983955,21.78162431626366,551.2689959959723
9.638540983300256,78.68523485113187,1023.8227318094539,82.05921178526037,531.2949598700965
20.968912175241613,42.32862313935027,1004.7059777159764,78.31978696902735,524.1735438933675
22.404828468145478,48.59080392570877,1016.3858610521313,19.38275791521529,534.0603190331361
21.994728508386572,40.110976784201256,1007.5212378576397,70.1011373409118,528.0913403315911
23.037877867724106,56.8649989529601,1022.2379932663524,64.8380191019935,516.2660337374107
37.99949181132805,28.224578523242116,997.4103714232659,74.20264504122068,505.4023845402503
36.18757930075302,33.232262806374685,1001.5616189273084,52.700401410622675,505.5416429506541
35.152964425798636,66.01887368802983,1009.1727188929237,34.298814478009675,495.1748114540398
32.25525562543646,35.25753208726422,1030.0236655464616,69.73112524208751,507.67054427518343
37.79369618334613,37.953294835616454,1015.7996605207811,43.42216838705398,506.83794370648957
4.8412910254967265,68.61402296486608,1033.4428253541635,29.70576109109444,551.0956641350409
11.339807196383841,30.13156480964895,994.6474958376488,46.77661123473548,553.5981530057884
20.30718188052881,49.061060252396246,1010.7078936142921,78.69428520408586,525.9242115844085
34.01484523181281,26.268486284847484,1008.8585338520423,52.82138768825817,516.3447171072517
20.701462749386568,44.074406962484716,1017.0092779382686,36.987783709007985,533.7561401006625
30.17335483432196,63.443977143591496,1026.538407391841,84.86817533414454,496.46481937713094
6.419436304707732,29.955680384447557,1027.8651611512378,89.34793796628412,558.1688772103463
10.844138706085847,73.85840447283181,1020.1587573917478,48.99253813954073,537.4792667312022
29.53926770646922,75.02244736173938,1018.8691363910499,43.72192186542052,503.86229660701196
7.424626346621238,30.77447063188243,1032.7063293920164,65.14290523170685,565.0640508248158
14.702881451542144,79.49028400066771,1007.2659330737291,15.217700145212172,530.1658075185602
11.329784054729286,41.36412543675189,1027.475249138482,72.21908445108375,544.5939666193143
14.64460607467666,29.625591912238335,1031.4676677191533,80.40588448395222,546.5124049422766
28.624637914040843,25.278691297349425,1012.1192659919338,45.76977345314545,528.3171204716961
15.34604006456924,47.468759267012445,1022.8096160371485,25.71542650066568,545.7709053282831
22.655269581709668,59.639549213836474,1006.9658935501908,12.593653762677715,526.0858027289595
4.897343205121976,43.269858744682224,997.1495556387932,67.35210395383899,550.487629431186
32.395690036150484,71.01945510110426,1016.3926746662592,34.20940659714188,498.96219000727126
15.42565640027687,64.41334515607775,998.8412242882289,51.75006284091558,530.6753926946926
26.292832202300357,44.25888425824179,1010.5919608861741,44.771996949177776,523.2161838023229
29.290194464811474,65.38703166347325,1029.279569099775,25.73963163527164,514.294692715698
9.176775962356315,76.72682553330874,993.8708184403656,55.75318016146336,534.045200130913
35.502324413180645,30.12027991986594,991.3692841049092,51.36341704666641,511.37195558266603
25.032745812671166,41.83571780866893,1017.291503132185,66.1732860582849,524.0471557764404
17.72028052830778,50.482926651418126,1004.8977596967703,32.6696495076808,536.8588281321348
8.111072159550563,52.389457026512275,1008.8071968116662,29.317517186806523,554.277555350824
37.749736578147065,54.82076046873405,1008.2569764896249,83.29105537808249,482.98985563377056
30.44765996113338,41.53447985962567,993.8979103054304,73.19730204676374,507.8641345946131
9.112957946596707,61.6992805290292,990.1604894705818,79.4985806522407,534.6365627960794
14.170720214244756,60.47964769414063,1030.4290459288918,21.096083057952526,542.8589602923058
32.57729606543486,56.780182844938764,999.8009352406685,30.163567899431587,505.0574779346423
28.13142886539822,31.256894694098214,1009.173554633893,61.79783645832759,524.1678968944743
30.86558741591325,51.233234010276945,1033.7366608501986,87.14812121856173,503.00634755817623
18.206842986304363,44.592478811915655,1027.2043161892643,90.29031788516231,531.7986765438227
28.942574243044508,52.00711584109675,994.8568884868216,84.87189660294345,502.4888078995398
16.073255191692635,75.70265395332643,1012.8833564225664,13.905815147598464,530.5164266990807
9.23925376058966,51.42922387371246,1022.8535561922757,83.87912661901537,541.8046368833539
25.67440435881304,25.76894355117315,1021.4276753249645,90.91820597689735,523.8682586969954
39.06454309835297,49.1360205946272,1024.237883358201,15.107418113738685,506.87539273080665
13.113437884417854,70.13564990271601,1010.5854594699616,47.465280439928925,532.2393074598463
18.977814096289045,67.90335077699925,997.9165318198627,58.29492909670315,519.4176150096099
27.28605347172429,53.23645404404996,1010.9192599763718,30.94753355951497,517.6857027582845
22.118745002777025,38.73729570726234,1019.1549262127982,56.50170904333995,530.9131750058182
33.89368403265292,50.579876460299985,1017.3866438972326,89.7360209164958,497.92578773648574
30.70796555231112,56.00362206800054,993.1734924204874,88.02482557111881,498.00591335327465
3.2735909506319247,79.99292910507737,992.9228595336987,94.58535531317328,534.1857032700177
39.93842812302719,60.42979495931575,1033.4366024019846,53.56988185550878,492.55767655519895
30.34369569505922,63.18457115344374,996.8312454767897,46.95102507645281,504.6292806096419
34.692229335470415,52.029977896242855,1003.2508108805275,69.92090371291181,495.5781289520251
26.39671077171851,44.49692529303914,1024.5435516970274,47.50845198409307,523.0195922560061
34.39511999382373,69.71241410059633,1008.4354684120428,13.775013640077198,500.24442071110786
5.382936022219667,52.22127783865799,998.1659183967015,74.79293069534096,550.1001338563602
14.561775586813308,79.70795714804888,1011.0254572039402,35.28855471545414,528.1855397617827
35.180416800575216,50.14163158474243,1015.6027486843515,14.417678104047145,512.541794834893
8.864553239408796,28.740015600616754,1010.3744974175135,11.855896887421373,566.8599841675729
4.051441844620887,62.54179753995455,1031.352573396245,93.82251417195863,545.4224200903783
31.73663865786354,27.56527980091961,1002.8114682794777,32.686840777975206,520.7069608794513
33.58396007008855,38.77758782865868,1019.7599472314852,50.31092732707572,511.99028135073814
7.343436509406124,44.45560390289468,995.0532624634454,95.55188076089699,541.8758003924132
34.3194933285259,65.67159720917303,1007.6528455948812,52.07652809026526,496.38206147720206
27.783944028289614,52.1829759524187,1023.3446963213238,17.074839117368022,522.7059954108664
21.283224645446772,26.575526222064113,1000.116762326526,59.67424425219933,536.7896293854724
33.379757518474015,58.92674182017572,1016.5396970544485,17.937878810865868,510.09572878731893
17.350720723439665,47.628993058466435,996.9046663144077,18.557909053618275,541.3826959678837
8.56576429271249,75.7008980481909,994.6215761112617,86.63293664222138,526.3131904589362
12.109254387813932,52.47592711271295,1013.545473701627,36.04793890281305,544.9985925840979
20.701396713439276,63.993633026663645,1020.3754948238712,71.08031801011927,518.4017921399803
21.721900914253855,37.03776707812508,995.1015179805518,55.80319017957956,530.0750096374046
32.41765223120811,66.85354604924092,1031.2999313567811,30.009402208397276,504.93764957449383
31.862756222441043,64.65254207660197,1000.159751821386,56.60382687878869,502.25888258399004
23.67329573097842,74.72449396977194,995.3988888671685,16.20941823097775,516.5245368320477
31.450633851253578,26.860190294555956,999.1214508757595,41.249111463073845,522.3856059485233
8.479164873453168,49.61253836895982,997.6307605439329,57.055260251844246,544.2656550561874
2.9525165566384795,62.35354715067966,994.0803592775827,30.55549042770868,558.2976437693932
35.071719082753305,30.234014504411824,1025.9027655650418,69.41693171632244,516.1647123711947
3.946625256748013,47.58322369319018,1012.299199863485,14.663072952667608,570.0930763596438
10.620848760015894,76.81806316864075,1007.4833748170407,53.63289080835642,531.6148195998595
28.117439035350998,48.97639699901205,1032.778256714286,74.34962031604451,517.8704276923602
16.968469567465057,79.19726309143473,1006.6953774179156,48.69514530610956,520.8436246466063
35.176244826704846,28.12614835939008,997.5137726721235,88.71277737870442,505.2415994767505
12.621211991828512,64.48063768774901,1002.3319301366969,66.89735031165989,531.3603500905963
1.4629825201050126,56.95589299365482,1000.7534940114869,96.2643624452864,549.1245241426643
12.72556998186902,52.5296822422669,1012.4433575803487,35.57096314974808,540.4630856540455
23.544926918208436,78.39660708167551,1003.1177305779559,94.49103977692724,501.40938117257014
15.66159664072844,32.13077202701207,1013.2227527483863,64.6140330897127,543.5492122751338
21.860037474591454,74.27994234245023,1020.1182041226054,77.06610092920587,509.7344402251823
35.18732663456573,63.01822261251357,1024.9784453570967,91.19450053391023,489.9593204687295
36.586917114984374,39.244784031479796,1021.9571001570254,59.60774691926388,503.9661613405362
11.372988521510372,74.59180300977613,999.2515822405362,87.59627127546989,525.166276679759
19.023478457526128,48.61122048235573,995.2154873659239,58.75272456292498,531.6292533781736
22.416616594416595,69.7825030440189,1014.4102571595563,63.92790348555139,514.2239103342761
38.01538581864163,46.386008437606996,998.9510306043666,50.0588715607647,497.9556357822358
39.946075447411005,71.80119550882826,993.822017479718,23.10746966560926,486.7101840473307
10.180882704819538,60.014601514477675,1013.7192454340737,59.815291001397995,541.4771638753692
29.352214982486803,32.757564847104994,1004.7057383298508,97.9703407239563,509.9994357008446
15.74321142709461,60.731473990824014,1024.0267055372326,80.84673961590559,527.9455244689117
1.316219678562316,35.523961948602995,1004.1386233746788,77.27486362780928,566.1968550011402
1.3608483750001918,47.65574453417895,1034.0422711675117,67.89779224566666,563.7223015177495
18.962074294927973,34.36625713386185,1024.1335436067318,41.31178061385201,541.9878701442349
20.04506160716905,26.21088636169152,992.5961949669988,25.265367503054062,544.4457848826792
1.8802181663642634,36.653759669747664,1012.8992733160325,30.209644147842084,574.8410636483251
27.790169254197796,54.50046130482691,1015.317922554635,10.56898805883851,519.945106924559
12.466132155203171,51.485853227754035,1021.2886219806719,70.61323788085193,538.1913358409615
22.835830959902026,52.582340254483505,1012.4008558665191,83.06898027007904,514.0168216500092
12.735843853451332,38.62277831456307,1011.7549619286558,34.20202160782538,552.1671811764861
7.51823827990298,62.68386603378024,1006.5572375254926,18.26653596798447,553.8514299897193
16.879775805356136,63.73448077511902,1002.2157622754628,40.21543610397261,532.5906158224662
10.05866122682953,44.68823040578161,1032.579009538953,36.28461064752801,558.6486050995952
21.857238099847553,73.46435486607959,1004.2918501335467,50.578872469995865,512.8572562222078
8.754312681172717,60.42127691495513,992.8539596061149,33.76918488889099,547.0632196302682
20.827833089140455,64.21716013922475,997.5278132682035,40.57594348105262,521.2342883181766
7.137762079885835,40.25369548664167,1028.5774486218581,91.67993014143184,554.8422272512344
27.168013669945616,25.033639933557286,1016.3985056605522,40.135181760064555,534.8004622415731
30.403569693215537,72.59565866561603,1025.045124721968,80.69662420569072,495.6770757284172
5.3053751357474175,70.23334115188948,1026.3951695762862,66.32503302020135,543.4694530408757
19.244294069456227,31.775553842355663,1027.0456397644982,40.378415106823645,537.2052888804099
3.7639963255400697,45.57578242259686,1014.7776168485074,83.60094428023154,552.3272885965007
24.329115376138095,61.37366196137204,997.9704268064597,63.55684626366384,508.90184925316333
11.31176761925617,60.866097147030054,996.6704738506264,10.775685483901032,543.8252148602979
21.577353816709607,72.3192684144706,1015.82929891688,16.18553814151598,527.1046464218961
21.180979365987355,32.71474888994857,1006.4931459158554,77.73756035070869,528.0285823908688
37.04981950155822,48.64668612818153,1015.1121708560595,50.187501062667494,498.33881271650023
22.414245680180194,30.34734298595336,1012.431502990704,46.49570125691865,534.5836480657534
23.73694070901431,46.42773866412455,1017.0989135863897,23.12444657762272,536.341728892779
16.66447190481083,25.830909507323742,991.4450305831455,24.15867345651432,551.2763597291081
38.014104524129856,74.40501858105698,991.4776506283556,81.79772050863104,479.1487320593556
31.310250468144776,53.98741982557746,1022.4717826881829,84.61154205653098,502.32349992510774
12.130806321810821,71.73912434412945,998.6907259720224,60.40022865748563,526.115195279181
33.92417384527305,28.294758555185005,1019.3489307986425,36.56150288251187,522.476979239577
17.863458047218508,37.51019607601064,1014.5959159856154,93.94307350010472,532.5638478782232
33.318018597810166,39.26589973716493,1034.1807512132082,66.1566151895704,510.3379427807355
33.09263466344658,46.26803220513334,1027.5932645497378,81.69779075066094,507.23926473676096
8.365937283751322,69.15765048186503,1008.5910534599108,10.295462825939389,548.4694025536988
28.3445041239595,46.26068305523209,1017.7385769041924,50.528764078782444,517.2288255944061
12.335075802954712,36.25594413054799,995.2780255751462,88.38541776879602,540.8294050519725
12.60221412971406,28.574464318632263,1007.3873719333071,40.440995490944914,557.8319030729663
12.557574998342648,29.37204615939781,1023.0249483490444,75.38960591850528,551.5625614385348
29.29716165483798,66.80259632785376,1018.0202212857894,69.19073426157809,502.38492385735196
9.963215629908907,49.464164507014814,1011.8012095969812,23.699652971886948,551.6707848829523
1.0353275745975188,64.93996171000083,997.9438096823701,79.74134445289646,548.7720743994302
28.89423728582269,62.52579169700336,1026.1415666770895,20.1274111281519,513.2119829446265
7.676205009569886,32.44493539681418,1002.292497198521,75.51226869147466,557.4078949093586
5.074813417005552,32.858836380574694,1026.921558674786,99.1871503101185,554.1411887478123
10.263128703168345,66.54381084887737,1017.5224078257747,96.21832886305864,533.9517802961531
15.816120370585455,64.66975614169795,1006.7729142576954,82.02175687513042,526.044351067639
19.560346771454828,45.791692178087075,991.8272349881996,58.10656818067319,527.6198818037531
2.738231587792602,29.258224483306204,1000.458847995497,70.73421182386659,565.5081448078168
38.852359972467056,25.66539119341487,1030.0081916469674,75.52975513096834,503.7030637824864
28.926459083362765,40.84863222039597,1026.8088454753072,10.756137185041483,528.8981822456683
13.604568547649109,25.50722504729748,1015.8683990820344,19.212959885766082,563.3273084750077
13.429193034130495,37.65399416070369,1010.9845108782957,63.73532188709762,547.7230808013016
18.493159425369917,48.07254071162362,1019.1214205698549,10.58810861286182,541.6047020661046
25.423548087758284,31.67786709215748,1010.9811657529485,91.80150856961475,523.6461088928172
6.708549596969743,30.735276680735044,1018.9937178323613,54.069644190257,565.9860593991942
8.368262736833142,74.30405896453051,1003.8331844847071,33.19903680446095,541.1509408615058
34.517948730508486,57.20085159625891,1027.7323748060164,45.44390526378393,502.9328059589543
10.99394203167383,76.39506277195298,1021.586305205937,86.56987695760026,529.9414562553777
15.827604921031924,44.02043900821236,1004.8489032792461,93.44735863877041,533.4122339986997
34.97960218705457,62.24297155310397,1027.379975167055,20.461148242958807,507.010566123882
26.86276534659308,36.25804210419847,1011.9304138883931,80.0164570560019,523.8785195257724
14.326763294325845,59.008717450396766,997.8587489131858,62.04044063948773,533.1797881410608
27.66428228326021,32.12721515054914,993.4970607901587,62.6952481898038,521.6026701977338
1.7676453998751347,25.114435154695716,1021.4822586436749,80.15069097062437,573.0949832957708
29.690063740443243,76.23424907752684,1028.9304361893605,30.056021810736173,509.29824180816155
19.99362558013334,55.51919068963652,1026.3348894867545,57.794047117746246,526.1037702750361
32.71410374409399,75.98173645301216,1019.5042963599968,38.74173539057283,496.9221105496365
38.230868428252265,43.36073380361396,996.3618775022146,18.506111047886336,503.40189422688894
37.10575343028817,43.028233803896626,994.2319834189494,19.457150100094346,507.91279519423136
36.46133669475829,47.03602509751674,1005.5263330355276,22.28243235626357,508.7262454406249
20.974628281421598,63.83225411769926,1028.4709900679445,65.34098640143542,518.2106891918296
15.045542451418584,56.11947488023958,1033.2781321638,19.524717853957902,546.5487468333586
19.136377664496237,75.89451989045148,1000.8612384681182,61.30934583311562,514.524861113728
27.90594412922107,26.399249562284165,1024.2943051761774,62.946735217953375,525.340177752625
35.475913297976284,63.950776588489504,1015.8241147608243,91.3506859109702,489.74011856973385
9.072465817004662,43.16802291516049,991.4313315185075,66.37389366929628,546.703623373329
36.80953318000642,34.91285085001537,1014.4312357469823,98.70290567933512,495.1819603353658
32.792029046825675,53.07175923860544,1026.267318134521,12.789332194675133,515.9946476907463
39.17538459195115,52.77850812989978,1002.4255252504812,73.3731522980607,488.39957114118766
35.329819157985796,32.53560657786356,1030.3812730786708,12.383207024773899,523.0961257959601
11.91755585798436,36.10428308730894,1000.6317183093587,75.64398200872333,547.0966146826918
5.13228054241786,47.44905656958552,993.4412909689825,44.72651882836319,553.9395953485175
5.377401807671956,47.484627681577344,997.1972689247804,65.01769888533306,555.925618867591
12.357709424552768,42.46569767908266,1027.6651290924412,37.858426487950396,555.5176017136116
24.95316523539703,33.16998333304895,1008.7787663567788,24.319453523738417,536.5805038592197
32.36849271778973,25.240552350553873,1025.8625503629746,75.11612662803542,518.827187490486
36.070761972281026,78.36292843354113,1013.9054877445318,91.4158342243078,478.5032020008997
25.32638199040008,76.89245763371599,1011.6251606157495,26.522419933003146,510.870924968127
1.2196211971740953,51.60077085468744,1026.311091817161,92.86327010832406,556.4876409678467
8.266354284222807,79.72784643012531,1009.0569425270569,22.61638982840894,543.4788660764012
4.889321950281349,62.05098819302338,1026.0914728979865,76.20956942945782,549.3304270131282
15.169654547191392,28.787164568414784,994.529797423355,96.35006423611054,537.6084411307511
20.55268875171609,31.474500949544506,1018.6339866992665,23.263379358061393,543.4003143734619
2.692489964563873,75.38609641283007,1021.6164175448394,49.1581042079818,546.8101838774901
14.590641056030558,59.65287111822956,1030.4593828263785,40.37117341225595,540.175953990928
7.988007310387581,71.37509946615431,1000.0945763422287,44.962997516568834,540.1713326910505
26.235736484096083,74.40483072986143,1017.1898946041783,77.7825765218599,501.1336435255152
19.10662240364926,49.636810620531236,1009.4965453660151,69.50700393000034,531.2936784733222
20.31738823042244,27.668927336718117,1007.2247244994813,97.18182680165373,532.0771224200668
17.679979733304982,35.355419189352716,994.8021099845381,26.693155302078004,545.2857041957511
38.28476870897611,28.66145710163393,996.0404998767724,58.89347823932921,506.2424366937888
9.374669879740965,35.3806915134179,1027.6644807651442,50.421353087712404,560.9586539336141
21.1499061339111,47.579310955073225,1023.7389044546503,92.69704980331747,518.7400324458948
29.704677366248102,31.5008245783242,1007.2053508630995,10.955730922926396,528.1793004794191
22.71693211224794,34.17032862929388,1027.2818961625335,99.02533606903847,524.4832106885991
37.23181454295524,49.520198013942355,993.634478317061,53.17608829352759,494.9941811241028
15.740765870010083,43.709402271366926,1018.1148262664926,66.29856825102377,537.8332461287549
19.083356425153944,50.72119683034225,1029.067922372143,42.40473002251439,531.6129364495158
4.4523702933744085,48.60446152674841,1027.7488903964063,86.72740027259489,554.9572702142717
24.75096533102521,60.44629142889359,1006.7752241973837,60.57891506065444,512.7518469158465
12.240266769476136,76.545425188172,1023.5355233875645,69.65298426247884,528.5196755028899
7.252052541107185,30.932538614433337,1009.2360665483945,68.40142372546089,558.8259752678521
22.236720423275816,30.45930821200572,1027.8062173975477,42.75839259079593,540.0880311559443
21.760100271816512,71.9043361099996,1013.884287756976,16.839189622595427,517.9784631565651
3.9589940077378545,52.85181875588525,1024.418567209727,82.6935603484645,553.2515735015251
28.23040268628444,67.15227629626432,993.5357212031253,36.074432726588576,507.19763915119205
25.327115435383263,36.84820469840048,1016.5511687223989,86.4037205629934,521.1751904811806
8.371674027113391,70.58744152421534,1014.7627879861202,64.77787079117437,535.7990642139887
19.307959624007708,75.81156433059827,1017.4489524780822,41.83335622877302,521.5454626542203
29.092593742663837,59.951565855056856,1021.3038723562015,63.482243407626044,509.6885106092201
21.647993881109784,30.823346181059122,1031.3149036515365,68.09434231252939,535.514092345719
16.42407397115924,74.24121477859863,1025.3556936799214,73.6015066982805,519.6968458376862
13.571199865156801,68.58682500535392,999.8837096145708,84.01043210563641,523.117649494504
24.80536079911809,66.29827770829695,1027.1653321181443,24.377944799618625,521.1946385611202
37.62523923409938,27.020050389825357,995.4935854926794,94.9729946291755,500.4585924315275
27.198048778621853,68.94293888913342,1017.9989363553781,46.97565529847598,509.6898892952101
3.9150902418163045,32.587305575759636,1029.7239213710675,87.44052685387396,562.0684214831944
18.966713965803216,37.23123969082886,994.5504924396707,29.843163583100665,541.1366314941888
35.742141128914476,56.74241591780917,1028.2361693989617,12.612607498424332,507.4642152828533
4.684034606242388,39.573942510428566,1025.937933040361,61.600963926056565,561.2936048938412
39.56615277336419,61.37415134715558,1012.6698945227582,39.219965116519504,493.03179958364575
38.01370635217143,58.44387462344949,1003.9003921032931,98.60158044531543,483.6433480579151
4.052704748465159,30.948227890729445,1008.2447202632195,19.400810924384462,576.7564106726876
37.40311949753264,61.08080187753285,1033.5896161065095,14.257257940316956,504.87522474863044
15.162171020119025,75.81752004037115,999.0763900268331,14.051603669781993,532.4516114770151
33.94365751595864,33.86104478522082,1016.0821929523453,29.518632570141506,518.8661481262629
17.316950170817588,57.83841115185881,993.7458336545408,62.12720047288045,524.9450528580052
18.19334939539812,43.802595456518176,999.8051878885127,55.50070362802226,534.0758724673486
25.735480548124162,50.278641947548216,1024.3492374633533,41.50682243502054,523.3556989591023
31.204619351763352,40.785009849343346,1003.6169568162237,17.991379667521834,517.0371278797242
2.317776886981697,44.47718499912324,1034.359473175323,31.036338531488692,571.6769328357442
24.133083825558238,26.59015027966065,1012.5367669392228,26.57323583062452,537.2859495527964
8.282586769797469,78.98534558544713,1013.2442696388484,77.11001534404436,529.80192713566
14.492031196664914,59.363995714001156,991.634163270108,80.19517447011827,526.2977563076591
14.570777980053442,52.53880747716369,1033.043703730977,79.93126117556378,534.7603007028256
19.29335326862499,46.104344222517966,997.8405048397988,97.21364899727338,519.9050555756783
14.031320063170762,54.66560073532152,1014.2253269464699,89.58141517006288,532.6303601284939
5.187083619576042,45.90582992936922,1007.8053574481429,54.80242724606544,557.885221294404
6.679520802492606,44.794936012152036,1008.7013115335072,47.344241881824864,560.8306353875441
2.304081436882809,50.51705979471072,1018.9485074716249,92.41916659385156,554.6053018556876
19.33971432782142,40.17906685191549,1019.7939904691615,65.0102726843332,535.2179356498191
38.22346009926655,34.9027444981732,996.9429876686144,36.495880032303575,504.433793797129
5.511333722276546,55.61332439991614,1012.4813993904852,60.801762494365065,548.997103957893
37.9043152271202,71.35209898826656,1025.5714852113836,99.29344804265136,480.0329542544928
29.601099074551648,33.405549774924076,1009.9478917598503,86.45230541371261,511.5329949405741
25.862453314432365,26.800388733232026,997.4612011871961,35.31517444535875,534.0141738681582
26.165832457618954,38.57464598347199,1004.0947624420511,95.76589833254953,518.2835241066682
33.242378287455004,78.8846353899596,999.5570803847281,98.33159003312043,482.9023287919374
5.169874710813033,70.58169405588366,995.6617860561677,30.80502634738737,549.9494450612046
20.685418619056126,57.77263294407281,1006.991150734591,90.60329066512071,516.9973811737163
28.186554392169583,76.10869033837247,1014.3421309439134,89.48824459289489,493.97850118229746
23.885997357868984,49.490351426048456,993.2738186374485,13.577821591063655,528.6427243103174
33.47838376990849,79.08043314163456,1017.1720517502682,70.27202737555183,486.73063499580775
3.818596651442708,41.29661248156062,1034.6860998076324,37.47526417280524,565.8209684975575
27.93734054046747,38.216816223376654,1033.3856219409038,70.71513638426882,519.87076851787
21.82708148500399,60.092651063085604,1027.3128066899621,92.22028247712191,517.1679300921325
15.787273695217793,45.798468237269816,1001.9853500761081,54.89013231905666,535.3265847456304
14.270724307127203,59.45010480869418,991.0083418415716,47.29715477097875,537.0260399383919
25.21247267819352,41.77475350664772,1027.5093766297282,92.93781440686756,520.3279156732503
35.74881961112633,58.98550412608951,992.5074104390421,97.67034259646793,486.67004280956223
